year,month_number,month_name,month_start,segment,brand,model,registrations,source_object_id
2025,1,Januar,2025-01-01,GELÄNDEWAGEN,AUDI,Q3,1215,20779
2025,1,Januar,2025-01-01,GELÄNDEWAGEN,AUDI,Q5,1856,20782
2025,1,Januar,2025-01-01,GELÄNDEWAGEN,AUDI,Q7,616,20788
2025,1,Januar,2025-01-01,GELÄNDEWAGEN,AUDI,Q8,913,20791
2025,1,Januar,2025-01-01,GELÄNDEWAGEN,BENTLEY,BENTAYGA,19,20794
2025,1,Januar,2025-01-01,GELÄNDEWAGEN,BMW,X3,1947,20797
2025,1,Januar,2025-01-01,GELÄNDEWAGEN,BMW,X4,316,20800
2025,1,Januar,2025-01-01,GELÄNDEWAGEN,BMW,X5,999,20803
2025,1,Januar,2025-01-01,GELÄNDEWAGEN,BMW,X6,234,20806
2025,1,Januar,2025-01-01,GELÄNDEWAGEN,BMW,X7,279,20809
2025,1,Januar,2025-01-01,GELÄNDEWAGEN,CADILLAC,ESCALADE,12,20812
2025,1,Januar,2025-01-01,GELÄNDEWAGEN,HYUNDAI,SANTA FE,292,20815
2025,1,Januar,2025-01-01,GELÄNDEWAGEN,INEOS,GRENADIER,21,20818
2025,1,Januar,2025-01-01,GELÄNDEWAGEN,JAGUAR,E-PACE,2,20821
2025,1,Januar,2025-01-01,GELÄNDEWAGEN,JAGUAR,F-PACE,75,20823
2025,1,Januar,2025-01-01,GELÄNDEWAGEN,JEEP,COMPASS,332,20830
2025,1,Januar,2025-01-01,GELÄNDEWAGEN,JEEP,GRAND CHEROKEE,6,20833
2025,1,Januar,2025-01-01,GELÄNDEWAGEN,JEEP,RENEGADE,70,20836
2025,1,Januar,2025-01-01,GELÄNDEWAGEN,JEEP,WRANGLER,99,20839
2025,1,Januar,2025-01-01,GELÄNDEWAGEN,KIA,SORENTO,158,20842
2025,1,Januar,2025-01-01,GELÄNDEWAGEN,LAMBORGHINI,URUS,57,20845
2025,1,Januar,2025-01-01,GELÄNDEWAGEN,LAND ROVER,DEFENDER,310,20848
2025,1,Januar,2025-01-01,GELÄNDEWAGEN,LAND ROVER,DISCOVERY,49,20851
2025,1,Januar,2025-01-01,GELÄNDEWAGEN,LAND ROVER,DISCOVERY SPORT,88,20854
2025,1,Januar,2025-01-01,GELÄNDEWAGEN,LAND ROVER,RANGE ROVER,186,20857
2025,1,Januar,2025-01-01,GELÄNDEWAGEN,LAND ROVER,RANGE ROVER EVOQUE,218,20860
2025,1,Januar,2025-01-01,GELÄNDEWAGEN,LAND ROVER,RANGE ROVER SPORT,204,20862
2025,1,Januar,2025-01-01,GELÄNDEWAGEN,LAND ROVER,RANGE ROVER VELAR,167,20865
2025,1,Januar,2025-01-01,GELÄNDEWAGEN,MERCEDES,G-KLASSE,812,20868
2025,1,Januar,2025-01-01,GELÄNDEWAGEN,MERCEDES,"GL-KLASSE, GLS",191,20871
2025,1,Januar,2025-01-01,GELÄNDEWAGEN,MERCEDES,"ML-KLASSE, GLE",839,20874
2025,1,Januar,2025-01-01,GELÄNDEWAGEN,NISSAN,X-TRAIL,430,20877
2025,1,Januar,2025-01-01,GELÄNDEWAGEN,PORSCHE,CAYENNE,494,20880
2025,1,Januar,2025-01-01,GELÄNDEWAGEN,PORSCHE,MACAN,519,20883
2025,1,Januar,2025-01-01,GELÄNDEWAGEN,SKODA,KODIAQ,2092,20886
2025,1,Januar,2025-01-01,GELÄNDEWAGEN,SSANGYONG,REXTON,43,20889
2025,1,Januar,2025-01-01,GELÄNDEWAGEN,SUBARU,FORESTER,108,20892
2025,1,Januar,2025-01-01,GELÄNDEWAGEN,SUZUKI,JIMNY,1,20895
2025,1,Januar,2025-01-01,GELÄNDEWAGEN,TOYOTA,LANDCRUISER,183,20923
2025,1,Januar,2025-01-01,GELÄNDEWAGEN,VOLVO,XC40,691,20926
2025,1,Januar,2025-01-01,GELÄNDEWAGEN,VOLVO,XC60,2783,20929
2025,1,Januar,2025-01-01,GELÄNDEWAGEN,VOLVO,XC90,755,20932
2025,1,Januar,2025-01-01,GELÄNDEWAGEN,VW,TIGUAN,6657,20934
2025,1,Januar,2025-01-01,GELÄNDEWAGEN,VW,TOUAREG,458,20936
2025,1,Januar,2025-01-01,GROSSRAUM-VANS,DACIA,JOGGER,1201,21015
2025,1,Januar,2025-01-01,GROSSRAUM-VANS,FIAT,ULYSSE,1,21017
2025,1,Januar,2025-01-01,GROSSRAUM-VANS,LEXUS,LM,24,21019
2025,1,Januar,2025-01-01,GROSSRAUM-VANS,MERCEDES,V-KLASSE,2198,21021
2025,1,Januar,2025-01-01,GROSSRAUM-VANS,PEUGEOT,5008,247,21023
2025,1,Januar,2025-01-01,GROSSRAUM-VANS,RENAULT,ESPACE,126,21025
2025,1,Januar,2025-01-01,GROSSRAUM-VANS,VW,TOURAN,1276,21027
2025,1,Januar,2025-01-01,KLEINWAGEN,ALPINE,A290,46,18718
2025,1,Januar,2025-01-01,KLEINWAGEN,AUDI,A1,1086,18719
2025,1,Januar,2025-01-01,KLEINWAGEN,CITROEN,C3,686,18720
2025,1,Januar,2025-01-01,KLEINWAGEN,DS,3,15,18721
2025,1,Januar,2025-01-01,KLEINWAGEN,FORD,PUMA,1419,18722
2025,1,Januar,2025-01-01,KLEINWAGEN,HONDA,JAZZ,97,18723
2025,1,Januar,2025-01-01,KLEINWAGEN,HYUNDAI,I 20,598,18724
2025,1,Januar,2025-01-01,KLEINWAGEN,HYUNDAI,INSTER,408,18725
2025,1,Januar,2025-01-01,KLEINWAGEN,MAZDA,2,368,18726
2025,1,Januar,2025-01-01,KLEINWAGEN,MG ROEWE,3,177,18727
2025,1,Januar,2025-01-01,KLEINWAGEN,MINI,MINI,2239,18728
2025,1,Januar,2025-01-01,KLEINWAGEN,MITSUBISHI,COLT,880,18729
2025,1,Januar,2025-01-01,KLEINWAGEN,MITSUBISHI,"MIRAGE, SPACE STAR",742,18730
2025,1,Januar,2025-01-01,KLEINWAGEN,NISSAN,JUKE,381,18731
2025,1,Januar,2025-01-01,KLEINWAGEN,OPEL,CORSA,2464,18732
2025,1,Januar,2025-01-01,KLEINWAGEN,PEUGEOT,208,1948,18733
2025,1,Januar,2025-01-01,KLEINWAGEN,RENAULT,CLIO,997,18734
2025,1,Januar,2025-01-01,KLEINWAGEN,RENAULT,R5,347,18735
2025,1,Januar,2025-01-01,KLEINWAGEN,RENAULT,ZOE,2,18736
2025,1,Januar,2025-01-01,KLEINWAGEN,SEAT,IBIZA,1157,18737
2025,1,Januar,2025-01-01,KLEINWAGEN,SKODA,FABIA,1770,18738
2025,1,Januar,2025-01-01,KLEINWAGEN,SUZUKI,IGNIS,40,18739
2025,1,Januar,2025-01-01,KLEINWAGEN,SUZUKI,SWIFT,685,18740
2025,1,Januar,2025-01-01,KLEINWAGEN,TOYOTA,YARIS,1703,18741
2025,1,Januar,2025-01-01,KLEINWAGEN,VW,POLO,2458,18742
2025,1,Januar,2025-01-01,KOMPAKTKLASSE,AUDI,A3,2321,18743
2025,1,Januar,2025-01-01,KOMPAKTKLASSE,BMW,1ER,1463,18744
2025,1,Januar,2025-01-01,KOMPAKTKLASSE,BMW,2ER,1198,18745
2025,1,Januar,2025-01-01,KOMPAKTKLASSE,BYD,DOLPHIN,54,18746
2025,1,Januar,2025-01-01,KOMPAKTKLASSE,CITROEN,C4,502,18747
2025,1,Januar,2025-01-01,KOMPAKTKLASSE,DACIA,LOGAN,7,18748
2025,1,Januar,2025-01-01,KOMPAKTKLASSE,DACIA,SANDERO,2333,18749
2025,1,Januar,2025-01-01,KOMPAKTKLASSE,DS,4,115,18750
2025,1,Januar,2025-01-01,KOMPAKTKLASSE,FIAT,TIPO,59,18751
2025,1,Januar,2025-01-01,KOMPAKTKLASSE,FORD,FOCUS,1324,18752
2025,1,Januar,2025-01-01,KOMPAKTKLASSE,GWM,ORA 03,65,18753
2025,1,Januar,2025-01-01,KOMPAKTKLASSE,HONDA,CIVIC,44,18754
2025,1,Januar,2025-01-01,KOMPAKTKLASSE,HYUNDAI,I 30,667,18755
2025,1,Januar,2025-01-01,KOMPAKTKLASSE,KIA,CEED,1372,18756
2025,1,Januar,2025-01-01,KOMPAKTKLASSE,KIA,CERATO,3,18757
2025,1,Januar,2025-01-01,KOMPAKTKLASSE,MAZDA,3,270,18758
2025,1,Januar,2025-01-01,KOMPAKTKLASSE,MAZDA,MX-5,56,18759
2025,1,Januar,2025-01-01,KOMPAKTKLASSE,MERCEDES,A-KLASSE,645,18760
2025,1,Januar,2025-01-01,KOMPAKTKLASSE,MG ROEWE,4,320,18761
2025,1,Januar,2025-01-01,KOMPAKTKLASSE,NISSAN,LEAF,5,18762
2025,1,Januar,2025-01-01,KOMPAKTKLASSE,OPEL,ASTRA,1874,18763
2025,1,Januar,2025-01-01,KOMPAKTKLASSE,PEUGEOT,308,714,18764
2025,1,Januar,2025-01-01,KOMPAKTKLASSE,RENAULT,MEGANE,33,18765
2025,1,Januar,2025-01-01,KOMPAKTKLASSE,SEAT,BORN,1893,18766
2025,1,Januar,2025-01-01,KOMPAKTKLASSE,SEAT,LEON,3922,18767
2025,1,Januar,2025-01-01,KOMPAKTKLASSE,SKODA,OCTAVIA,4078,18768
2025,1,Januar,2025-01-01,KOMPAKTKLASSE,SKODA,SCALA,423,18769
2025,1,Januar,2025-01-01,KOMPAKTKLASSE,SUBARU,IMPREZA,2,18770
2025,1,Januar,2025-01-01,KOMPAKTKLASSE,SUZUKI,SWACE,23,18771
2025,1,Januar,2025-01-01,KOMPAKTKLASSE,TOYOTA,COROLLA,533,18772
2025,1,Januar,2025-01-01,KOMPAKTKLASSE,TOYOTA,PRIUS,22,18773
2025,1,Januar,2025-01-01,KOMPAKTKLASSE,VW,GOLF,7687,18774
2025,1,Januar,2025-01-01,KOMPAKTKLASSE,VW,ID.3,2014,18775
2025,1,Januar,2025-01-01,MINI-VANS,KIA,SOUL,7,21006
2025,1,Januar,2025-01-01,MINI-VANS,MERCEDES,B-KLASSE,1024,21009
2025,1,Januar,2025-01-01,MINI-VANS,PEUGEOT,3008,664,21011
2025,1,Januar,2025-01-01,MINI-VANS,RENAULT,SCENIC,143,21013
2025,1,Januar,2025-01-01,MINIS,DACIA,SPRING,868,18709
2025,1,Januar,2025-01-01,MINIS,FIAT,500,169,18710
2025,1,Januar,2025-01-01,MINIS,FIAT,PANDA,256,18711
2025,1,Januar,2025-01-01,MINIS,HYUNDAI,I 10,1117,18712
2025,1,Januar,2025-01-01,MINIS,KIA,PICANTO,887,18713
2025,1,Januar,2025-01-01,MINIS,LEAPMOTOR,T03,127,18714
2025,1,Januar,2025-01-01,MINIS,RENAULT,TWINGO,8,18715
2025,1,Januar,2025-01-01,MINIS,TOYOTA,AYGO,1089,18716
2025,1,Januar,2025-01-01,MINIS,VW,UP,8,18717
2025,1,Januar,2025-01-01,MITTELKLASSE,ALFA ROMEO,GIULIA,94,18776
2025,1,Januar,2025-01-01,MITTELKLASSE,AUDI,A4,479,18777
2025,1,Januar,2025-01-01,MITTELKLASSE,AUDI,A5,1416,18778
2025,1,Januar,2025-01-01,MITTELKLASSE,BMW,3ER,2046,18779
2025,1,Januar,2025-01-01,MITTELKLASSE,BMW,4ER,1441,18780
2025,1,Januar,2025-01-01,MITTELKLASSE,BYD,SEAL,50,18781
2025,1,Januar,2025-01-01,MITTELKLASSE,CITROEN,C5,916,18782
2025,1,Januar,2025-01-01,MITTELKLASSE,FORD,MONDEO,1,18783
2025,1,Januar,2025-01-01,MITTELKLASSE,GWM,ORA 07,5,18784
2025,1,Januar,2025-01-01,MITTELKLASSE,HYUNDAI,G70,1,18785
2025,1,Januar,2025-01-01,MITTELKLASSE,HYUNDAI,IONIQ6,132,18786
2025,1,Januar,2025-01-01,MITTELKLASSE,KIA,STINGER,1,18787
2025,1,Januar,2025-01-01,MITTELKLASSE,MAZDA,6,62,18788
2025,1,Januar,2025-01-01,MITTELKLASSE,MERCEDES,C-KLASSE,1979,18789
2025,1,Januar,2025-01-01,MITTELKLASSE,MERCEDES,CLA-KLASSE,738,18790
2025,1,Januar,2025-01-01,MITTELKLASSE,MG ROEWE,5,178,18791
2025,1,Januar,2025-01-01,MITTELKLASSE,NIO,ET5,5,18792
2025,1,Januar,2025-01-01,MITTELKLASSE,PEUGEOT,408,293,18793
2025,1,Januar,2025-01-01,MITTELKLASSE,PEUGEOT,508,26,18794
2025,1,Januar,2025-01-01,MITTELKLASSE,POLESTAR,2,64,18795
2025,1,Januar,2025-01-01,MITTELKLASSE,SKODA,SUPERB,1328,18796
2025,1,Januar,2025-01-01,MITTELKLASSE,TESLA,MODEL 3,272,18797
2025,1,Januar,2025-01-01,MITTELKLASSE,VOLVO,60,343,18798
2025,1,Januar,2025-01-01,MITTELKLASSE,VW,ARTEON,290,18799
2025,1,Januar,2025-01-01,MITTELKLASSE,VW,PASSAT,3776,18800
2025,1,Januar,2025-01-01,OBERE MITTELKLASSE,AUDI,A6,1711,18801
2025,1,Januar,2025-01-01,OBERE MITTELKLASSE,BMW,5ER,2559,18802
2025,1,Januar,2025-01-01,OBERE MITTELKLASSE,DS,9,7,18803
2025,1,Januar,2025-01-01,OBERE MITTELKLASSE,HYUNDAI,G80,1,18804
2025,1,Januar,2025-01-01,OBERE MITTELKLASSE,LEXUS,ES,6,18805
2025,1,Januar,2025-01-01,OBERE MITTELKLASSE,MERCEDES,CLE,680,18806
2025,1,Januar,2025-01-01,OBERE MITTELKLASSE,MERCEDES,E-KLASSE,2751,18807
2025,1,Januar,2025-01-01,OBERE MITTELKLASSE,SUBARU,OUTBACK,89,18808
2025,1,Januar,2025-01-01,OBERE MITTELKLASSE,TOYOTA,MIRAI,2,18809
2025,1,Januar,2025-01-01,OBERE MITTELKLASSE,VOLVO,90,89,18810
2025,1,Januar,2025-01-01,OBERE MITTELKLASSE,VW,ID.7,3140,18811
2025,1,Januar,2025-01-01,OBERE MITTELKLASSE,XPENG,P7,5,18812
2025,1,Januar,2025-01-01,OBERKLASSE,AUDI,A7,149,18813
2025,1,Januar,2025-01-01,OBERKLASSE,AUDI,A8,176,18814
2025,1,Januar,2025-01-01,OBERKLASSE,AUDI,E-TRON GT,106,18815
2025,1,Januar,2025-01-01,OBERKLASSE,BENTLEY,CONTINENTAL,42,18816
2025,1,Januar,2025-01-01,OBERKLASSE,BMW,7ER,164,18817
2025,1,Januar,2025-01-01,OBERKLASSE,BMW,8ER,43,18818
2025,1,Januar,2025-01-01,OBERKLASSE,HYUNDAI,G90,2,18819
2025,1,Januar,2025-01-01,OBERKLASSE,LOTUS,EMEYA,3,18820
2025,1,Januar,2025-01-01,OBERKLASSE,LUCID,AIR,19,18821
2025,1,Januar,2025-01-01,OBERKLASSE,MASERATI,GHIBLI,1,18822
2025,1,Januar,2025-01-01,OBERKLASSE,MERCEDES,S-KLASSE,424,18823
2025,1,Januar,2025-01-01,OBERKLASSE,NIO,ET7,4,18824
2025,1,Januar,2025-01-01,OBERKLASSE,PORSCHE,PANAMERA,141,18825
2025,1,Januar,2025-01-01,OBERKLASSE,PORSCHE,TAYCAN,209,18826
2025,1,Januar,2025-01-01,OBERKLASSE,ROLLS ROYCE,SPECTRE,8,18827
2025,1,Januar,2025-01-01,OBERKLASSE,TESLA,MODEL S,13,18828
2025,1,Januar,2025-01-01,SONSTIGE,ALPINE,SONSTIGE,5,21251
2025,1,Januar,2025-01-01,SONSTIGE,AUDI,SONSTIGE,56,21254
2025,1,Januar,2025-01-01,SONSTIGE,BMW,SONSTIGE,78,21257
2025,1,Januar,2025-01-01,SONSTIGE,BYD,SONSTIGE,6,21260
2025,1,Januar,2025-01-01,SONSTIGE,FERRARI,SONSTIGE,5,21263
2025,1,Januar,2025-01-01,SONSTIGE,FORD,SONSTIGE,4,21305
2025,1,Januar,2025-01-01,SONSTIGE,KIA,SONSTIGE,8,21306
2025,1,Januar,2025-01-01,SONSTIGE,LAMBORGHINI,SONSTIGE,35,21308
2025,1,Januar,2025-01-01,SONSTIGE,MASERATI,SONSTIGE,2,21309
2025,1,Januar,2025-01-01,SONSTIGE,MAXUS,SONSTIGE,7,21311
2025,1,Januar,2025-01-01,SONSTIGE,MERCEDES,SONSTIGE,3,21313
2025,1,Januar,2025-01-01,SONSTIGE,MITSUBISHI,SONSTIGE,1,21315
2025,1,Januar,2025-01-01,SONSTIGE,MORGAN,SONSTIGE,4,21317
2025,1,Januar,2025-01-01,SONSTIGE,NISSAN,SONSTIGE,1,21319
2025,1,Januar,2025-01-01,SONSTIGE,PORSCHE,SONSTIGE,112,21321
2025,1,Januar,2025-01-01,SONSTIGE,ROLLS ROYCE,SONSTIGE,18,21323
2025,1,Januar,2025-01-01,SONSTIGE,SEAT,SONSTIGE,1,21325
2025,1,Januar,2025-01-01,SONSTIGE,SKODA,SONSTIGE,1,21327
2025,1,Januar,2025-01-01,SONSTIGE,SONSTIGE,SONSTIGE,1026,21329
2025,1,Januar,2025-01-01,SONSTIGE,SUZUKI,SONSTIGE,2,21331
2025,1,Januar,2025-01-01,SONSTIGE,TOYOTA,SONSTIGE,1,21333
2025,1,Januar,2025-01-01,SONSTIGE,VW,SONSTIGE,49,21335
2025,1,Januar,2025-01-01,SPORTWAGEN,ALPINE,A110,28,20939
2025,1,Januar,2025-01-01,SPORTWAGEN,AUDI,R8,2,20942
2025,1,Januar,2025-01-01,SPORTWAGEN,AUDI,TT,3,20945
2025,1,Januar,2025-01-01,SPORTWAGEN,BMW,Z4,128,20948
2025,1,Januar,2025-01-01,SPORTWAGEN,FERRARI,12CILINDRI,16,20951
2025,1,Januar,2025-01-01,SPORTWAGEN,FERRARI,296,42,20954
2025,1,Januar,2025-01-01,SPORTWAGEN,FERRARI,ROMA,17,20957
2025,1,Januar,2025-01-01,SPORTWAGEN,FERRARI,SF90,19,20960
2025,1,Januar,2025-01-01,SPORTWAGEN,FORD,MUSTANG,123,20963
2025,1,Januar,2025-01-01,SPORTWAGEN,LEXUS,LC,4,20966
2025,1,Januar,2025-01-01,SPORTWAGEN,LOTUS,EMIRA,17,20969
2025,1,Januar,2025-01-01,SPORTWAGEN,MASERATI,GRANTURISMO,4,20971
2025,1,Januar,2025-01-01,SPORTWAGEN,MERCEDES,AMG GT,69,20973
2025,1,Januar,2025-01-01,SPORTWAGEN,MERCEDES,SL,33,20976
2025,1,Januar,2025-01-01,SPORTWAGEN,MG ROEWE,CYBERSTER,49,20979
2025,1,Januar,2025-01-01,SPORTWAGEN,PORSCHE,911,859,20982
2025,1,Januar,2025-01-01,SPORTWAGEN,PORSCHE,BOXSTER,7,20985
2025,1,Januar,2025-01-01,SPORTWAGEN,PORSCHE,CAYMAN,45,20988
2025,1,Januar,2025-01-01,SPORTWAGEN,SONSTIGE,SONSTIGE,14,20991
2025,1,Januar,2025-01-01,SPORTWAGEN,SUBARU,BRZ,17,20994
2025,1,Januar,2025-01-01,SPORTWAGEN,TOYOTA,GR 86,3,20997
2025,1,Januar,2025-01-01,SPORTWAGEN,TOYOTA,SUPRA,9,21000
2025,1,Januar,2025-01-01,SUVs,ALFA ROMEO,JUNIOR,318,18829
2025,1,Januar,2025-01-01,SUVs,ALFA ROMEO,STELVIO,105,18830
2025,1,Januar,2025-01-01,SUVs,ALFA ROMEO,TONALE,55,18831
2025,1,Januar,2025-01-01,SUVs,AUDI,Q2,872,18832
2025,1,Januar,2025-01-01,SUVs,AUDI,Q4,1001,18833
2025,1,Januar,2025-01-01,SUVs,AUDI,Q6,667,18834
2025,1,Januar,2025-01-01,SUVs,BMW,IX,161,18835
2025,1,Januar,2025-01-01,SUVs,BMW,X1,2490,18836
2025,1,Januar,2025-01-01,SUVs,BMW,X2,607,18837
2025,1,Januar,2025-01-01,SUVs,BMW,XM,75,18838
2025,1,Januar,2025-01-01,SUVs,BYD,ATTO 2,10,18839
2025,1,Januar,2025-01-01,SUVs,BYD,ATTO 3,29,18840
2025,1,Januar,2025-01-01,SUVs,BYD,SEAL U,56,18841
2025,1,Januar,2025-01-01,SUVs,BYD,SEALION 7,20,20075
2025,1,Januar,2025-01-01,SUVs,BYD,TANG,10,20420
2025,1,Januar,2025-01-01,SUVs,CADILLAC,XT4,2,20463
2025,1,Januar,2025-01-01,SUVs,DACIA,DUSTER,1319,20465
2025,1,Januar,2025-01-01,SUVs,DS,7,120,20467
2025,1,Januar,2025-01-01,SUVs,FERRARI,PUROSANGUE,32,20469
2025,1,Januar,2025-01-01,SUVs,FIAT,600,566,20470
2025,1,Januar,2025-01-01,SUVs,FISKER,OCEAN,1,20471
2025,1,Januar,2025-01-01,SUVs,FORD,CAPRI,64,20472
2025,1,Januar,2025-01-01,SUVs,FORD,ECOSPORT,4,20473
2025,1,Januar,2025-01-01,SUVs,FORD,EXPLORER,295,20475
2025,1,Januar,2025-01-01,SUVs,FORD,KUGA,1149,20477
2025,1,Januar,2025-01-01,SUVs,FORD,MUSTANG MACH-E,26,20479
2025,1,Januar,2025-01-01,SUVs,GWM,WEY 03,22,20481
2025,1,Januar,2025-01-01,SUVs,GWM,WEY 05,238,20483
2025,1,Januar,2025-01-01,SUVs,HONDA,CR-V,108,20485
2025,1,Januar,2025-01-01,SUVs,HONDA,HR-V,137,20487
2025,1,Januar,2025-01-01,SUVs,HONDA,ZR-V,42,20489
2025,1,Januar,2025-01-01,SUVs,HYUNDAI,BAYON,318,20491
2025,1,Januar,2025-01-01,SUVs,HYUNDAI,GV60,11,20493
2025,1,Januar,2025-01-01,SUVs,HYUNDAI,GV70,31,20495
2025,1,Januar,2025-01-01,SUVs,HYUNDAI,GV80,6,20497
2025,1,Januar,2025-01-01,SUVs,HYUNDAI,IONIQ5,506,20499
2025,1,Januar,2025-01-01,SUVs,HYUNDAI,KONA,743,20500
2025,1,Januar,2025-01-01,SUVs,HYUNDAI,TUCSON,1303,20543
2025,1,Januar,2025-01-01,SUVs,JEEP,AVENGER,490,20545
2025,1,Januar,2025-01-01,SUVs,KIA,EV3,386,20547
2025,1,Januar,2025-01-01,SUVs,KIA,EV6,327,20550
2025,1,Januar,2025-01-01,SUVs,KIA,EV9,168,20553
2025,1,Januar,2025-01-01,SUVs,KIA,NIRO,221,20556
2025,1,Januar,2025-01-01,SUVs,KIA,SPORTAGE,1045,20559
2025,1,Januar,2025-01-01,SUVs,KIA,STONIC,377,20562
2025,1,Januar,2025-01-01,SUVs,LEAPMOTOR,C10,28,20565
2025,1,Januar,2025-01-01,SUVs,LEXUS,LBX,105,20568
2025,1,Januar,2025-01-01,SUVs,LEXUS,NX,149,20571
2025,1,Januar,2025-01-01,SUVs,LEXUS,RX,27,20574
2025,1,Januar,2025-01-01,SUVs,LEXUS,RZ,4,20577
2025,1,Januar,2025-01-01,SUVs,LEXUS,UX,29,20580
2025,1,Januar,2025-01-01,SUVs,LOTUS,ELETRE,22,20583
2025,1,Januar,2025-01-01,SUVs,LYNK & CO,01,4,20585
2025,1,Januar,2025-01-01,SUVs,MASERATI,GRECALE,31,20587
2025,1,Januar,2025-01-01,SUVs,MASERATI,LEVANTE,8,20588
2025,1,Januar,2025-01-01,SUVs,MAZDA,CX-30,757,20590
2025,1,Januar,2025-01-01,SUVs,MAZDA,CX-5,314,20595
2025,1,Januar,2025-01-01,SUVs,MAZDA,CX-60,244,20596
2025,1,Januar,2025-01-01,SUVs,MAZDA,CX-80,184,20598
2025,1,Januar,2025-01-01,SUVs,MAZDA,MX-30,35,20600
2025,1,Januar,2025-01-01,SUVs,MERCEDES,GLA,1424,20602
2025,1,Januar,2025-01-01,SUVs,MERCEDES,GLB,998,20604
2025,1,Januar,2025-01-01,SUVs,MERCEDES,"GLK, GLC",3143,20606
2025,1,Januar,2025-01-01,SUVs,MG ROEWE,MARVEL,173,20608
2025,1,Januar,2025-01-01,SUVs,MG ROEWE,RX6,108,20610
2025,1,Januar,2025-01-01,SUVs,MG ROEWE,ZS,640,20612
2025,1,Januar,2025-01-01,SUVs,MITSUBISHI,ASX,211,20614
2025,1,Januar,2025-01-01,SUVs,MITSUBISHI,ECLIPSE CROSS,90,20617
2025,1,Januar,2025-01-01,SUVs,NIO,EL6,3,20620
2025,1,Januar,2025-01-01,SUVs,NIO,ES8,6,20623
2025,1,Januar,2025-01-01,SUVs,NISSAN,ARIYA,158,20625
2025,1,Januar,2025-01-01,SUVs,NISSAN,QASHQAI,946,20627
2025,1,Januar,2025-01-01,SUVs,OPEL,CROSSLAND X,43,20628
2025,1,Januar,2025-01-01,SUVs,OPEL,FRONTERA,3,20629
2025,1,Januar,2025-01-01,SUVs,OPEL,GRANDLAND X,976,20631
2025,1,Januar,2025-01-01,SUVs,OPEL,MOKKA,1333,20633
2025,1,Januar,2025-01-01,SUVs,PEUGEOT,2008,854,20635
2025,1,Januar,2025-01-01,SUVs,POLESTAR,3,6,20637
2025,1,Januar,2025-01-01,SUVs,POLESTAR,4,165,20639
2025,1,Januar,2025-01-01,SUVs,RENAULT,ARKANA,411,20641
2025,1,Januar,2025-01-01,SUVs,RENAULT,AUSTRAL,563,20643
2025,1,Januar,2025-01-01,SUVs,RENAULT,CAPTUR,609,20645
2025,1,Januar,2025-01-01,SUVs,RENAULT,KOLEOS,1,20647
2025,1,Januar,2025-01-01,SUVs,RENAULT,RAFALE,178,20649
2025,1,Januar,2025-01-01,SUVs,RENAULT,SYMBIOZ,211,20651
2025,1,Januar,2025-01-01,SUVs,SEAT,ARONA,1322,20653
2025,1,Januar,2025-01-01,SUVs,SEAT,ATECA,1471,20655
2025,1,Januar,2025-01-01,SUVs,SEAT,FORMENTOR,2605,20657
2025,1,Januar,2025-01-01,SUVs,SEAT,TARRACO,21,20659
2025,1,Januar,2025-01-01,SUVs,SEAT,TAVASCAN,825,20661
2025,1,Januar,2025-01-01,SUVs,SEAT,TERRAMAR,629,20663
2025,1,Januar,2025-01-01,SUVs,SKODA,ELROQ,280,20664
2025,1,Januar,2025-01-01,SUVs,SKODA,ENYAQ,3056,20706
2025,1,Januar,2025-01-01,SUVs,SKODA,KAMIQ,1619,20707
2025,1,Januar,2025-01-01,SUVs,SKODA,KAROQ,1879,20709
2025,1,Januar,2025-01-01,SUVs,SMART,1,355,20711
2025,1,Januar,2025-01-01,SUVs,SMART,3,135,20713
2025,1,Januar,2025-01-01,SUVs,SSANGYONG,KORANDO,135,20715
2025,1,Januar,2025-01-01,SUVs,SSANGYONG,TIVOLI,96,20717
2025,1,Januar,2025-01-01,SUVs,SSANGYONG,TORRES,66,20718
2025,1,Januar,2025-01-01,SUVs,SUBARU,CROSSTREK,61,20719
2025,1,Januar,2025-01-01,SUVs,SUBARU,SOLTERRA,4,20721
2025,1,Januar,2025-01-01,SUVs,SUZUKI,ACROSS,43,20723
2025,1,Januar,2025-01-01,SUVs,SUZUKI,SX4,163,20725
2025,1,Januar,2025-01-01,SUVs,SUZUKI,VITARA,415,20727
2025,1,Januar,2025-01-01,SUVs,TESLA,MODEL X,13,20730
2025,1,Januar,2025-01-01,SUVs,TESLA,MODEL Y,979,20733
2025,1,Januar,2025-01-01,SUVs,TOYOTA,BZ4,587,20736
2025,1,Januar,2025-01-01,SUVs,TOYOTA,C-HR,622,20739
2025,1,Januar,2025-01-01,SUVs,TOYOTA,HIGHLANDER,1,20742
2025,1,Januar,2025-01-01,SUVs,TOYOTA,RAV 4,294,20745
2025,1,Januar,2025-01-01,SUVs,VINFAST,VF 6,5,20747
2025,1,Januar,2025-01-01,SUVs,VINFAST,VF 8,23,20749
2025,1,Januar,2025-01-01,SUVs,VOLVO,C40,86,20751
2025,1,Januar,2025-01-01,SUVs,VOLVO,EX30,535,20753
2025,1,Januar,2025-01-01,SUVs,VOLVO,EX90,102,20755
2025,1,Januar,2025-01-01,SUVs,VW,"ID.4, ID.5",2678,20758
2025,1,Januar,2025-01-01,SUVs,VW,T-CROSS,2343,20761
2025,1,Januar,2025-01-01,SUVs,VW,T-ROC,6459,20764
2025,1,Januar,2025-01-01,SUVs,VW,TAIGO,1696,20767
2025,1,Januar,2025-01-01,SUVs,VW,TAYRON,39,20770
2025,1,Januar,2025-01-01,SUVs,XPENG,G6,48,20773
2025,1,Januar,2025-01-01,SUVs,XPENG,G9,41,20776
2025,1,Januar,2025-01-01,UTILITIES,CITROEN,BERLINGO,479,21029
2025,1,Januar,2025-01-01,UTILITIES,CITROEN,JUMPER,14,21031
2025,1,Januar,2025-01-01,UTILITIES,CITROEN,JUMPY,212,21033
2025,1,Januar,2025-01-01,UTILITIES,FIAT,DUCATO,22,21035
2025,1,Januar,2025-01-01,UTILITIES,FORD,TRANSIT CONNECT,405,21037
2025,1,Januar,2025-01-01,UTILITIES,FORD,TRANSIT COURIER,339,21039
2025,1,Januar,2025-01-01,UTILITIES,FORD,TRANSIT CUSTOM,1960,21041
2025,1,Januar,2025-01-01,UTILITIES,FORD,"TRANSIT, TOURNEO",150,21043
2025,1,Januar,2025-01-01,UTILITIES,HYUNDAI,STARIA,27,21044
2025,1,Januar,2025-01-01,UTILITIES,IVECO,DAILY,4,21048
2025,1,Januar,2025-01-01,UTILITIES,MAN,TGE,71,21051
2025,1,Januar,2025-01-01,UTILITIES,MERCEDES,CITAN,589,21054
2025,1,Januar,2025-01-01,UTILITIES,MERCEDES,SPRINTER,256,21057
2025,1,Januar,2025-01-01,UTILITIES,MERCEDES,VITO,477,21060
2025,1,Januar,2025-01-01,UTILITIES,NISSAN,PRIMASTAR,65,21063
2025,1,Januar,2025-01-01,UTILITIES,NISSAN,TOWNSTAR,226,21066
2025,1,Januar,2025-01-01,UTILITIES,OPEL,COMBO,105,21069
2025,1,Januar,2025-01-01,UTILITIES,OPEL,MOVANO,2,21072
2025,1,Januar,2025-01-01,UTILITIES,OPEL,ZAFIRA LIFE,77,21075
2025,1,Januar,2025-01-01,UTILITIES,PEUGEOT,BOXER,1,21078
2025,1,Januar,2025-01-01,UTILITIES,PEUGEOT,EXPERT,48,21082
2025,1,Januar,2025-01-01,UTILITIES,PEUGEOT,RIFTER,46,21084
2025,1,Januar,2025-01-01,UTILITIES,RENAULT,KANGOO,285,21087
2025,1,Januar,2025-01-01,UTILITIES,RENAULT,TRAFIC,91,21090
2025,1,Januar,2025-01-01,UTILITIES,TOYOTA,PROACE,377,21093
2025,1,Januar,2025-01-01,UTILITIES,VW,CADDY,1890,21096
2025,1,Januar,2025-01-01,UTILITIES,VW,CRAFTER,62,21099
2025,1,Januar,2025-01-01,UTILITIES,VW,ID. BUZZ,390,21102
2025,1,Januar,2025-01-01,UTILITIES,VW,TRANSPORTER,2527,21105
2025,1,Januar,2025-01-01,WOHNMOBILE,CITROEN,JUMPER,497,21108
2025,1,Januar,2025-01-01,WOHNMOBILE,CITROEN,JUMPY,53,21111
2025,1,Januar,2025-01-01,WOHNMOBILE,FIAT,DUCATO,1325,21114
2025,1,Januar,2025-01-01,WOHNMOBILE,FIAT,SCUDO,1,21155
2025,1,Januar,2025-01-01,WOHNMOBILE,FORD,SONSTIGE,10,21157
2025,1,Januar,2025-01-01,WOHNMOBILE,FORD,TRANSIT CUSTOM,114,21159
2025,1,Januar,2025-01-01,WOHNMOBILE,FORD,"TRANSIT, TOURNEO",281,21162
2025,1,Januar,2025-01-01,WOHNMOBILE,IVECO,DAILY,50,21165
2025,1,Januar,2025-01-01,WOHNMOBILE,IVECO,EUROCARGO,1,21168
2025,1,Januar,2025-01-01,WOHNMOBILE,MAN,SONSTIGE,1,21171
2025,1,Januar,2025-01-01,WOHNMOBILE,MAN,TGE,33,21174
2025,1,Januar,2025-01-01,WOHNMOBILE,MAN,TGS,1,21177
2025,1,Januar,2025-01-01,WOHNMOBILE,MAN,TGX,1,21180
2025,1,Januar,2025-01-01,WOHNMOBILE,MERCEDES,ACTROS,3,21183
2025,1,Januar,2025-01-01,WOHNMOBILE,MERCEDES,AROCS,2,21186
2025,1,Januar,2025-01-01,WOHNMOBILE,MERCEDES,ATEGO,1,21189
2025,1,Januar,2025-01-01,WOHNMOBILE,MERCEDES,SONSTIGE,2,21195
2025,1,Januar,2025-01-01,WOHNMOBILE,MERCEDES,SPRINTER,296,21198
2025,1,Januar,2025-01-01,WOHNMOBILE,MERCEDES,V-KLASSE,130,21201
2025,1,Januar,2025-01-01,WOHNMOBILE,MERCEDES,VITO,20,21204
2025,1,Januar,2025-01-01,WOHNMOBILE,MITSUBISHI,SONSTIGE,1,21207
2025,1,Januar,2025-01-01,WOHNMOBILE,NISSAN,PRIMASTAR,6,21210
2025,1,Januar,2025-01-01,WOHNMOBILE,OPEL,MOVANO,20,21213
2025,1,Januar,2025-01-01,WOHNMOBILE,OPEL,VIVARO,3,21216
2025,1,Januar,2025-01-01,WOHNMOBILE,OPEL,ZAFIRA LIFE,30,21219
2025,1,Januar,2025-01-01,WOHNMOBILE,PEUGEOT,BOXER,109,21222
2025,1,Januar,2025-01-01,WOHNMOBILE,PEUGEOT,EXPERT,8,21225
2025,1,Januar,2025-01-01,WOHNMOBILE,RENAULT,MASTER,38,21228
2025,1,Januar,2025-01-01,WOHNMOBILE,RENAULT,TRAFIC,24,21230
2025,1,Januar,2025-01-01,WOHNMOBILE,SONSTIGE,SONSTIGE,32,21231
2025,1,Januar,2025-01-01,WOHNMOBILE,TOYOTA,LANDCRUISER,1,21233
2025,1,Januar,2025-01-01,WOHNMOBILE,TOYOTA,PROACE,3,21236
2025,1,Januar,2025-01-01,WOHNMOBILE,VOLVO,FH,1,21239
2025,1,Januar,2025-01-01,WOHNMOBILE,VW,CADDY,14,21242
2025,1,Januar,2025-01-01,WOHNMOBILE,VW,CRAFTER,145,21245
2025,1,Januar,2025-01-01,WOHNMOBILE,VW,TRANSPORTER,325,21248
2025,2,Februar,2025-02-01,GELÄNDEWAGEN,ASTON MARTIN,DBX,2,21529
2025,2,Februar,2025-02-01,GELÄNDEWAGEN,AUDI,Q3,1205,21530
2025,2,Februar,2025-02-01,GELÄNDEWAGEN,AUDI,Q5,1484,21531
2025,2,Februar,2025-02-01,GELÄNDEWAGEN,AUDI,Q7,418,21532
2025,2,Februar,2025-02-01,GELÄNDEWAGEN,AUDI,Q8,852,21533
2025,2,Februar,2025-02-01,GELÄNDEWAGEN,BENTLEY,BENTAYGA,16,21534
2025,2,Februar,2025-02-01,GELÄNDEWAGEN,BMW,X3,1422,21535
2025,2,Februar,2025-02-01,GELÄNDEWAGEN,BMW,X4,176,21536
2025,2,Februar,2025-02-01,GELÄNDEWAGEN,BMW,X5,682,21537
2025,2,Februar,2025-02-01,GELÄNDEWAGEN,BMW,X6,150,21538
2025,2,Februar,2025-02-01,GELÄNDEWAGEN,BMW,X7,133,21539
2025,2,Februar,2025-02-01,GELÄNDEWAGEN,CADILLAC,ESCALADE,8,21540
2025,2,Februar,2025-02-01,GELÄNDEWAGEN,HYUNDAI,SANTA FE,195,21541
2025,2,Februar,2025-02-01,GELÄNDEWAGEN,INEOS,GRENADIER,25,21542
2025,2,Februar,2025-02-01,GELÄNDEWAGEN,JAGUAR,F-PACE,35,21543
2025,2,Februar,2025-02-01,GELÄNDEWAGEN,JEEP,COMPASS,375,21544
2025,2,Februar,2025-02-01,GELÄNDEWAGEN,JEEP,GRAND CHEROKEE,12,21545
2025,2,Februar,2025-02-01,GELÄNDEWAGEN,JEEP,RENEGADE,57,21546
2025,2,Februar,2025-02-01,GELÄNDEWAGEN,JEEP,WRANGLER,183,21547
2025,2,Februar,2025-02-01,GELÄNDEWAGEN,KIA,SORENTO,122,21548
2025,2,Februar,2025-02-01,GELÄNDEWAGEN,LAMBORGHINI,URUS,96,21549
2025,2,Februar,2025-02-01,GELÄNDEWAGEN,LAND ROVER,DEFENDER,188,21550
2025,2,Februar,2025-02-01,GELÄNDEWAGEN,LAND ROVER,DISCOVERY,28,21551
2025,2,Februar,2025-02-01,GELÄNDEWAGEN,LAND ROVER,DISCOVERY SPORT,45,21552
2025,2,Februar,2025-02-01,GELÄNDEWAGEN,LAND ROVER,RANGE ROVER,129,21553
2025,2,Februar,2025-02-01,GELÄNDEWAGEN,LAND ROVER,RANGE ROVER EVOQUE,172,21554
2025,2,Februar,2025-02-01,GELÄNDEWAGEN,LAND ROVER,RANGE ROVER SPORT,193,21555
2025,2,Februar,2025-02-01,GELÄNDEWAGEN,LAND ROVER,RANGE ROVER VELAR,115,21556
2025,2,Februar,2025-02-01,GELÄNDEWAGEN,MERCEDES,G-KLASSE,509,21557
2025,2,Februar,2025-02-01,GELÄNDEWAGEN,MERCEDES,"GL-KLASSE, GLS",147,21558
2025,2,Februar,2025-02-01,GELÄNDEWAGEN,MERCEDES,"ML-KLASSE, GLE",674,21559
2025,2,Februar,2025-02-01,GELÄNDEWAGEN,NISSAN,X-TRAIL,365,21560
2025,2,Februar,2025-02-01,GELÄNDEWAGEN,PORSCHE,CAYENNE,514,21561
2025,2,Februar,2025-02-01,GELÄNDEWAGEN,PORSCHE,MACAN,459,21562
2025,2,Februar,2025-02-01,GELÄNDEWAGEN,SKODA,KODIAQ,2174,21563
2025,2,Februar,2025-02-01,GELÄNDEWAGEN,SSANGYONG,REXTON,29,21564
2025,2,Februar,2025-02-01,GELÄNDEWAGEN,SUBARU,FORESTER,127,21565
2025,2,Februar,2025-02-01,GELÄNDEWAGEN,TOYOTA,LANDCRUISER,68,21566
2025,2,Februar,2025-02-01,GELÄNDEWAGEN,VOLVO,XC40,1290,21567
2025,2,Februar,2025-02-01,GELÄNDEWAGEN,VOLVO,XC60,2207,21568
2025,2,Februar,2025-02-01,GELÄNDEWAGEN,VOLVO,XC90,834,21569
2025,2,Februar,2025-02-01,GELÄNDEWAGEN,VW,TIGUAN,5336,21570
2025,2,Februar,2025-02-01,GELÄNDEWAGEN,VW,TOUAREG,527,21571
2025,2,Februar,2025-02-01,GROSSRAUM-VANS,DACIA,JOGGER,1155,21598
2025,2,Februar,2025-02-01,GROSSRAUM-VANS,LEXUS,LM,19,21599
2025,2,Februar,2025-02-01,GROSSRAUM-VANS,MAXUS,MIFA 9,1,21600
2025,2,Februar,2025-02-01,GROSSRAUM-VANS,MERCEDES,V-KLASSE,1434,21601
2025,2,Februar,2025-02-01,GROSSRAUM-VANS,PEUGEOT,5008,245,21602
2025,2,Februar,2025-02-01,GROSSRAUM-VANS,RENAULT,ESPACE,152,21603
2025,2,Februar,2025-02-01,GROSSRAUM-VANS,VW,TOURAN,999,21604
2025,2,Februar,2025-02-01,KLEINWAGEN,ALPINE,A290,6,21365
2025,2,Februar,2025-02-01,KLEINWAGEN,AUDI,A1,955,21368
2025,2,Februar,2025-02-01,KLEINWAGEN,CITROEN,C3,888,21371
2025,2,Februar,2025-02-01,KLEINWAGEN,DS,3,1,21374
2025,2,Februar,2025-02-01,KLEINWAGEN,FORD,PUMA,1697,21377
2025,2,Februar,2025-02-01,KLEINWAGEN,HONDA,JAZZ,131,21380
2025,2,Februar,2025-02-01,KLEINWAGEN,HYUNDAI,I 20,753,21382
2025,2,Februar,2025-02-01,KLEINWAGEN,HYUNDAI,INSTER,434,21384
2025,2,Februar,2025-02-01,KLEINWAGEN,KIA,RIO,3,21387
2025,2,Februar,2025-02-01,KLEINWAGEN,MAZDA,2,402,21390
2025,2,Februar,2025-02-01,KLEINWAGEN,MG ROEWE,3,696,21392
2025,2,Februar,2025-02-01,KLEINWAGEN,MINI,MINI,1976,21394
2025,2,Februar,2025-02-01,KLEINWAGEN,MITSUBISHI,COLT,219,21396
2025,2,Februar,2025-02-01,KLEINWAGEN,MITSUBISHI,"MIRAGE, SPACE STAR",753,21399
2025,2,Februar,2025-02-01,KLEINWAGEN,NISSAN,JUKE,414,21402
2025,2,Februar,2025-02-01,KLEINWAGEN,OPEL,CORSA,3165,21405
2025,2,Februar,2025-02-01,KLEINWAGEN,PEUGEOT,208,1240,21408
2025,2,Februar,2025-02-01,KLEINWAGEN,RENAULT,CLIO,937,21411
2025,2,Februar,2025-02-01,KLEINWAGEN,RENAULT,R5,656,21414
2025,2,Februar,2025-02-01,KLEINWAGEN,RENAULT,ZOE,1,21417
2025,2,Februar,2025-02-01,KLEINWAGEN,SEAT,IBIZA,1177,21905
2025,2,Februar,2025-02-01,KLEINWAGEN,SKODA,FABIA,1794,21906
2025,2,Februar,2025-02-01,KLEINWAGEN,SUZUKI,IGNIS,20,21907
2025,2,Februar,2025-02-01,KLEINWAGEN,SUZUKI,SWIFT,1147,21908
2025,2,Februar,2025-02-01,KLEINWAGEN,TOYOTA,YARIS,1746,21909
2025,2,Februar,2025-02-01,KLEINWAGEN,VW,POLO,1790,21910
2025,2,Februar,2025-02-01,KOMPAKTKLASSE,AUDI,A3,2254,21911
2025,2,Februar,2025-02-01,KOMPAKTKLASSE,BMW,1ER,1455,21912
2025,2,Februar,2025-02-01,KOMPAKTKLASSE,BMW,2ER,1483,21913
2025,2,Februar,2025-02-01,KOMPAKTKLASSE,BYD,DOLPHIN,43,21914
2025,2,Februar,2025-02-01,KOMPAKTKLASSE,CITROEN,C4,327,21915
2025,2,Februar,2025-02-01,KOMPAKTKLASSE,DACIA,LOGAN,5,21916
2025,2,Februar,2025-02-01,KOMPAKTKLASSE,DACIA,SANDERO,2013,21917
2025,2,Februar,2025-02-01,KOMPAKTKLASSE,DS,4,148,21918
2025,2,Februar,2025-02-01,KOMPAKTKLASSE,FIAT,TIPO,15,21919
2025,2,Februar,2025-02-01,KOMPAKTKLASSE,FORD,FOCUS,1766,21920
2025,2,Februar,2025-02-01,KOMPAKTKLASSE,GWM,ORA 03,63,21921
2025,2,Februar,2025-02-01,KOMPAKTKLASSE,HONDA,CIVIC,60,21922
2025,2,Februar,2025-02-01,KOMPAKTKLASSE,HYUNDAI,I 30,564,21923
2025,2,Februar,2025-02-01,KOMPAKTKLASSE,KIA,CEED,1079,21924
2025,2,Februar,2025-02-01,KOMPAKTKLASSE,MAZDA,3,394,21925
2025,2,Februar,2025-02-01,KOMPAKTKLASSE,MAZDA,MX-5,90,21926
2025,2,Februar,2025-02-01,KOMPAKTKLASSE,MERCEDES,A-KLASSE,1257,21927
2025,2,Februar,2025-02-01,KOMPAKTKLASSE,MG ROEWE,4,540,21928
2025,2,Februar,2025-02-01,KOMPAKTKLASSE,NISSAN,LEAF,2,21929
2025,2,Februar,2025-02-01,KOMPAKTKLASSE,OPEL,ASTRA,1986,21930
2025,2,Februar,2025-02-01,KOMPAKTKLASSE,PEUGEOT,308,849,21931
2025,2,Februar,2025-02-01,KOMPAKTKLASSE,RENAULT,MEGANE,30,21932
2025,2,Februar,2025-02-01,KOMPAKTKLASSE,SEAT,BORN,1595,21933
2025,2,Februar,2025-02-01,KOMPAKTKLASSE,SEAT,LEON,2896,21934
2025,2,Februar,2025-02-01,KOMPAKTKLASSE,SKODA,OCTAVIA,3818,21935
2025,2,Februar,2025-02-01,KOMPAKTKLASSE,SKODA,SCALA,499,21936
2025,2,Februar,2025-02-01,KOMPAKTKLASSE,SUBARU,IMPREZA,11,21937
2025,2,Februar,2025-02-01,KOMPAKTKLASSE,SUZUKI,SWACE,28,21938
2025,2,Februar,2025-02-01,KOMPAKTKLASSE,TOYOTA,COROLLA,857,21939
2025,2,Februar,2025-02-01,KOMPAKTKLASSE,TOYOTA,PRIUS,10,21940
2025,2,Februar,2025-02-01,KOMPAKTKLASSE,VW,GOLF,6991,21941
2025,2,Februar,2025-02-01,KOMPAKTKLASSE,VW,ID.3,2008,21942
2025,2,Februar,2025-02-01,MINI-VANS,KIA,SOUL,2,21594
2025,2,Februar,2025-02-01,MINI-VANS,MERCEDES,B-KLASSE,439,21595
2025,2,Februar,2025-02-01,MINI-VANS,PEUGEOT,3008,542,21596
2025,2,Februar,2025-02-01,MINI-VANS,RENAULT,SCENIC,152,21597
2025,2,Februar,2025-02-01,MINIS,DACIA,SPRING,319,21337
2025,2,Februar,2025-02-01,MINIS,FIAT,500,98,21339
2025,2,Februar,2025-02-01,MINIS,FIAT,PANDA,301,21341
2025,2,Februar,2025-02-01,MINIS,HYUNDAI,I 10,1197,21342
2025,2,Februar,2025-02-01,MINIS,KIA,PICANTO,881,21347
2025,2,Februar,2025-02-01,MINIS,LANCIA,YPSILON,1,21350
2025,2,Februar,2025-02-01,MINIS,LEAPMOTOR,T03,167,21353
2025,2,Februar,2025-02-01,MINIS,RENAULT,TWINGO,2,21356
2025,2,Februar,2025-02-01,MINIS,TOYOTA,AYGO,1214,21359
2025,2,Februar,2025-02-01,MINIS,VW,UP,12,21362
2025,2,Februar,2025-02-01,MITTELKLASSE,ALFA ROMEO,GIULIA,78,21943
2025,2,Februar,2025-02-01,MITTELKLASSE,AUDI,A4,322,21944
2025,2,Februar,2025-02-01,MITTELKLASSE,AUDI,A5,1953,21945
2025,2,Februar,2025-02-01,MITTELKLASSE,BMW,3ER,2134,21946
2025,2,Februar,2025-02-01,MITTELKLASSE,BMW,4ER,1879,21947
2025,2,Februar,2025-02-01,MITTELKLASSE,BYD,SEAL,39,21948
2025,2,Februar,2025-02-01,MITTELKLASSE,CITROEN,C5,1205,21949
2025,2,Februar,2025-02-01,MITTELKLASSE,GWM,ORA 07,4,21950
2025,2,Februar,2025-02-01,MITTELKLASSE,HYUNDAI,G70,4,21951
2025,2,Februar,2025-02-01,MITTELKLASSE,HYUNDAI,IONIQ6,100,21952
2025,2,Februar,2025-02-01,MITTELKLASSE,MAZDA,6,59,21953
2025,2,Februar,2025-02-01,MITTELKLASSE,MERCEDES,C-KLASSE,2175,21954
2025,2,Februar,2025-02-01,MITTELKLASSE,MERCEDES,CLA-KLASSE,993,21955
2025,2,Februar,2025-02-01,MITTELKLASSE,MG ROEWE,5,39,21956
2025,2,Februar,2025-02-01,MITTELKLASSE,NIO,ET5,8,21957
2025,2,Februar,2025-02-01,MITTELKLASSE,PEUGEOT,408,445,21958
2025,2,Februar,2025-02-01,MITTELKLASSE,PEUGEOT,508,25,21959
2025,2,Februar,2025-02-01,MITTELKLASSE,POLESTAR,2,160,21960
2025,2,Februar,2025-02-01,MITTELKLASSE,SKODA,SUPERB,897,21961
2025,2,Februar,2025-02-01,MITTELKLASSE,TESLA,MODEL 3,368,21962
2025,2,Februar,2025-02-01,MITTELKLASSE,VOLVO,60,584,21963
2025,2,Februar,2025-02-01,MITTELKLASSE,VW,ARTEON,81,21964
2025,2,Februar,2025-02-01,MITTELKLASSE,VW,PASSAT,4101,21965
2025,2,Februar,2025-02-01,OBERE MITTELKLASSE,AUDI,A6,2532,21966
2025,2,Februar,2025-02-01,OBERE MITTELKLASSE,BMW,5ER,2857,21967
2025,2,Februar,2025-02-01,OBERE MITTELKLASSE,DS,9,1,21968
2025,2,Februar,2025-02-01,OBERE MITTELKLASSE,HYUNDAI,G80,2,21969
2025,2,Februar,2025-02-01,OBERE MITTELKLASSE,LEXUS,ES,9,21970
2025,2,Februar,2025-02-01,OBERE MITTELKLASSE,MERCEDES,CLE,698,21971
2025,2,Februar,2025-02-01,OBERE MITTELKLASSE,MERCEDES,E-KLASSE,2453,21972
2025,2,Februar,2025-02-01,OBERE MITTELKLASSE,SUBARU,OUTBACK,82,21973
2025,2,Februar,2025-02-01,OBERE MITTELKLASSE,TOYOTA,MIRAI,2,21974
2025,2,Februar,2025-02-01,OBERE MITTELKLASSE,VOLVO,90,148,21975
2025,2,Februar,2025-02-01,OBERE MITTELKLASSE,VW,ID.7,2971,21976
2025,2,Februar,2025-02-01,OBERE MITTELKLASSE,XPENG,P7,9,21977
2025,2,Februar,2025-02-01,OBERKLASSE,AUDI,A7,185,21978
2025,2,Februar,2025-02-01,OBERKLASSE,AUDI,A8,71,21979
2025,2,Februar,2025-02-01,OBERKLASSE,AUDI,E-TRON GT,86,21980
2025,2,Februar,2025-02-01,OBERKLASSE,BENTLEY,CONTINENTAL,41,21981
2025,2,Februar,2025-02-01,OBERKLASSE,BMW,7ER,185,21982
2025,2,Februar,2025-02-01,OBERKLASSE,BMW,8ER,69,21983
2025,2,Februar,2025-02-01,OBERKLASSE,HYUNDAI,G90,2,21984
2025,2,Februar,2025-02-01,OBERKLASSE,LOTUS,EMEYA,2,21985
2025,2,Februar,2025-02-01,OBERKLASSE,LUCID,AIR,9,21986
2025,2,Februar,2025-02-01,OBERKLASSE,MASERATI,GHIBLI,2,21987
2025,2,Februar,2025-02-01,OBERKLASSE,MERCEDES,S-KLASSE,377,21988
2025,2,Februar,2025-02-01,OBERKLASSE,NIO,ET7,9,21989
2025,2,Februar,2025-02-01,OBERKLASSE,PORSCHE,PANAMERA,151,21990
2025,2,Februar,2025-02-01,OBERKLASSE,PORSCHE,TAYCAN,258,21991
2025,2,Februar,2025-02-01,OBERKLASSE,ROLLS ROYCE,SPECTRE,14,21992
2025,2,Februar,2025-02-01,OBERKLASSE,TESLA,MODEL S,13,21993
2025,2,Februar,2025-02-01,SONSTIGE,ALPINE,SONSTIGE,1,21667
2025,2,Februar,2025-02-01,SONSTIGE,AUDI,SONSTIGE,84,21668
2025,2,Februar,2025-02-01,SONSTIGE,BMW,SONSTIGE,88,21669
2025,2,Februar,2025-02-01,SONSTIGE,DACIA,SONSTIGE,3,21670
2025,2,Februar,2025-02-01,SONSTIGE,FORD,SONSTIGE,1,21671
2025,2,Februar,2025-02-01,SONSTIGE,HYUNDAI,SONSTIGE,3,21672
2025,2,Februar,2025-02-01,SONSTIGE,KIA,SONSTIGE,19,21673
2025,2,Februar,2025-02-01,SONSTIGE,LAMBORGHINI,SONSTIGE,19,21674
2025,2,Februar,2025-02-01,SONSTIGE,MASERATI,SONSTIGE,1,21675
2025,2,Februar,2025-02-01,SONSTIGE,MAXUS,SONSTIGE,1,21676
2025,2,Februar,2025-02-01,SONSTIGE,MAZDA,SONSTIGE,4,21677
2025,2,Februar,2025-02-01,SONSTIGE,MERCEDES,SONSTIGE,6,21678
2025,2,Februar,2025-02-01,SONSTIGE,MITSUBISHI,SONSTIGE,2,21679
2025,2,Februar,2025-02-01,SONSTIGE,MORGAN,SONSTIGE,4,21680
2025,2,Februar,2025-02-01,SONSTIGE,NISSAN,SONSTIGE,1,21681
2025,2,Februar,2025-02-01,SONSTIGE,OPEL,SONSTIGE,3,21682
2025,2,Februar,2025-02-01,SONSTIGE,PORSCHE,SONSTIGE,94,21683
2025,2,Februar,2025-02-01,SONSTIGE,ROLLS ROYCE,SONSTIGE,29,21684
2025,2,Februar,2025-02-01,SONSTIGE,SEAT,SONSTIGE,1,21685
2025,2,Februar,2025-02-01,SONSTIGE,SONSTIGE,SONSTIGE,1068,21686
2025,2,Februar,2025-02-01,SONSTIGE,SUZUKI,SONSTIGE,2,21687
2025,2,Februar,2025-02-01,SONSTIGE,VW,SONSTIGE,41,21688
2025,2,Februar,2025-02-01,SPORTWAGEN,ALPINE,A110,11,21572
2025,2,Februar,2025-02-01,SPORTWAGEN,AUDI,R8,2,21573
2025,2,Februar,2025-02-01,SPORTWAGEN,AUDI,TT,2,21574
2025,2,Februar,2025-02-01,SPORTWAGEN,BMW,I8,1,21575
2025,2,Februar,2025-02-01,SPORTWAGEN,BMW,Z4,313,21576
2025,2,Februar,2025-02-01,SPORTWAGEN,FERRARI,12CILINDRI,13,21577
2025,2,Februar,2025-02-01,SPORTWAGEN,FERRARI,296,54,21578
2025,2,Februar,2025-02-01,SPORTWAGEN,FERRARI,F8,1,21579
2025,2,Februar,2025-02-01,SPORTWAGEN,FERRARI,ROMA,28,21580
2025,2,Februar,2025-02-01,SPORTWAGEN,FERRARI,SF90,15,21581
2025,2,Februar,2025-02-01,SPORTWAGEN,FORD,MUSTANG,236,21582
2025,2,Februar,2025-02-01,SPORTWAGEN,LOTUS,EMIRA,12,21583
2025,2,Februar,2025-02-01,SPORTWAGEN,MASERATI,GRANTURISMO,4,21584
2025,2,Februar,2025-02-01,SPORTWAGEN,MERCEDES,AMG GT,72,21585
2025,2,Februar,2025-02-01,SPORTWAGEN,MERCEDES,SL,52,21586
2025,2,Februar,2025-02-01,SPORTWAGEN,MG ROEWE,CYBERSTER,21,21587
2025,2,Februar,2025-02-01,SPORTWAGEN,PORSCHE,911,808,21588
2025,2,Februar,2025-02-01,SPORTWAGEN,PORSCHE,BOXSTER,11,21589
2025,2,Februar,2025-02-01,SPORTWAGEN,PORSCHE,CAYMAN,53,21590
2025,2,Februar,2025-02-01,SPORTWAGEN,SONSTIGE,SONSTIGE,5,21591
2025,2,Februar,2025-02-01,SPORTWAGEN,SUBARU,BRZ,29,21592
2025,2,Februar,2025-02-01,SPORTWAGEN,TOYOTA,SUPRA,14,21593
2025,2,Februar,2025-02-01,SUVs,ALFA ROMEO,JUNIOR,394,21994
2025,2,Februar,2025-02-01,SUVs,ALFA ROMEO,STELVIO,115,21995
2025,2,Februar,2025-02-01,SUVs,ALFA ROMEO,TONALE,62,21996
2025,2,Februar,2025-02-01,SUVs,AUDI,Q2,1009,21997
2025,2,Februar,2025-02-01,SUVs,AUDI,Q4,1685,21998
2025,2,Februar,2025-02-01,SUVs,AUDI,Q6,792,21999
2025,2,Februar,2025-02-01,SUVs,BMW,IX,216,22000
2025,2,Februar,2025-02-01,SUVs,BMW,X1,3278,21397
2025,2,Februar,2025-02-01,SUVs,BMW,X2,535,21401
2025,2,Februar,2025-02-01,SUVs,BMW,XM,23,21404
2025,2,Februar,2025-02-01,SUVs,BYD,ATTO 2,13,21407
2025,2,Februar,2025-02-01,SUVs,BYD,ATTO 3,27,21410
2025,2,Februar,2025-02-01,SUVs,BYD,SEAL U,48,21413
2025,2,Februar,2025-02-01,SUVs,BYD,SEALION 7,11,21416
2025,2,Februar,2025-02-01,SUVs,BYD,TANG,4,21419
2025,2,Februar,2025-02-01,SUVs,DACIA,BIGSTER,27,21420
2025,2,Februar,2025-02-01,SUVs,DACIA,DUSTER,1299,21421
2025,2,Februar,2025-02-01,SUVs,DS,7,387,21422
2025,2,Februar,2025-02-01,SUVs,FERRARI,PUROSANGUE,29,21423
2025,2,Februar,2025-02-01,SUVs,FIAT,600,466,21424
2025,2,Februar,2025-02-01,SUVs,FORD,CAPRI,215,21425
2025,2,Februar,2025-02-01,SUVs,FORD,ECOSPORT,4,21426
2025,2,Februar,2025-02-01,SUVs,FORD,EXPLORER,517,21427
2025,2,Februar,2025-02-01,SUVs,FORD,KUGA,1383,21428
2025,2,Februar,2025-02-01,SUVs,FORD,MUSTANG MACH-E,50,21429
2025,2,Februar,2025-02-01,SUVs,GWM,WEY 03,19,21430
2025,2,Februar,2025-02-01,SUVs,GWM,WEY 05,24,21431
2025,2,Februar,2025-02-01,SUVs,HONDA,CR-V,172,21432
2025,2,Februar,2025-02-01,SUVs,HONDA,E:NY1,1,21433
2025,2,Februar,2025-02-01,SUVs,HONDA,HR-V,124,21434
2025,2,Februar,2025-02-01,SUVs,HONDA,ZR-V,63,21435
2025,2,Februar,2025-02-01,SUVs,HYUNDAI,BAYON,209,21436
2025,2,Februar,2025-02-01,SUVs,HYUNDAI,GV60,13,21437
2025,2,Februar,2025-02-01,SUVs,HYUNDAI,GV70,30,21438
2025,2,Februar,2025-02-01,SUVs,HYUNDAI,GV80,2,21439
2025,2,Februar,2025-02-01,SUVs,HYUNDAI,IONIQ5,540,21440
2025,2,Februar,2025-02-01,SUVs,HYUNDAI,KONA,853,21441
2025,2,Februar,2025-02-01,SUVs,HYUNDAI,TUCSON,1306,21442
2025,2,Februar,2025-02-01,SUVs,JEEP,AVENGER,487,21443
2025,2,Februar,2025-02-01,SUVs,KIA,EV3,524,21444
2025,2,Februar,2025-02-01,SUVs,KIA,EV6,325,21445
2025,2,Februar,2025-02-01,SUVs,KIA,EV9,172,21446
2025,2,Februar,2025-02-01,SUVs,KIA,NIRO,140,21447
2025,2,Februar,2025-02-01,SUVs,KIA,SPORTAGE,676,21448
2025,2,Februar,2025-02-01,SUVs,KIA,STONIC,353,21449
2025,2,Februar,2025-02-01,SUVs,LEAPMOTOR,C10,19,21450
2025,2,Februar,2025-02-01,SUVs,LEXUS,LBX,106,21451
2025,2,Februar,2025-02-01,SUVs,LEXUS,NX,128,21452
2025,2,Februar,2025-02-01,SUVs,LEXUS,RX,27,21453
2025,2,Februar,2025-02-01,SUVs,LEXUS,RZ,4,21454
2025,2,Februar,2025-02-01,SUVs,LEXUS,UX,52,21455
2025,2,Februar,2025-02-01,SUVs,LOTUS,ELETRE,10,21456
2025,2,Februar,2025-02-01,SUVs,LYNK & CO,01,19,21457
2025,2,Februar,2025-02-01,SUVs,LYNK & CO,02,10,21458
2025,2,Februar,2025-02-01,SUVs,MASERATI,GRECALE,13,21459
2025,2,Februar,2025-02-01,SUVs,MASERATI,LEVANTE,2,21460
2025,2,Februar,2025-02-01,SUVs,MAZDA,CX-30,883,21461
2025,2,Februar,2025-02-01,SUVs,MAZDA,CX-5,394,21462
2025,2,Februar,2025-02-01,SUVs,MAZDA,CX-60,536,21463
2025,2,Februar,2025-02-01,SUVs,MAZDA,CX-80,246,21464
2025,2,Februar,2025-02-01,SUVs,MAZDA,MX-30,30,21465
2025,2,Februar,2025-02-01,SUVs,MERCEDES,GLA,1756,21466
2025,2,Februar,2025-02-01,SUVs,MERCEDES,GLB,1099,21467
2025,2,Februar,2025-02-01,SUVs,MERCEDES,"GLK, GLC",2884,21468
2025,2,Februar,2025-02-01,SUVs,MG ROEWE,MARVEL,16,21469
2025,2,Februar,2025-02-01,SUVs,MG ROEWE,RX6,162,21470
2025,2,Februar,2025-02-01,SUVs,MG ROEWE,ZS,279,21471
2025,2,Februar,2025-02-01,SUVs,MITSUBISHI,ASX,272,21472
2025,2,Februar,2025-02-01,SUVs,MITSUBISHI,ECLIPSE CROSS,160,21473
2025,2,Februar,2025-02-01,SUVs,NIO,EL6,6,21474
2025,2,Februar,2025-02-01,SUVs,NIO,EL7,1,21475
2025,2,Februar,2025-02-01,SUVs,NIO,ES8,1,21476
2025,2,Februar,2025-02-01,SUVs,NISSAN,ARIYA,176,21477
2025,2,Februar,2025-02-01,SUVs,NISSAN,QASHQAI,912,21478
2025,2,Februar,2025-02-01,SUVs,OPEL,CROSSLAND X,28,21479
2025,2,Februar,2025-02-01,SUVs,OPEL,GRANDLAND X,1050,21480
2025,2,Februar,2025-02-01,SUVs,OPEL,MOKKA,1142,21481
2025,2,Februar,2025-02-01,SUVs,PEUGEOT,2008,961,21482
2025,2,Februar,2025-02-01,SUVs,POLESTAR,3,5,21483
2025,2,Februar,2025-02-01,SUVs,POLESTAR,4,98,21484
2025,2,Februar,2025-02-01,SUVs,RENAULT,ARKANA,171,21485
2025,2,Februar,2025-02-01,SUVs,RENAULT,AUSTRAL,458,21486
2025,2,Februar,2025-02-01,SUVs,RENAULT,CAPTUR,525,21487
2025,2,Februar,2025-02-01,SUVs,RENAULT,RAFALE,163,21488
2025,2,Februar,2025-02-01,SUVs,RENAULT,SYMBIOZ,172,21489
2025,2,Februar,2025-02-01,SUVs,SEAT,ARONA,1514,21490
2025,2,Februar,2025-02-01,SUVs,SEAT,ATECA,1126,21491
2025,2,Februar,2025-02-01,SUVs,SEAT,FORMENTOR,2539,21492
2025,2,Februar,2025-02-01,SUVs,SEAT,TARRACO,25,21493
2025,2,Februar,2025-02-01,SUVs,SEAT,TAVASCAN,897,21494
2025,2,Februar,2025-02-01,SUVs,SEAT,TERRAMAR,1019,21495
2025,2,Februar,2025-02-01,SUVs,SKODA,ELROQ,453,21496
2025,2,Februar,2025-02-01,SUVs,SKODA,ENYAQ,1945,21497
2025,2,Februar,2025-02-01,SUVs,SKODA,KAMIQ,1549,21498
2025,2,Februar,2025-02-01,SUVs,SKODA,KAROQ,1912,21499
2025,2,Februar,2025-02-01,SUVs,SMART,1,202,21500
2025,2,Februar,2025-02-01,SUVs,SMART,3,73,21501
2025,2,Februar,2025-02-01,SUVs,SMART,5,6,21502
2025,2,Februar,2025-02-01,SUVs,SSANGYONG,ACTYON,26,21503
2025,2,Februar,2025-02-01,SUVs,SSANGYONG,KORANDO,74,21504
2025,2,Februar,2025-02-01,SUVs,SSANGYONG,TIVOLI,63,21505
2025,2,Februar,2025-02-01,SUVs,SSANGYONG,TORRES,30,21506
2025,2,Februar,2025-02-01,SUVs,SUBARU,CROSSTREK,78,21507
2025,2,Februar,2025-02-01,SUVs,SUBARU,SOLTERRA,14,21508
2025,2,Februar,2025-02-01,SUVs,SUZUKI,ACROSS,9,21509
2025,2,Februar,2025-02-01,SUVs,SUZUKI,SX4,245,21510
2025,2,Februar,2025-02-01,SUVs,SUZUKI,VITARA,614,21511
2025,2,Februar,2025-02-01,SUVs,TESLA,MODEL X,13,21512
2025,2,Februar,2025-02-01,SUVs,TESLA,MODEL Y,1035,21513
2025,2,Februar,2025-02-01,SUVs,TOYOTA,BZ4,638,21514
2025,2,Februar,2025-02-01,SUVs,TOYOTA,C-HR,526,21515
2025,2,Februar,2025-02-01,SUVs,TOYOTA,RAV 4,303,21516
2025,2,Februar,2025-02-01,SUVs,VINFAST,VF 6,2,21517
2025,2,Februar,2025-02-01,SUVs,VINFAST,VF 8,16,21518
2025,2,Februar,2025-02-01,SUVs,VOLVO,C40,63,21519
2025,2,Februar,2025-02-01,SUVs,VOLVO,EX30,469,21520
2025,2,Februar,2025-02-01,SUVs,VOLVO,EX90,64,21521
2025,2,Februar,2025-02-01,SUVs,VW,"ID.4, ID.5",2507,21522
2025,2,Februar,2025-02-01,SUVs,VW,T-CROSS,1661,21523
2025,2,Februar,2025-02-01,SUVs,VW,T-ROC,5429,21524
2025,2,Februar,2025-02-01,SUVs,VW,TAIGO,1400,21525
2025,2,Februar,2025-02-01,SUVs,VW,TAYRON,217,21526
2025,2,Februar,2025-02-01,SUVs,XPENG,G6,77,21527
2025,2,Februar,2025-02-01,SUVs,XPENG,G9,76,21528
2025,2,Februar,2025-02-01,UTILITIES,CITROEN,BERLINGO,393,21605
2025,2,Februar,2025-02-01,UTILITIES,CITROEN,JUMPER,17,21606
2025,2,Februar,2025-02-01,UTILITIES,CITROEN,JUMPY,345,21607
2025,2,Februar,2025-02-01,UTILITIES,FIAT,DOBLO,4,21608
2025,2,Februar,2025-02-01,UTILITIES,FIAT,DUCATO,36,21609
2025,2,Februar,2025-02-01,UTILITIES,FORD,TRANSIT CONNECT,427,21610
2025,2,Februar,2025-02-01,UTILITIES,FORD,TRANSIT COURIER,331,21611
2025,2,Februar,2025-02-01,UTILITIES,FORD,TRANSIT CUSTOM,2034,21612
2025,2,Februar,2025-02-01,UTILITIES,FORD,"TRANSIT, TOURNEO",129,21613
2025,2,Februar,2025-02-01,UTILITIES,HYUNDAI,STARIA,40,21614
2025,2,Februar,2025-02-01,UTILITIES,IVECO,DAILY,3,21615
2025,2,Februar,2025-02-01,UTILITIES,MAN,TGE,53,21616
2025,2,Februar,2025-02-01,UTILITIES,MERCEDES,CITAN,456,21617
2025,2,Februar,2025-02-01,UTILITIES,MERCEDES,SPRINTER,281,21618
2025,2,Februar,2025-02-01,UTILITIES,MERCEDES,VITO,438,21619
2025,2,Februar,2025-02-01,UTILITIES,NISSAN,PRIMASTAR,112,21620
2025,2,Februar,2025-02-01,UTILITIES,NISSAN,TOWNSTAR,278,21621
2025,2,Februar,2025-02-01,UTILITIES,OPEL,COMBO,149,21622
2025,2,Februar,2025-02-01,UTILITIES,OPEL,MOVANO,5,21623
2025,2,Februar,2025-02-01,UTILITIES,OPEL,ZAFIRA LIFE,50,21624
2025,2,Februar,2025-02-01,UTILITIES,PEUGEOT,BOXER,2,21625
2025,2,Februar,2025-02-01,UTILITIES,PEUGEOT,EXPERT,74,21626
2025,2,Februar,2025-02-01,UTILITIES,PEUGEOT,RIFTER,71,21627
2025,2,Februar,2025-02-01,UTILITIES,RENAULT,KANGOO,276,21628
2025,2,Februar,2025-02-01,UTILITIES,RENAULT,MASTER,1,21629
2025,2,Februar,2025-02-01,UTILITIES,RENAULT,TRAFIC,106,21630
2025,2,Februar,2025-02-01,UTILITIES,TOYOTA,PROACE,252,21631
2025,2,Februar,2025-02-01,UTILITIES,VW,CADDY,1491,21632
2025,2,Februar,2025-02-01,UTILITIES,VW,CRAFTER,68,21633
2025,2,Februar,2025-02-01,UTILITIES,VW,ID. BUZZ,743,21634
2025,2,Februar,2025-02-01,UTILITIES,VW,TRANSPORTER,2176,21635
2025,2,Februar,2025-02-01,WOHNMOBILE,CITROEN,JUMPER,606,21636
2025,2,Februar,2025-02-01,WOHNMOBILE,CITROEN,JUMPY,85,21637
2025,2,Februar,2025-02-01,WOHNMOBILE,FIAT,DUCATO,1891,21638
2025,2,Februar,2025-02-01,WOHNMOBILE,FORD,SONSTIGE,9,21639
2025,2,Februar,2025-02-01,WOHNMOBILE,FORD,TRANSIT CUSTOM,135,21640
2025,2,Februar,2025-02-01,WOHNMOBILE,FORD,"TRANSIT, TOURNEO",464,21641
2025,2,Februar,2025-02-01,WOHNMOBILE,IVECO,DAILY,79,21642
2025,2,Februar,2025-02-01,WOHNMOBILE,IVECO,EUROCARGO,2,21643
2025,2,Februar,2025-02-01,WOHNMOBILE,MAN,TGE,31,21644
2025,2,Februar,2025-02-01,WOHNMOBILE,MAN,TGL,2,21645
2025,2,Februar,2025-02-01,WOHNMOBILE,MAN,TGM,2,21646
2025,2,Februar,2025-02-01,WOHNMOBILE,MAN,TGX,1,21647
2025,2,Februar,2025-02-01,WOHNMOBILE,MERCEDES,ATEGO,2,21648
2025,2,Februar,2025-02-01,WOHNMOBILE,MERCEDES,SONSTIGE,2,21649
2025,2,Februar,2025-02-01,WOHNMOBILE,MERCEDES,SPRINTER,437,21650
2025,2,Februar,2025-02-01,WOHNMOBILE,MERCEDES,UNIMOG,1,21651
2025,2,Februar,2025-02-01,WOHNMOBILE,MERCEDES,V-KLASSE,135,21652
2025,2,Februar,2025-02-01,WOHNMOBILE,MERCEDES,VITO,15,21653
2025,2,Februar,2025-02-01,WOHNMOBILE,NISSAN,PRIMASTAR,7,21654
2025,2,Februar,2025-02-01,WOHNMOBILE,OPEL,MOVANO,24,21655
2025,2,Februar,2025-02-01,WOHNMOBILE,OPEL,VIVARO,3,21656
2025,2,Februar,2025-02-01,WOHNMOBILE,OPEL,ZAFIRA LIFE,40,21657
2025,2,Februar,2025-02-01,WOHNMOBILE,PEUGEOT,BOXER,134,21658
2025,2,Februar,2025-02-01,WOHNMOBILE,PEUGEOT,EXPERT,7,21659
2025,2,Februar,2025-02-01,WOHNMOBILE,RENAULT,MASTER,51,21660
2025,2,Februar,2025-02-01,WOHNMOBILE,RENAULT,TRAFIC,24,21661
2025,2,Februar,2025-02-01,WOHNMOBILE,SONSTIGE,SONSTIGE,37,21662
2025,2,Februar,2025-02-01,WOHNMOBILE,TOYOTA,PROACE,2,21663
2025,2,Februar,2025-02-01,WOHNMOBILE,VW,CADDY,10,21664
2025,2,Februar,2025-02-01,WOHNMOBILE,VW,CRAFTER,184,21665
2025,2,Februar,2025-02-01,WOHNMOBILE,VW,TRANSPORTER,294,21666
2025,3,März,2025-03-01,GELÄNDEWAGEN,ASTON MARTIN,DBX,2,20849
2025,3,März,2025-03-01,GELÄNDEWAGEN,AUDI,Q3,1649,20852
2025,3,März,2025-03-01,GELÄNDEWAGEN,AUDI,Q5,1306,20855
2025,3,März,2025-03-01,GELÄNDEWAGEN,AUDI,Q7,502,20858
2025,3,März,2025-03-01,GELÄNDEWAGEN,AUDI,Q8,685,20866
2025,3,März,2025-03-01,GELÄNDEWAGEN,BENTLEY,BENTAYGA,16,20869
2025,3,März,2025-03-01,GELÄNDEWAGEN,BMW,X3,1361,20872
2025,3,März,2025-03-01,GELÄNDEWAGEN,BMW,X4,170,20875
2025,3,März,2025-03-01,GELÄNDEWAGEN,BMW,X5,955,20878
2025,3,März,2025-03-01,GELÄNDEWAGEN,BMW,X6,212,20881
2025,3,März,2025-03-01,GELÄNDEWAGEN,BMW,X7,218,20884
2025,3,März,2025-03-01,GELÄNDEWAGEN,CADILLAC,ESCALADE,6,20887
2025,3,März,2025-03-01,GELÄNDEWAGEN,HYUNDAI,SANTA FE,171,20890
2025,3,März,2025-03-01,GELÄNDEWAGEN,INEOS,GRENADIER,39,20893
2025,3,März,2025-03-01,GELÄNDEWAGEN,JAGUAR,F-PACE,43,20896
2025,3,März,2025-03-01,GELÄNDEWAGEN,JEEP,COMPASS,326,20898
2025,3,März,2025-03-01,GELÄNDEWAGEN,JEEP,GRAND CHEROKEE,8,20900
2025,3,März,2025-03-01,GELÄNDEWAGEN,JEEP,RENEGADE,90,20901
2025,3,März,2025-03-01,GELÄNDEWAGEN,JEEP,WRANGLER,122,20903
2025,3,März,2025-03-01,GELÄNDEWAGEN,KIA,SORENTO,147,20905
2025,3,März,2025-03-01,GELÄNDEWAGEN,LAMBORGHINI,URUS,130,20907
2025,3,März,2025-03-01,GELÄNDEWAGEN,LAND ROVER,DEFENDER,357,20909
2025,3,März,2025-03-01,GELÄNDEWAGEN,LAND ROVER,DISCOVERY,32,20911
2025,3,März,2025-03-01,GELÄNDEWAGEN,LAND ROVER,DISCOVERY SPORT,79,20913
2025,3,März,2025-03-01,GELÄNDEWAGEN,LAND ROVER,RANGE ROVER,146,20915
2025,3,März,2025-03-01,GELÄNDEWAGEN,LAND ROVER,RANGE ROVER EVOQUE,234,20917
2025,3,März,2025-03-01,GELÄNDEWAGEN,LAND ROVER,RANGE ROVER SPORT,249,20920
2025,3,März,2025-03-01,GELÄNDEWAGEN,LAND ROVER,RANGE ROVER VELAR,145,20922
2025,3,März,2025-03-01,GELÄNDEWAGEN,MERCEDES,G-KLASSE,595,20925
2025,3,März,2025-03-01,GELÄNDEWAGEN,MERCEDES,"GL-KLASSE, GLS",174,20928
2025,3,März,2025-03-01,GELÄNDEWAGEN,MERCEDES,"ML-KLASSE, GLE",828,20931
2025,3,März,2025-03-01,GELÄNDEWAGEN,NISSAN,X-TRAIL,766,20935
2025,3,März,2025-03-01,GELÄNDEWAGEN,PORSCHE,CAYENNE,720,20938
2025,3,März,2025-03-01,GELÄNDEWAGEN,PORSCHE,MACAN,670,20941
2025,3,März,2025-03-01,GELÄNDEWAGEN,ROLLS ROYCE,CULLINAN,1,20944
2025,3,März,2025-03-01,GELÄNDEWAGEN,SKODA,KODIAQ,2428,20947
2025,3,März,2025-03-01,GELÄNDEWAGEN,SSANGYONG,REXTON,34,20950
2025,3,März,2025-03-01,GELÄNDEWAGEN,SUBARU,FORESTER,156,20953
2025,3,März,2025-03-01,GELÄNDEWAGEN,TOYOTA,LANDCRUISER,43,20956
2025,3,März,2025-03-01,GELÄNDEWAGEN,VOLVO,XC40,1317,20959
2025,3,März,2025-03-01,GELÄNDEWAGEN,VOLVO,XC60,1838,20962
2025,3,März,2025-03-01,GELÄNDEWAGEN,VOLVO,XC90,662,20965
2025,3,März,2025-03-01,GELÄNDEWAGEN,VW,TIGUAN,6241,20968
2025,3,März,2025-03-01,GELÄNDEWAGEN,VW,TOUAREG,610,20970
2025,3,März,2025-03-01,GROSSRAUM-VANS,DACIA,JOGGER,1435,21091
2025,3,März,2025-03-01,GROSSRAUM-VANS,LEXUS,LM,27,21094
2025,3,März,2025-03-01,GROSSRAUM-VANS,MAXUS,MIFA 9,2,21097
2025,3,März,2025-03-01,GROSSRAUM-VANS,MERCEDES,V-KLASSE,1696,21100
2025,3,März,2025-03-01,GROSSRAUM-VANS,PEUGEOT,5008,572,21103
2025,3,März,2025-03-01,GROSSRAUM-VANS,RENAULT,ESPACE,247,21106
2025,3,März,2025-03-01,GROSSRAUM-VANS,VW,TOURAN,1290,21109
2025,3,März,2025-03-01,KLEINWAGEN,ALPINE,A290,21,21697
2025,3,März,2025-03-01,KLEINWAGEN,AUDI,A1,1036,21698
2025,3,März,2025-03-01,KLEINWAGEN,CITROEN,C3,1203,21699
2025,3,März,2025-03-01,KLEINWAGEN,DS,3,25,21700
2025,3,März,2025-03-01,KLEINWAGEN,FORD,FIESTA,5,21701
2025,3,März,2025-03-01,KLEINWAGEN,FORD,PUMA,920,21702
2025,3,März,2025-03-01,KLEINWAGEN,HONDA,JAZZ,225,21703
2025,3,März,2025-03-01,KLEINWAGEN,HYUNDAI,I 20,951,21704
2025,3,März,2025-03-01,KLEINWAGEN,HYUNDAI,INSTER,838,21705
2025,3,März,2025-03-01,KLEINWAGEN,KIA,RIO,2,21706
2025,3,März,2025-03-01,KLEINWAGEN,MAZDA,2,763,21707
2025,3,März,2025-03-01,KLEINWAGEN,MG ROEWE,3,861,21708
2025,3,März,2025-03-01,KLEINWAGEN,MINI,MINI,2488,21709
2025,3,März,2025-03-01,KLEINWAGEN,MITSUBISHI,COLT,395,21710
2025,3,März,2025-03-01,KLEINWAGEN,MITSUBISHI,"MIRAGE, SPACE STAR",905,21711
2025,3,März,2025-03-01,KLEINWAGEN,NISSAN,JUKE,1162,21712
2025,3,März,2025-03-01,KLEINWAGEN,OPEL,CORSA,3858,21713
2025,3,März,2025-03-01,KLEINWAGEN,PEUGEOT,208,1359,21714
2025,3,März,2025-03-01,KLEINWAGEN,RENAULT,CLIO,1287,21715
2025,3,März,2025-03-01,KLEINWAGEN,RENAULT,R5,1070,21716
2025,3,März,2025-03-01,KLEINWAGEN,SEAT,IBIZA,1238,21717
2025,3,März,2025-03-01,KLEINWAGEN,SKODA,FABIA,2332,21718
2025,3,März,2025-03-01,KLEINWAGEN,SUZUKI,IGNIS,33,21719
2025,3,März,2025-03-01,KLEINWAGEN,SUZUKI,SWIFT,1540,21720
2025,3,März,2025-03-01,KLEINWAGEN,TOYOTA,YARIS,2539,21721
2025,3,März,2025-03-01,KLEINWAGEN,VW,POLO,2335,21722
2025,3,März,2025-03-01,KOMPAKTKLASSE,AUDI,A3,2718,21723
2025,3,März,2025-03-01,KOMPAKTKLASSE,BMW,1ER,1933,21724
2025,3,März,2025-03-01,KOMPAKTKLASSE,BMW,2ER,1406,21725
2025,3,März,2025-03-01,KOMPAKTKLASSE,BYD,DOLPHIN,140,21726
2025,3,März,2025-03-01,KOMPAKTKLASSE,CITROEN,C4,556,21727
2025,3,März,2025-03-01,KOMPAKTKLASSE,DACIA,LOGAN,4,21728
2025,3,März,2025-03-01,KOMPAKTKLASSE,DACIA,SANDERO,2934,21729
2025,3,März,2025-03-01,KOMPAKTKLASSE,DS,4,55,21730
2025,3,März,2025-03-01,KOMPAKTKLASSE,FIAT,TIPO,23,21731
2025,3,März,2025-03-01,KOMPAKTKLASSE,FORD,FOCUS,1422,21732
2025,3,März,2025-03-01,KOMPAKTKLASSE,GWM,ORA 03,66,21733
2025,3,März,2025-03-01,KOMPAKTKLASSE,HONDA,CIVIC,165,21734
2025,3,März,2025-03-01,KOMPAKTKLASSE,HYUNDAI,I 30,765,21735
2025,3,März,2025-03-01,KOMPAKTKLASSE,KIA,CEED,1326,21736
2025,3,März,2025-03-01,KOMPAKTKLASSE,MAZDA,3,456,21737
2025,3,März,2025-03-01,KOMPAKTKLASSE,MAZDA,MX-5,221,21738
2025,3,März,2025-03-01,KOMPAKTKLASSE,MERCEDES,A-KLASSE,1629,21739
2025,3,März,2025-03-01,KOMPAKTKLASSE,MG ROEWE,4,376,21740
2025,3,März,2025-03-01,KOMPAKTKLASSE,OPEL,ASTRA,2833,21741
2025,3,März,2025-03-01,KOMPAKTKLASSE,PEUGEOT,308,788,21742
2025,3,März,2025-03-01,KOMPAKTKLASSE,RENAULT,MEGANE,65,21743
2025,3,März,2025-03-01,KOMPAKTKLASSE,SEAT,BORN,1753,21744
2025,3,März,2025-03-01,KOMPAKTKLASSE,SEAT,LEON,3728,21745
2025,3,März,2025-03-01,KOMPAKTKLASSE,SKODA,OCTAVIA,3798,21746
2025,3,März,2025-03-01,KOMPAKTKLASSE,SKODA,SCALA,714,21747
2025,3,März,2025-03-01,KOMPAKTKLASSE,SUBARU,IMPREZA,9,21748
2025,3,März,2025-03-01,KOMPAKTKLASSE,SUZUKI,SWACE,114,21749
2025,3,März,2025-03-01,KOMPAKTKLASSE,TOYOTA,COROLLA,1243,21750
2025,3,März,2025-03-01,KOMPAKTKLASSE,TOYOTA,PRIUS,14,21751
2025,3,März,2025-03-01,KOMPAKTKLASSE,VW,GOLF,7322,21752
2025,3,März,2025-03-01,KOMPAKTKLASSE,VW,ID.3,2152,21753
2025,3,März,2025-03-01,MINI-VANS,KIA,SOUL,2,21080
2025,3,März,2025-03-01,MINI-VANS,MERCEDES,B-KLASSE,634,21081
2025,3,März,2025-03-01,MINI-VANS,PEUGEOT,3008,1104,21085
2025,3,März,2025-03-01,MINI-VANS,RENAULT,SCENIC,187,21088
2025,3,März,2025-03-01,MINIS,DACIA,SPRING,438,21689
2025,3,März,2025-03-01,MINIS,FIAT,500,715,21690
2025,3,März,2025-03-01,MINIS,FIAT,PANDA,230,21691
2025,3,März,2025-03-01,MINIS,HYUNDAI,I 10,1310,21692
2025,3,März,2025-03-01,MINIS,KIA,PICANTO,653,21693
2025,3,März,2025-03-01,MINIS,LEAPMOTOR,T03,320,21694
2025,3,März,2025-03-01,MINIS,TOYOTA,AYGO,1287,21695
2025,3,März,2025-03-01,MINIS,VW,UP,13,21696
2025,3,März,2025-03-01,MITTELKLASSE,ALFA ROMEO,GIULIA,95,21754
2025,3,März,2025-03-01,MITTELKLASSE,AUDI,A4,229,21755
2025,3,März,2025-03-01,MITTELKLASSE,AUDI,A5,2397,21756
2025,3,März,2025-03-01,MITTELKLASSE,BMW,3ER,3170,21757
2025,3,März,2025-03-01,MITTELKLASSE,BMW,4ER,2164,21758
2025,3,März,2025-03-01,MITTELKLASSE,BYD,SEAL,129,21759
2025,3,März,2025-03-01,MITTELKLASSE,CITROEN,C5,844,21760
2025,3,März,2025-03-01,MITTELKLASSE,GWM,ORA 07,8,21761
2025,3,März,2025-03-01,MITTELKLASSE,HYUNDAI,G70,9,21762
2025,3,März,2025-03-01,MITTELKLASSE,HYUNDAI,IONIQ6,111,21763
2025,3,März,2025-03-01,MITTELKLASSE,MAZDA,6,109,21764
2025,3,März,2025-03-01,MITTELKLASSE,MERCEDES,C-KLASSE,2216,21765
2025,3,März,2025-03-01,MITTELKLASSE,MERCEDES,CLA-KLASSE,1416,21766
2025,3,März,2025-03-01,MITTELKLASSE,MG ROEWE,5,1,21767
2025,3,März,2025-03-01,MITTELKLASSE,NIO,ET5,8,21768
2025,3,März,2025-03-01,MITTELKLASSE,PEUGEOT,408,329,21769
2025,3,März,2025-03-01,MITTELKLASSE,PEUGEOT,508,13,21770
2025,3,März,2025-03-01,MITTELKLASSE,POLESTAR,2,214,21771
2025,3,März,2025-03-01,MITTELKLASSE,SKODA,SUPERB,1462,21772
2025,3,März,2025-03-01,MITTELKLASSE,TESLA,MODEL 3,768,21773
2025,3,März,2025-03-01,MITTELKLASSE,VOLVO,60,547,21774
2025,3,März,2025-03-01,MITTELKLASSE,VW,ARTEON,45,21775
2025,3,März,2025-03-01,MITTELKLASSE,VW,PASSAT,4671,21776
2025,3,März,2025-03-01,OBERE MITTELKLASSE,AUDI,A6,3467,21777
2025,3,März,2025-03-01,OBERE MITTELKLASSE,BMW,5ER,3403,21778
2025,3,März,2025-03-01,OBERE MITTELKLASSE,DS,9,2,21779
2025,3,März,2025-03-01,OBERE MITTELKLASSE,HYUNDAI,G80,10,21780
2025,3,März,2025-03-01,OBERE MITTELKLASSE,HYUNDAI,"XG 25, 30, 250, 350",4,21781
2025,3,März,2025-03-01,OBERE MITTELKLASSE,LEXUS,ES,11,21782
2025,3,März,2025-03-01,OBERE MITTELKLASSE,MERCEDES,CLE,930,21783
2025,3,März,2025-03-01,OBERE MITTELKLASSE,MERCEDES,E-KLASSE,2683,21784
2025,3,März,2025-03-01,OBERE MITTELKLASSE,SUBARU,OUTBACK,125,21785
2025,3,März,2025-03-01,OBERE MITTELKLASSE,TOYOTA,MIRAI,3,21786
2025,3,März,2025-03-01,OBERE MITTELKLASSE,VOLVO,90,146,21787
2025,3,März,2025-03-01,OBERE MITTELKLASSE,VW,ID.7,3225,21788
2025,3,März,2025-03-01,OBERE MITTELKLASSE,XPENG,P7,15,21789
2025,3,März,2025-03-01,OBERKLASSE,AUDI,A7,189,21790
2025,3,März,2025-03-01,OBERKLASSE,AUDI,A8,95,21791
2025,3,März,2025-03-01,OBERKLASSE,AUDI,E-TRON GT,97,21792
2025,3,März,2025-03-01,OBERKLASSE,BENTLEY,CONTINENTAL,29,21793
2025,3,März,2025-03-01,OBERKLASSE,BMW,7ER,150,21794
2025,3,März,2025-03-01,OBERKLASSE,BMW,8ER,59,21795
2025,3,März,2025-03-01,OBERKLASSE,HYUNDAI,G90,7,21796
2025,3,März,2025-03-01,OBERKLASSE,LOTUS,EMEYA,1,21797
2025,3,März,2025-03-01,OBERKLASSE,LUCID,AIR,7,21798
2025,3,März,2025-03-01,OBERKLASSE,MERCEDES,CLS,2,21799
2025,3,März,2025-03-01,OBERKLASSE,MERCEDES,S-KLASSE,376,21800
2025,3,März,2025-03-01,OBERKLASSE,NIO,ET7,8,21801
2025,3,März,2025-03-01,OBERKLASSE,PORSCHE,PANAMERA,189,21802
2025,3,März,2025-03-01,OBERKLASSE,PORSCHE,TAYCAN,300,21803
2025,3,März,2025-03-01,OBERKLASSE,ROLLS ROYCE,SPECTRE,8,21804
2025,3,März,2025-03-01,OBERKLASSE,TESLA,MODEL S,14,21805
2025,3,März,2025-03-01,SONSTIGE,ALPINE,SONSTIGE,3,21279
2025,3,März,2025-03-01,SONSTIGE,AUDI,SONSTIGE,43,21281
2025,3,März,2025-03-01,SONSTIGE,BENTLEY,SONSTIGE,1,21283
2025,3,März,2025-03-01,SONSTIGE,BMW,SONSTIGE,94,21285
2025,3,März,2025-03-01,SONSTIGE,BYD,SONSTIGE,4,21287
2025,3,März,2025-03-01,SONSTIGE,FERRARI,SONSTIGE,4,21289
2025,3,März,2025-03-01,SONSTIGE,FORD,SONSTIGE,2,21291
2025,3,März,2025-03-01,SONSTIGE,HONDA,SONSTIGE,1,21293
2025,3,März,2025-03-01,SONSTIGE,HYUNDAI,SONSTIGE,5,21295
2025,3,März,2025-03-01,SONSTIGE,KIA,SONSTIGE,6,21297
2025,3,März,2025-03-01,SONSTIGE,LAMBORGHINI,SONSTIGE,33,21299
2025,3,März,2025-03-01,SONSTIGE,MASERATI,SONSTIGE,3,21301
2025,3,März,2025-03-01,SONSTIGE,MAXUS,SONSTIGE,11,21303
2025,3,März,2025-03-01,SONSTIGE,MAZDA,SONSTIGE,4,21304
2025,3,März,2025-03-01,SONSTIGE,MERCEDES,SONSTIGE,11,21343
2025,3,März,2025-03-01,SONSTIGE,MORGAN,SONSTIGE,11,21344
2025,3,März,2025-03-01,SONSTIGE,NISSAN,SONSTIGE,2,21346
2025,3,März,2025-03-01,SONSTIGE,PORSCHE,SONSTIGE,95,21349
2025,3,März,2025-03-01,SONSTIGE,ROLLS ROYCE,SONSTIGE,23,21352
2025,3,März,2025-03-01,SONSTIGE,SKODA,SONSTIGE,1,21355
2025,3,März,2025-03-01,SONSTIGE,SONSTIGE,SONSTIGE,999,21358
2025,3,März,2025-03-01,SONSTIGE,SUZUKI,SONSTIGE,2,21361
2025,3,März,2025-03-01,SONSTIGE,TOYOTA,SONSTIGE,2,21364
2025,3,März,2025-03-01,SONSTIGE,VW,SONSTIGE,35,21367
2025,3,März,2025-03-01,SPORTWAGEN,ALPINE,A110,28,20974
2025,3,März,2025-03-01,SPORTWAGEN,AUDI,R8,9,20977
2025,3,März,2025-03-01,SPORTWAGEN,AUDI,TT,3,20980
2025,3,März,2025-03-01,SPORTWAGEN,BMW,Z4,541,20983
2025,3,März,2025-03-01,SPORTWAGEN,FERRARI,12CILINDRI,18,20986
2025,3,März,2025-03-01,SPORTWAGEN,FERRARI,296,62,20989
2025,3,März,2025-03-01,SPORTWAGEN,FERRARI,F8,1,20992
2025,3,März,2025-03-01,SPORTWAGEN,FERRARI,ROMA,27,20995
2025,3,März,2025-03-01,SPORTWAGEN,FERRARI,SF90,35,20998
2025,3,März,2025-03-01,SPORTWAGEN,FORD,MUSTANG,131,21001
2025,3,März,2025-03-01,SPORTWAGEN,JAGUAR,F-TYPE,12,21004
2025,3,März,2025-03-01,SPORTWAGEN,LOTUS,EMIRA,18,21045
2025,3,März,2025-03-01,SPORTWAGEN,MASERATI,GRANTURISMO,2,21047
2025,3,März,2025-03-01,SPORTWAGEN,MERCEDES,AMG GT,86,21050
2025,3,März,2025-03-01,SPORTWAGEN,MERCEDES,SL,103,21053
2025,3,März,2025-03-01,SPORTWAGEN,MG ROEWE,CYBERSTER,40,21056
2025,3,März,2025-03-01,SPORTWAGEN,PORSCHE,911,1159,21059
2025,3,März,2025-03-01,SPORTWAGEN,PORSCHE,BOXSTER,26,21062
2025,3,März,2025-03-01,SPORTWAGEN,PORSCHE,CAYMAN,68,21065
2025,3,März,2025-03-01,SPORTWAGEN,SONSTIGE,SONSTIGE,15,21068
2025,3,März,2025-03-01,SPORTWAGEN,SUBARU,BRZ,31,21071
2025,3,März,2025-03-01,SPORTWAGEN,TOYOTA,GR 86,1,21074
2025,3,März,2025-03-01,SPORTWAGEN,TOYOTA,SUPRA,9,21077
2025,3,März,2025-03-01,SUVs,ALFA ROMEO,JUNIOR,434,21806
2025,3,März,2025-03-01,SUVs,ALFA ROMEO,STELVIO,127,21807
2025,3,März,2025-03-01,SUVs,ALFA ROMEO,TONALE,57,21808
2025,3,März,2025-03-01,SUVs,AUDI,Q2,1013,21809
2025,3,März,2025-03-01,SUVs,AUDI,Q4,1220,21810
2025,3,März,2025-03-01,SUVs,AUDI,Q6,950,21811
2025,3,März,2025-03-01,SUVs,BMW,IX,298,20048
2025,3,März,2025-03-01,SUVs,BMW,X1,3999,20423
2025,3,März,2025-03-01,SUVs,BMW,X2,661,20426
2025,3,März,2025-03-01,SUVs,BMW,XM,63,20428
2025,3,März,2025-03-01,SUVs,BYD,ATTO 2,20,20430
2025,3,März,2025-03-01,SUVs,BYD,ATTO 3,182,20432
2025,3,März,2025-03-01,SUVs,BYD,SEAL U,262,20434
2025,3,März,2025-03-01,SUVs,BYD,SEALION 7,59,20436
2025,3,März,2025-03-01,SUVs,BYD,TANG,9,20438
2025,3,März,2025-03-01,SUVs,DACIA,BIGSTER,205,20440
2025,3,März,2025-03-01,SUVs,DACIA,DUSTER,1898,20442
2025,3,März,2025-03-01,SUVs,DS,7,271,20444
2025,3,März,2025-03-01,SUVs,FERRARI,PUROSANGUE,41,20446
2025,3,März,2025-03-01,SUVs,FIAT,600,529,20448
2025,3,März,2025-03-01,SUVs,FORD,CAPRI,156,20450
2025,3,März,2025-03-01,SUVs,FORD,ECOSPORT,38,20452
2025,3,März,2025-03-01,SUVs,FORD,EXPLORER,776,20453
2025,3,März,2025-03-01,SUVs,FORD,KUGA,1499,20454
2025,3,März,2025-03-01,SUVs,FORD,MUSTANG MACH-E,40,20456
2025,3,März,2025-03-01,SUVs,GWM,WEY 03,21,20458
2025,3,März,2025-03-01,SUVs,GWM,WEY 05,39,20460
2025,3,März,2025-03-01,SUVs,HONDA,CR-V,254,20462
2025,3,März,2025-03-01,SUVs,HONDA,E:NY1,2,20502
2025,3,März,2025-03-01,SUVs,HONDA,HR-V,265,20504
2025,3,März,2025-03-01,SUVs,HONDA,ZR-V,96,20506
2025,3,März,2025-03-01,SUVs,HYUNDAI,BAYON,188,20508
2025,3,März,2025-03-01,SUVs,HYUNDAI,GV60,21,20510
2025,3,März,2025-03-01,SUVs,HYUNDAI,GV70,104,20512
2025,3,März,2025-03-01,SUVs,HYUNDAI,GV80,3,20514
2025,3,März,2025-03-01,SUVs,HYUNDAI,IONIQ5,660,20516
2025,3,März,2025-03-01,SUVs,HYUNDAI,KONA,1148,20518
2025,3,März,2025-03-01,SUVs,HYUNDAI,TUCSON,1579,20520
2025,3,März,2025-03-01,SUVs,JEEP,AVENGER,662,20522
2025,3,März,2025-03-01,SUVs,KIA,EV3,806,20524
2025,3,März,2025-03-01,SUVs,KIA,EV6,228,20526
2025,3,März,2025-03-01,SUVs,KIA,EV9,146,20528
2025,3,März,2025-03-01,SUVs,KIA,NIRO,98,20530
2025,3,März,2025-03-01,SUVs,KIA,SPORTAGE,990,20532
2025,3,März,2025-03-01,SUVs,KIA,STONIC,227,20534
2025,3,März,2025-03-01,SUVs,LEAPMOTOR,C10,12,20536
2025,3,März,2025-03-01,SUVs,LEXUS,LBX,90,20538
2025,3,März,2025-03-01,SUVs,LEXUS,NX,148,20540
2025,3,März,2025-03-01,SUVs,LEXUS,RX,19,20548
2025,3,März,2025-03-01,SUVs,LEXUS,RZ,5,20551
2025,3,März,2025-03-01,SUVs,LEXUS,UX,87,20554
2025,3,März,2025-03-01,SUVs,LOTUS,ELETRE,13,20558
2025,3,März,2025-03-01,SUVs,LYNK & CO,01,1,20561
2025,3,März,2025-03-01,SUVs,LYNK & CO,02,2,20564
2025,3,März,2025-03-01,SUVs,MASERATI,GRECALE,73,20567
2025,3,März,2025-03-01,SUVs,MASERATI,LEVANTE,3,20570
2025,3,März,2025-03-01,SUVs,MAZDA,CX-30,1540,20573
2025,3,März,2025-03-01,SUVs,MAZDA,CX-5,723,20576
2025,3,März,2025-03-01,SUVs,MAZDA,CX-60,1114,20579
2025,3,März,2025-03-01,SUVs,MAZDA,CX-80,336,20582
2025,3,März,2025-03-01,SUVs,MAZDA,MX-30,26,20584
2025,3,März,2025-03-01,SUVs,MERCEDES,GLA,2138,20615
2025,3,März,2025-03-01,SUVs,MERCEDES,GLB,1241,20618
2025,3,März,2025-03-01,SUVs,MERCEDES,"GLK, GLC",3080,20621
2025,3,März,2025-03-01,SUVs,MG ROEWE,MARVEL,2,20665
2025,3,März,2025-03-01,SUVs,MG ROEWE,RX6,393,20667
2025,3,März,2025-03-01,SUVs,MG ROEWE,ZS,427,20668
2025,3,März,2025-03-01,SUVs,MITSUBISHI,ASX,323,20670
2025,3,März,2025-03-01,SUVs,MITSUBISHI,ECLIPSE CROSS,114,20672
2025,3,März,2025-03-01,SUVs,MITSUBISHI,OUTLANDER,50,20674
2025,3,März,2025-03-01,SUVs,NIO,EL6,2,20676
2025,3,März,2025-03-01,SUVs,NIO,EL7,1,20678
2025,3,März,2025-03-01,SUVs,NIO,ES8,2,20680
2025,3,März,2025-03-01,SUVs,NISSAN,ARIYA,179,20682
2025,3,März,2025-03-01,SUVs,NISSAN,QASHQAI,2206,20684
2025,3,März,2025-03-01,SUVs,OPEL,CROSSLAND X,32,20686
2025,3,März,2025-03-01,SUVs,OPEL,FRONTERA,1,20688
2025,3,März,2025-03-01,SUVs,OPEL,GRANDLAND X,1028,20690
2025,3,März,2025-03-01,SUVs,OPEL,MOKKA,1541,20692
2025,3,März,2025-03-01,SUVs,PEUGEOT,2008,1297,20694
2025,3,März,2025-03-01,SUVs,POLESTAR,3,13,20696
2025,3,März,2025-03-01,SUVs,POLESTAR,4,130,20698
2025,3,März,2025-03-01,SUVs,RENAULT,ARKANA,142,20700
2025,3,März,2025-03-01,SUVs,RENAULT,AUSTRAL,959,20702
2025,3,März,2025-03-01,SUVs,RENAULT,CAPTUR,879,20704
2025,3,März,2025-03-01,SUVs,RENAULT,KOLEOS,1,20705
2025,3,März,2025-03-01,SUVs,RENAULT,RAFALE,372,20728
2025,3,März,2025-03-01,SUVs,RENAULT,SYMBIOZ,185,20731
2025,3,März,2025-03-01,SUVs,SEAT,ARONA,1432,20734
2025,3,März,2025-03-01,SUVs,SEAT,ATECA,1173,20737
2025,3,März,2025-03-01,SUVs,SEAT,FORMENTOR,4417,20740
2025,3,März,2025-03-01,SUVs,SEAT,TARRACO,21,20743
2025,3,März,2025-03-01,SUVs,SEAT,TAVASCAN,1100,20756
2025,3,März,2025-03-01,SUVs,SEAT,TERRAMAR,2347,20759
2025,3,März,2025-03-01,SUVs,SKODA,ELROQ,1132,20762
2025,3,März,2025-03-01,SUVs,SKODA,ENYAQ,2392,20765
2025,3,März,2025-03-01,SUVs,SKODA,KAMIQ,1987,20768
2025,3,März,2025-03-01,SUVs,SKODA,KAROQ,2301,20771
2025,3,März,2025-03-01,SUVs,SMART,1,152,20774
2025,3,März,2025-03-01,SUVs,SMART,3,87,20777
2025,3,März,2025-03-01,SUVs,SMART,5,1,20780
2025,3,März,2025-03-01,SUVs,SSANGYONG,ACTYON,43,20783
2025,3,März,2025-03-01,SUVs,SSANGYONG,KORANDO,64,20785
2025,3,März,2025-03-01,SUVs,SSANGYONG,TIVOLI,60,20787
2025,3,März,2025-03-01,SUVs,SSANGYONG,TORRES,44,20790
2025,3,März,2025-03-01,SUVs,SUBARU,CROSSTREK,127,20793
2025,3,März,2025-03-01,SUVs,SUBARU,SOLTERRA,11,20796
2025,3,März,2025-03-01,SUVs,SUZUKI,ACROSS,22,20798
2025,3,März,2025-03-01,SUVs,SUZUKI,SX4,309,20801
2025,3,März,2025-03-01,SUVs,SUZUKI,VITARA,639,20804
2025,3,März,2025-03-01,SUVs,TESLA,MODEL X,19,20807
2025,3,März,2025-03-01,SUVs,TESLA,MODEL Y,1428,20810
2025,3,März,2025-03-01,SUVs,TOYOTA,BZ4,546,20813
2025,3,März,2025-03-01,SUVs,TOYOTA,C-HR,999,20816
2025,3,März,2025-03-01,SUVs,TOYOTA,RAV 4,381,20819
2025,3,März,2025-03-01,SUVs,VINFAST,VF 6,1,20822
2025,3,März,2025-03-01,SUVs,VINFAST,VF 8,8,20824
2025,3,März,2025-03-01,SUVs,VOLVO,C40,59,20825
2025,3,März,2025-03-01,SUVs,VOLVO,EX30,554,20826
2025,3,März,2025-03-01,SUVs,VOLVO,EX90,67,20827
2025,3,März,2025-03-01,SUVs,VW,"ID.4, ID.5",2593,20829
2025,3,März,2025-03-01,SUVs,VW,T-CROSS,2818,20831
2025,3,März,2025-03-01,SUVs,VW,T-ROC,7313,20834
2025,3,März,2025-03-01,SUVs,VW,TAIGO,2111,20837
2025,3,März,2025-03-01,SUVs,VW,TAYRON,2371,20840
2025,3,März,2025-03-01,SUVs,XPENG,G6,83,20843
2025,3,März,2025-03-01,SUVs,XPENG,G9,78,20846
2025,3,März,2025-03-01,UTILITIES,CITROEN,BERLINGO,366,21112
2025,3,März,2025-03-01,UTILITIES,CITROEN,JUMPER,34,21115
2025,3,März,2025-03-01,UTILITIES,CITROEN,JUMPY,349,21117
2025,3,März,2025-03-01,UTILITIES,FIAT,DOBLO,2,21119
2025,3,März,2025-03-01,UTILITIES,FIAT,DUCATO,48,21120
2025,3,März,2025-03-01,UTILITIES,FORD,TRANSIT CONNECT,429,21122
2025,3,März,2025-03-01,UTILITIES,FORD,TRANSIT COURIER,415,21123
2025,3,März,2025-03-01,UTILITIES,FORD,TRANSIT CUSTOM,1859,21125
2025,3,März,2025-03-01,UTILITIES,FORD,"TRANSIT, TOURNEO",82,21126
2025,3,März,2025-03-01,UTILITIES,HYUNDAI,STARIA,47,21127
2025,3,März,2025-03-01,UTILITIES,IVECO,DAILY,5,21129
2025,3,März,2025-03-01,UTILITIES,MAN,TGE,103,21131
2025,3,März,2025-03-01,UTILITIES,MERCEDES,CITAN,488,21133
2025,3,März,2025-03-01,UTILITIES,MERCEDES,SPRINTER,346,21135
2025,3,März,2025-03-01,UTILITIES,MERCEDES,VITO,521,21137
2025,3,März,2025-03-01,UTILITIES,NISSAN,PRIMASTAR,215,21139
2025,3,März,2025-03-01,UTILITIES,NISSAN,TOWNSTAR,332,21141
2025,3,März,2025-03-01,UTILITIES,OPEL,COMBO,53,21143
2025,3,März,2025-03-01,UTILITIES,OPEL,MOVANO,8,21145
2025,3,März,2025-03-01,UTILITIES,OPEL,ZAFIRA LIFE,139,21147
2025,3,März,2025-03-01,UTILITIES,PEUGEOT,BOXER,4,21149
2025,3,März,2025-03-01,UTILITIES,PEUGEOT,EXPERT,183,21150
2025,3,März,2025-03-01,UTILITIES,PEUGEOT,RIFTER,69,21152
2025,3,März,2025-03-01,UTILITIES,RENAULT,KANGOO,364,21160
2025,3,März,2025-03-01,UTILITIES,RENAULT,MASTER,1,21163
2025,3,März,2025-03-01,UTILITIES,RENAULT,TRAFIC,64,21166
2025,3,März,2025-03-01,UTILITIES,TOYOTA,PROACE,316,21169
2025,3,März,2025-03-01,UTILITIES,VW,CADDY,1733,21172
2025,3,März,2025-03-01,UTILITIES,VW,CRAFTER,85,21175
2025,3,März,2025-03-01,UTILITIES,VW,ID. BUZZ,880,21178
2025,3,März,2025-03-01,UTILITIES,VW,TRANSPORTER,2380,21181
2025,3,März,2025-03-01,WOHNMOBILE,CITROEN,JUMPER,973,21184
2025,3,März,2025-03-01,WOHNMOBILE,CITROEN,JUMPY,101,21187
2025,3,März,2025-03-01,WOHNMOBILE,CITROEN,SONSTIGE,1,21190
2025,3,März,2025-03-01,WOHNMOBILE,FIAT,DUCATO,3528,21192
2025,3,März,2025-03-01,WOHNMOBILE,FIAT,ULYSSE,1,21194
2025,3,März,2025-03-01,WOHNMOBILE,FORD,SONSTIGE,17,21197
2025,3,März,2025-03-01,WOHNMOBILE,FORD,TRANSIT CUSTOM,182,21200
2025,3,März,2025-03-01,WOHNMOBILE,FORD,"TRANSIT, TOURNEO",779,21203
2025,3,März,2025-03-01,WOHNMOBILE,IVECO,DAILY,89,21206
2025,3,März,2025-03-01,WOHNMOBILE,IVECO,EUROCARGO,1,21209
2025,3,März,2025-03-01,WOHNMOBILE,MAN,TGE,60,21212
2025,3,März,2025-03-01,WOHNMOBILE,MAN,TGL,1,21215
2025,3,März,2025-03-01,WOHNMOBILE,MAN,TGM,4,21218
2025,3,März,2025-03-01,WOHNMOBILE,MERCEDES,ACTROS,1,21221
2025,3,März,2025-03-01,WOHNMOBILE,MERCEDES,SPRINTER,699,21224
2025,3,März,2025-03-01,WOHNMOBILE,MERCEDES,V-KLASSE,151,21227
2025,3,März,2025-03-01,WOHNMOBILE,MERCEDES,VITO,13,21229
2025,3,März,2025-03-01,WOHNMOBILE,MITSUBISHI,SONSTIGE,1,21234
2025,3,März,2025-03-01,WOHNMOBILE,NISSAN,PRIMASTAR,20,21237
2025,3,März,2025-03-01,WOHNMOBILE,NISSAN,SONSTIGE,10,21240
2025,3,März,2025-03-01,WOHNMOBILE,OPEL,COMBO,1,21243
2025,3,März,2025-03-01,WOHNMOBILE,OPEL,MOVANO,37,21246
2025,3,März,2025-03-01,WOHNMOBILE,OPEL,VIVARO,3,21249
2025,3,März,2025-03-01,WOHNMOBILE,OPEL,ZAFIRA LIFE,47,21252
2025,3,März,2025-03-01,WOHNMOBILE,PEUGEOT,BOXER,278,21255
2025,3,März,2025-03-01,WOHNMOBILE,PEUGEOT,EXPERT,11,21258
2025,3,März,2025-03-01,WOHNMOBILE,PEUGEOT,RIFTER,1,21261
2025,3,März,2025-03-01,WOHNMOBILE,RENAULT,MASTER,88,21264
2025,3,März,2025-03-01,WOHNMOBILE,RENAULT,TRAFIC,48,21266
2025,3,März,2025-03-01,WOHNMOBILE,SONSTIGE,SONSTIGE,57,21268
2025,3,März,2025-03-01,WOHNMOBILE,TOYOTA,PROACE,3,21269
2025,3,März,2025-03-01,WOHNMOBILE,VOLVO,FH,1,21271
2025,3,März,2025-03-01,WOHNMOBILE,VW,CADDY,9,21273
2025,3,März,2025-03-01,WOHNMOBILE,VW,CRAFTER,260,21275
2025,3,März,2025-03-01,WOHNMOBILE,VW,TRANSPORTER,443,21277
2025,4,April,2025-04-01,GELÄNDEWAGEN,ASTON MARTIN,DBX,4,20152
2025,4,April,2025-04-01,GELÄNDEWAGEN,AUDI,Q3,1372,20153
2025,4,April,2025-04-01,GELÄNDEWAGEN,AUDI,Q5,899,20154
2025,4,April,2025-04-01,GELÄNDEWAGEN,AUDI,Q7,506,20155
2025,4,April,2025-04-01,GELÄNDEWAGEN,AUDI,Q8,704,20156
2025,4,April,2025-04-01,GELÄNDEWAGEN,BENTLEY,BENTAYGA,11,20157
2025,4,April,2025-04-01,GELÄNDEWAGEN,BMW,X3,1852,20158
2025,4,April,2025-04-01,GELÄNDEWAGEN,BMW,X4,319,20159
2025,4,April,2025-04-01,GELÄNDEWAGEN,BMW,X5,1060,20160
2025,4,April,2025-04-01,GELÄNDEWAGEN,BMW,X6,269,20161
2025,4,April,2025-04-01,GELÄNDEWAGEN,BMW,X7,297,20162
2025,4,April,2025-04-01,GELÄNDEWAGEN,CADILLAC,ESCALADE,9,20163
2025,4,April,2025-04-01,GELÄNDEWAGEN,HYUNDAI,SANTA FE,155,20164
2025,4,April,2025-04-01,GELÄNDEWAGEN,INEOS,GRENADIER,35,20165
2025,4,April,2025-04-01,GELÄNDEWAGEN,JAGUAR,F-PACE,9,20166
2025,4,April,2025-04-01,GELÄNDEWAGEN,JEEP,COMPASS,358,20167
2025,4,April,2025-04-01,GELÄNDEWAGEN,JEEP,GRAND CHEROKEE,6,20168
2025,4,April,2025-04-01,GELÄNDEWAGEN,JEEP,RENEGADE,81,20169
2025,4,April,2025-04-01,GELÄNDEWAGEN,JEEP,WRANGLER,96,20170
2025,4,April,2025-04-01,GELÄNDEWAGEN,KGM,REXTON,22,20171
2025,4,April,2025-04-01,GELÄNDEWAGEN,KIA,SORENTO,135,20172
2025,4,April,2025-04-01,GELÄNDEWAGEN,LAMBORGHINI,URUS,71,20173
2025,4,April,2025-04-01,GELÄNDEWAGEN,LAND ROVER,DEFENDER,466,20174
2025,4,April,2025-04-01,GELÄNDEWAGEN,LAND ROVER,DISCOVERY,17,20175
2025,4,April,2025-04-01,GELÄNDEWAGEN,LAND ROVER,DISCOVERY SPORT,65,20176
2025,4,April,2025-04-01,GELÄNDEWAGEN,LAND ROVER,RANGE ROVER,126,20177
2025,4,April,2025-04-01,GELÄNDEWAGEN,LAND ROVER,RANGE ROVER EVOQUE,242,20178
2025,4,April,2025-04-01,GELÄNDEWAGEN,LAND ROVER,RANGE ROVER SPORT,324,20179
2025,4,April,2025-04-01,GELÄNDEWAGEN,LAND ROVER,RANGE ROVER VELAR,149,20180
2025,4,April,2025-04-01,GELÄNDEWAGEN,MERCEDES,G-KLASSE,538,20181
2025,4,April,2025-04-01,GELÄNDEWAGEN,MERCEDES,"GL-KLASSE, GLS",153,20182
2025,4,April,2025-04-01,GELÄNDEWAGEN,MERCEDES,"ML-KLASSE, GLE",783,20183
2025,4,April,2025-04-01,GELÄNDEWAGEN,NISSAN,X-TRAIL,308,20184
2025,4,April,2025-04-01,GELÄNDEWAGEN,PORSCHE,CAYENNE,754,20185
2025,4,April,2025-04-01,GELÄNDEWAGEN,PORSCHE,MACAN,549,20186
2025,4,April,2025-04-01,GELÄNDEWAGEN,SKODA,KODIAQ,2555,20187
2025,4,April,2025-04-01,GELÄNDEWAGEN,SUBARU,FORESTER,123,20188
2025,4,April,2025-04-01,GELÄNDEWAGEN,TOYOTA,LANDCRUISER,32,20189
2025,4,April,2025-04-01,GELÄNDEWAGEN,VOLVO,XC40,1603,20190
2025,4,April,2025-04-01,GELÄNDEWAGEN,VOLVO,XC60,1459,20191
2025,4,April,2025-04-01,GELÄNDEWAGEN,VOLVO,XC90,853,20192
2025,4,April,2025-04-01,GELÄNDEWAGEN,VW,TIGUAN,6177,20193
2025,4,April,2025-04-01,GELÄNDEWAGEN,VW,TOUAREG,634,20194
2025,4,April,2025-04-01,GROSSRAUM-VANS,DACIA,JOGGER,1056,20220
2025,4,April,2025-04-01,GROSSRAUM-VANS,LEXUS,LM,21,20221
2025,4,April,2025-04-01,GROSSRAUM-VANS,MAXUS,MIFA 9,17,20222
2025,4,April,2025-04-01,GROSSRAUM-VANS,MERCEDES,V-KLASSE,1687,20223
2025,4,April,2025-04-01,GROSSRAUM-VANS,PEUGEOT,5008,360,20224
2025,4,April,2025-04-01,GROSSRAUM-VANS,RENAULT,ESPACE,165,20225
2025,4,April,2025-04-01,GROSSRAUM-VANS,VW,TOURAN,1359,20226
2025,4,April,2025-04-01,KLEINWAGEN,ALPINE,A290,62,21395
2025,4,April,2025-04-01,KLEINWAGEN,AUDI,A1,861,21398
2025,4,April,2025-04-01,KLEINWAGEN,CITROEN,C3,1813,21400
2025,4,April,2025-04-01,KLEINWAGEN,CITROEN,SAXO,1,21403
2025,4,April,2025-04-01,KLEINWAGEN,DS,3,13,21406
2025,4,April,2025-04-01,KLEINWAGEN,FORD,PUMA,1291,21409
2025,4,April,2025-04-01,KLEINWAGEN,HONDA,JAZZ,166,21412
2025,4,April,2025-04-01,KLEINWAGEN,HYUNDAI,I 20,928,21415
2025,4,April,2025-04-01,KLEINWAGEN,HYUNDAI,INSTER,1043,21418
2025,4,April,2025-04-01,KLEINWAGEN,KIA,RIO,3,21812
2025,4,April,2025-04-01,KLEINWAGEN,MAZDA,2,412,21813
2025,4,April,2025-04-01,KLEINWAGEN,MG ROEWE,3,155,21814
2025,4,April,2025-04-01,KLEINWAGEN,MINI,MINI,2782,21815
2025,4,April,2025-04-01,KLEINWAGEN,MITSUBISHI,COLT,376,21816
2025,4,April,2025-04-01,KLEINWAGEN,MITSUBISHI,"MIRAGE, SPACE STAR",785,21817
2025,4,April,2025-04-01,KLEINWAGEN,NISSAN,JUKE,699,21818
2025,4,April,2025-04-01,KLEINWAGEN,OPEL,CORSA,4295,21819
2025,4,April,2025-04-01,KLEINWAGEN,PEUGEOT,208,1623,21820
2025,4,April,2025-04-01,KLEINWAGEN,RENAULT,CLIO,654,21821
2025,4,April,2025-04-01,KLEINWAGEN,RENAULT,R4,15,21822
2025,4,April,2025-04-01,KLEINWAGEN,RENAULT,R5,686,21823
2025,4,April,2025-04-01,KLEINWAGEN,SEAT,IBIZA,1142,21824
2025,4,April,2025-04-01,KLEINWAGEN,SKODA,FABIA,2206,21825
2025,4,April,2025-04-01,KLEINWAGEN,SUZUKI,IGNIS,34,21826
2025,4,April,2025-04-01,KLEINWAGEN,SUZUKI,SWIFT,1097,21827
2025,4,April,2025-04-01,KLEINWAGEN,TOYOTA,YARIS,2085,21828
2025,4,April,2025-04-01,KLEINWAGEN,VW,POLO,2214,21829
2025,4,April,2025-04-01,KOMPAKTKLASSE,AUDI,A3,2444,21830
2025,4,April,2025-04-01,KOMPAKTKLASSE,BMW,1ER,2130,21831
2025,4,April,2025-04-01,KOMPAKTKLASSE,BMW,2ER,1434,21832
2025,4,April,2025-04-01,KOMPAKTKLASSE,BYD,DOLPHIN,104,21833
2025,4,April,2025-04-01,KOMPAKTKLASSE,CITROEN,C4,576,21834
2025,4,April,2025-04-01,KOMPAKTKLASSE,DACIA,LOGAN,7,21835
2025,4,April,2025-04-01,KOMPAKTKLASSE,DACIA,SANDERO,1990,21836
2025,4,April,2025-04-01,KOMPAKTKLASSE,DS,4,43,21837
2025,4,April,2025-04-01,KOMPAKTKLASSE,FIAT,TIPO,31,21838
2025,4,April,2025-04-01,KOMPAKTKLASSE,FORD,FOCUS,1777,21839
2025,4,April,2025-04-01,KOMPAKTKLASSE,GWM,ORA 03,86,21840
2025,4,April,2025-04-01,KOMPAKTKLASSE,HONDA,CIVIC,66,21841
2025,4,April,2025-04-01,KOMPAKTKLASSE,HYUNDAI,I 30,691,21842
2025,4,April,2025-04-01,KOMPAKTKLASSE,KIA,CEED,1763,21843
2025,4,April,2025-04-01,KOMPAKTKLASSE,MAZDA,3,371,21844
2025,4,April,2025-04-01,KOMPAKTKLASSE,MAZDA,MX-5,59,21845
2025,4,April,2025-04-01,KOMPAKTKLASSE,MERCEDES,A-KLASSE,1480,21846
2025,4,April,2025-04-01,KOMPAKTKLASSE,MG ROEWE,4,859,21847
2025,4,April,2025-04-01,KOMPAKTKLASSE,OPEL,ASTRA,3769,21848
2025,4,April,2025-04-01,KOMPAKTKLASSE,PEUGEOT,308,726,21849
2025,4,April,2025-04-01,KOMPAKTKLASSE,RENAULT,MEGANE,26,21850
2025,4,April,2025-04-01,KOMPAKTKLASSE,SEAT,BORN,1870,21851
2025,4,April,2025-04-01,KOMPAKTKLASSE,SEAT,LEON,3279,21852
2025,4,April,2025-04-01,KOMPAKTKLASSE,SKODA,OCTAVIA,3574,21853
2025,4,April,2025-04-01,KOMPAKTKLASSE,SKODA,SCALA,645,21854
2025,4,April,2025-04-01,KOMPAKTKLASSE,SUBARU,IMPREZA,5,21855
2025,4,April,2025-04-01,KOMPAKTKLASSE,SUZUKI,SWACE,79,21856
2025,4,April,2025-04-01,KOMPAKTKLASSE,TOYOTA,COROLLA,1016,21857
2025,4,April,2025-04-01,KOMPAKTKLASSE,TOYOTA,PRIUS,24,21858
2025,4,April,2025-04-01,KOMPAKTKLASSE,VW,GOLF,6861,21859
2025,4,April,2025-04-01,KOMPAKTKLASSE,VW,ID.3,2989,21860
2025,4,April,2025-04-01,MINI-VANS,KIA,SOUL,2,20216
2025,4,April,2025-04-01,MINI-VANS,MERCEDES,B-KLASSE,661,20217
2025,4,April,2025-04-01,MINI-VANS,PEUGEOT,3008,620,20218
2025,4,April,2025-04-01,MINI-VANS,RENAULT,SCENIC,105,20219
2025,4,April,2025-04-01,MINIS,DACIA,SPRING,306,21370
2025,4,April,2025-04-01,MINIS,FIAT,500,1045,21373
2025,4,April,2025-04-01,MINIS,FIAT,PANDA,242,21376
2025,4,April,2025-04-01,MINIS,HYUNDAI,I 10,1231,21379
2025,4,April,2025-04-01,MINIS,KIA,PICANTO,856,21381
2025,4,April,2025-04-01,MINIS,LEAPMOTOR,T03,274,21385
2025,4,April,2025-04-01,MINIS,RENAULT,TWINGO,1,21388
2025,4,April,2025-04-01,MINIS,TOYOTA,AYGO,1089,21391
2025,4,April,2025-04-01,MINIS,VW,UP,12,21393
2025,4,April,2025-04-01,MITTELKLASSE,ALFA ROMEO,GIULIA,78,21861
2025,4,April,2025-04-01,MITTELKLASSE,AUDI,A4,209,21862
2025,4,April,2025-04-01,MITTELKLASSE,AUDI,A5,1613,21863
2025,4,April,2025-04-01,MITTELKLASSE,BMW,3ER,3093,21864
2025,4,April,2025-04-01,MITTELKLASSE,BMW,4ER,2341,21865
2025,4,April,2025-04-01,MITTELKLASSE,BYD,SEAL,144,21866
2025,4,April,2025-04-01,MITTELKLASSE,CITROEN,C5,397,21867
2025,4,April,2025-04-01,MITTELKLASSE,GWM,ORA 07,2,21868
2025,4,April,2025-04-01,MITTELKLASSE,HYUNDAI,G70,11,21869
2025,4,April,2025-04-01,MITTELKLASSE,HYUNDAI,IONIQ6,103,21870
2025,4,April,2025-04-01,MITTELKLASSE,JAGUAR,XE,2,21871
2025,4,April,2025-04-01,MITTELKLASSE,LEXUS,RC,1,21872
2025,4,April,2025-04-01,MITTELKLASSE,MAZDA,6,32,21873
2025,4,April,2025-04-01,MITTELKLASSE,MERCEDES,C-KLASSE,2702,21874
2025,4,April,2025-04-01,MITTELKLASSE,MERCEDES,CLA-KLASSE,1224,21875
2025,4,April,2025-04-01,MITTELKLASSE,NIO,ET5,3,21876
2025,4,April,2025-04-01,MITTELKLASSE,PEUGEOT,408,352,21877
2025,4,April,2025-04-01,MITTELKLASSE,PEUGEOT,508,4,21878
2025,4,April,2025-04-01,MITTELKLASSE,POLESTAR,2,110,21879
2025,4,April,2025-04-01,MITTELKLASSE,SKODA,SUPERB,1476,21880
2025,4,April,2025-04-01,MITTELKLASSE,TESLA,MODEL 3,234,21881
2025,4,April,2025-04-01,MITTELKLASSE,VOLVO,60,392,21882
2025,4,April,2025-04-01,MITTELKLASSE,VW,ARTEON,44,21883
2025,4,April,2025-04-01,MITTELKLASSE,VW,PASSAT,4027,21884
2025,4,April,2025-04-01,OBERE MITTELKLASSE,AUDI,A6,3802,21885
2025,4,April,2025-04-01,OBERE MITTELKLASSE,BMW,5ER,3274,21886
2025,4,April,2025-04-01,OBERE MITTELKLASSE,DS,9,8,21887
2025,4,April,2025-04-01,OBERE MITTELKLASSE,HYUNDAI,G80,5,21888
2025,4,April,2025-04-01,OBERE MITTELKLASSE,LEXUS,ES,25,21889
2025,4,April,2025-04-01,OBERE MITTELKLASSE,MERCEDES,CLE,1244,21890
2025,4,April,2025-04-01,OBERE MITTELKLASSE,MERCEDES,E-KLASSE,2759,21891
2025,4,April,2025-04-01,OBERE MITTELKLASSE,SUBARU,OUTBACK,83,21892
2025,4,April,2025-04-01,OBERE MITTELKLASSE,TOYOTA,CAMRY,1,21893
2025,4,April,2025-04-01,OBERE MITTELKLASSE,TOYOTA,MIRAI,5,21894
2025,4,April,2025-04-01,OBERE MITTELKLASSE,VOLVO,90,100,21895
2025,4,April,2025-04-01,OBERE MITTELKLASSE,VW,ID.7,3133,21896
2025,4,April,2025-04-01,OBERE MITTELKLASSE,XPENG,P7,21,21897
2025,4,April,2025-04-01,OBERKLASSE,AUDI,A7,137,21898
2025,4,April,2025-04-01,OBERKLASSE,AUDI,A8,96,21899
2025,4,April,2025-04-01,OBERKLASSE,AUDI,E-TRON GT,120,21900
2025,4,April,2025-04-01,OBERKLASSE,BENTLEY,CONTINENTAL,31,21901
2025,4,April,2025-04-01,OBERKLASSE,BMW,7ER,140,21902
2025,4,April,2025-04-01,OBERKLASSE,BMW,8ER,84,21903
2025,4,April,2025-04-01,OBERKLASSE,HYUNDAI,G90,12,21904
2025,4,April,2025-04-01,OBERKLASSE,LOTUS,EMEYA,6,20001
2025,4,April,2025-04-01,OBERKLASSE,LUCID,AIR,6,20003
2025,4,April,2025-04-01,OBERKLASSE,MASERATI,GHIBLI,3,20005
2025,4,April,2025-04-01,OBERKLASSE,MERCEDES,S-KLASSE,380,20008
2025,4,April,2025-04-01,OBERKLASSE,NIO,ET7,11,20010
2025,4,April,2025-04-01,OBERKLASSE,PORSCHE,PANAMERA,212,20012
2025,4,April,2025-04-01,OBERKLASSE,PORSCHE,TAYCAN,234,20014
2025,4,April,2025-04-01,OBERKLASSE,ROLLS ROYCE,SPECTRE,5,20016
2025,4,April,2025-04-01,OBERKLASSE,TESLA,MODEL S,7,20018
2025,4,April,2025-04-01,SONSTIGE,ALPINE,SONSTIGE,8,20298
2025,4,April,2025-04-01,SONSTIGE,AUDI,SONSTIGE,52,20299
2025,4,April,2025-04-01,SONSTIGE,BMW,SONSTIGE,107,20300
2025,4,April,2025-04-01,SONSTIGE,CHERY,SONSTIGE,4,20301
2025,4,April,2025-04-01,SONSTIGE,FERRARI,SONSTIGE,2,20302
2025,4,April,2025-04-01,SONSTIGE,FORD,SONSTIGE,4,20303
2025,4,April,2025-04-01,SONSTIGE,HYUNDAI,SONSTIGE,1,20304
2025,4,April,2025-04-01,SONSTIGE,KIA,SONSTIGE,3,20305
2025,4,April,2025-04-01,SONSTIGE,LAMBORGHINI,SONSTIGE,47,20306
2025,4,April,2025-04-01,SONSTIGE,MASERATI,SONSTIGE,4,20307
2025,4,April,2025-04-01,SONSTIGE,MAXUS,SONSTIGE,7,20308
2025,4,April,2025-04-01,SONSTIGE,MAZDA,SONSTIGE,9,20309
2025,4,April,2025-04-01,SONSTIGE,MERCEDES,SONSTIGE,5,20310
2025,4,April,2025-04-01,SONSTIGE,MORGAN,SONSTIGE,8,20311
2025,4,April,2025-04-01,SONSTIGE,NIO,SONSTIGE,2,20312
2025,4,April,2025-04-01,SONSTIGE,NISSAN,SONSTIGE,2,20313
2025,4,April,2025-04-01,SONSTIGE,POLESTAR,SONSTIGE,1,20314
2025,4,April,2025-04-01,SONSTIGE,PORSCHE,SONSTIGE,99,20315
2025,4,April,2025-04-01,SONSTIGE,ROLLS ROYCE,SONSTIGE,17,20316
2025,4,April,2025-04-01,SONSTIGE,SEAT,SONSTIGE,1,20317
2025,4,April,2025-04-01,SONSTIGE,SKODA,SONSTIGE,1,20318
2025,4,April,2025-04-01,SONSTIGE,SONSTIGE,SONSTIGE,900,20319
2025,4,April,2025-04-01,SONSTIGE,SUZUKI,SONSTIGE,3,20320
2025,4,April,2025-04-01,SONSTIGE,TOYOTA,SONSTIGE,3,20321
2025,4,April,2025-04-01,SONSTIGE,VW,SONSTIGE,18,20322
2025,4,April,2025-04-01,SPORTWAGEN,ALPINE,A110,28,20195
2025,4,April,2025-04-01,SPORTWAGEN,AUDI,R8,8,20196
2025,4,April,2025-04-01,SPORTWAGEN,AUDI,TT,3,20197
2025,4,April,2025-04-01,SPORTWAGEN,BMW,Z4,522,20198
2025,4,April,2025-04-01,SPORTWAGEN,FERRARI,12CILINDRI,28,20199
2025,4,April,2025-04-01,SPORTWAGEN,FERRARI,296,60,20200
2025,4,April,2025-04-01,SPORTWAGEN,FERRARI,ROMA,29,20201
2025,4,April,2025-04-01,SPORTWAGEN,FERRARI,SF90,27,20202
2025,4,April,2025-04-01,SPORTWAGEN,FORD,MUSTANG,109,20203
2025,4,April,2025-04-01,SPORTWAGEN,LOTUS,EMIRA,10,20204
2025,4,April,2025-04-01,SPORTWAGEN,MASERATI,GRANTURISMO,7,20205
2025,4,April,2025-04-01,SPORTWAGEN,MERCEDES,AMG GT,142,20206
2025,4,April,2025-04-01,SPORTWAGEN,MERCEDES,E-KLASSE COUPE,1,20207
2025,4,April,2025-04-01,SPORTWAGEN,MERCEDES,SL,95,20208
2025,4,April,2025-04-01,SPORTWAGEN,MG ROEWE,CYBERSTER,28,20209
2025,4,April,2025-04-01,SPORTWAGEN,PORSCHE,911,1209,20210
2025,4,April,2025-04-01,SPORTWAGEN,PORSCHE,BOXSTER,14,20211
2025,4,April,2025-04-01,SPORTWAGEN,PORSCHE,CAYMAN,83,20212
2025,4,April,2025-04-01,SPORTWAGEN,SONSTIGE,SONSTIGE,11,20213
2025,4,April,2025-04-01,SPORTWAGEN,SUBARU,BRZ,28,20214
2025,4,April,2025-04-01,SPORTWAGEN,TOYOTA,SUPRA,7,20215
2025,4,April,2025-04-01,SUVs,ALFA ROMEO,JUNIOR,360,20020
2025,4,April,2025-04-01,SUVs,ALFA ROMEO,STELVIO,133,20022
2025,4,April,2025-04-01,SUVs,ALFA ROMEO,TONALE,89,20024
2025,4,April,2025-04-01,SUVs,AUDI,Q2,872,20026
2025,4,April,2025-04-01,SUVs,AUDI,Q4,729,20028
2025,4,April,2025-04-01,SUVs,AUDI,Q6,1082,20030
2025,4,April,2025-04-01,SUVs,BMW,IX,359,20032
2025,4,April,2025-04-01,SUVs,BMW,X1,4464,20034
2025,4,April,2025-04-01,SUVs,BMW,X2,722,20035
2025,4,April,2025-04-01,SUVs,BMW,XM,73,20036
2025,4,April,2025-04-01,SUVs,BYD,ATTO 2,262,20037
2025,4,April,2025-04-01,SUVs,BYD,ATTO 3,64,20038
2025,4,April,2025-04-01,SUVs,BYD,SEAL U,785,20039
2025,4,April,2025-04-01,SUVs,BYD,SEALION 7,172,20040
2025,4,April,2025-04-01,SUVs,BYD,TANG,35,20041
2025,4,April,2025-04-01,SUVs,DACIA,BIGSTER,657,20042
2025,4,April,2025-04-01,SUVs,DACIA,DUSTER,1106,20043
2025,4,April,2025-04-01,SUVs,DS,7,155,20044
2025,4,April,2025-04-01,SUVs,FERRARI,PUROSANGUE,35,20045
2025,4,April,2025-04-01,SUVs,FIAT,600,722,20046
2025,4,April,2025-04-01,SUVs,FORD,CAPRI,224,20047
2025,4,April,2025-04-01,SUVs,FORD,EXPLORER,955,20049
2025,4,April,2025-04-01,SUVs,FORD,KUGA,1181,20050
2025,4,April,2025-04-01,SUVs,FORD,MUSTANG MACH-E,25,20051
2025,4,April,2025-04-01,SUVs,GWM,WEY 03,14,20052
2025,4,April,2025-04-01,SUVs,GWM,WEY 05,31,20053
2025,4,April,2025-04-01,SUVs,HONDA,CR-V,209,20054
2025,4,April,2025-04-01,SUVs,HONDA,E:NY1,3,20055
2025,4,April,2025-04-01,SUVs,HONDA,HR-V,121,20056
2025,4,April,2025-04-01,SUVs,HONDA,ZR-V,69,20057
2025,4,April,2025-04-01,SUVs,HYUNDAI,BAYON,228,20058
2025,4,April,2025-04-01,SUVs,HYUNDAI,GV60,8,20059
2025,4,April,2025-04-01,SUVs,HYUNDAI,GV70,67,20060
2025,4,April,2025-04-01,SUVs,HYUNDAI,GV80,4,20061
2025,4,April,2025-04-01,SUVs,HYUNDAI,IONIQ5,593,20062
2025,4,April,2025-04-01,SUVs,HYUNDAI,KONA,1346,20063
2025,4,April,2025-04-01,SUVs,HYUNDAI,TUCSON,1711,20064
2025,4,April,2025-04-01,SUVs,JEEP,AVENGER,442,20065
2025,4,April,2025-04-01,SUVs,KGM,ACTYON,31,20066
2025,4,April,2025-04-01,SUVs,KGM,KORANDO,23,20067
2025,4,April,2025-04-01,SUVs,KGM,TIVOLI,41,20068
2025,4,April,2025-04-01,SUVs,KGM,TORRES,30,20069
2025,4,April,2025-04-01,SUVs,KIA,EV3,933,20070
2025,4,April,2025-04-01,SUVs,KIA,EV6,287,20071
2025,4,April,2025-04-01,SUVs,KIA,EV9,126,20072
2025,4,April,2025-04-01,SUVs,KIA,NIRO,270,20073
2025,4,April,2025-04-01,SUVs,KIA,SPORTAGE,1310,20074
2025,4,April,2025-04-01,SUVs,KIA,STONIC,327,20076
2025,4,April,2025-04-01,SUVs,LEAPMOTOR,C10,40,20077
2025,4,April,2025-04-01,SUVs,LEXUS,LBX,101,20078
2025,4,April,2025-04-01,SUVs,LEXUS,NX,94,20079
2025,4,April,2025-04-01,SUVs,LEXUS,RX,67,20080
2025,4,April,2025-04-01,SUVs,LEXUS,RZ,81,20081
2025,4,April,2025-04-01,SUVs,LEXUS,UX,74,20082
2025,4,April,2025-04-01,SUVs,LOTUS,ELETRE,11,20083
2025,4,April,2025-04-01,SUVs,LYNK & CO,01,15,20084
2025,4,April,2025-04-01,SUVs,LYNK & CO,02,3,20085
2025,4,April,2025-04-01,SUVs,MASERATI,GRECALE,72,20086
2025,4,April,2025-04-01,SUVs,MASERATI,LEVANTE,10,20087
2025,4,April,2025-04-01,SUVs,MAZDA,CX-30,942,20088
2025,4,April,2025-04-01,SUVs,MAZDA,CX-5,173,20089
2025,4,April,2025-04-01,SUVs,MAZDA,CX-60,741,20090
2025,4,April,2025-04-01,SUVs,MAZDA,CX-80,265,20091
2025,4,April,2025-04-01,SUVs,MAZDA,MX-30,25,20092
2025,4,April,2025-04-01,SUVs,MERCEDES,GLA,1657,20093
2025,4,April,2025-04-01,SUVs,MERCEDES,GLB,1301,20094
2025,4,April,2025-04-01,SUVs,MERCEDES,"GLK, GLC",2788,20095
2025,4,April,2025-04-01,SUVs,MG ROEWE,RX6,292,20096
2025,4,April,2025-04-01,SUVs,MG ROEWE,ZS,413,20097
2025,4,April,2025-04-01,SUVs,MITSUBISHI,ASX,309,20098
2025,4,April,2025-04-01,SUVs,MITSUBISHI,ECLIPSE CROSS,151,20099
2025,4,April,2025-04-01,SUVs,MITSUBISHI,OUTLANDER,207,20100
2025,4,April,2025-04-01,SUVs,NIO,EL6,3,20101
2025,4,April,2025-04-01,SUVs,NISSAN,ARIYA,101,20102
2025,4,April,2025-04-01,SUVs,NISSAN,QASHQAI,1204,20103
2025,4,April,2025-04-01,SUVs,OPEL,CROSSLAND X,16,20104
2025,4,April,2025-04-01,SUVs,OPEL,FRONTERA,525,20105
2025,4,April,2025-04-01,SUVs,OPEL,GRANDLAND X,842,20106
2025,4,April,2025-04-01,SUVs,OPEL,MOKKA,1825,20107
2025,4,April,2025-04-01,SUVs,PEUGEOT,2008,918,20108
2025,4,April,2025-04-01,SUVs,POLESTAR,3,32,20109
2025,4,April,2025-04-01,SUVs,POLESTAR,4,160,20110
2025,4,April,2025-04-01,SUVs,RENAULT,ARKANA,188,20111
2025,4,April,2025-04-01,SUVs,RENAULT,AUSTRAL,685,20112
2025,4,April,2025-04-01,SUVs,RENAULT,CAPTUR,566,20113
2025,4,April,2025-04-01,SUVs,RENAULT,KOLEOS,1,20114
2025,4,April,2025-04-01,SUVs,RENAULT,RAFALE,325,20115
2025,4,April,2025-04-01,SUVs,RENAULT,SYMBIOZ,250,20116
2025,4,April,2025-04-01,SUVs,SEAT,ARONA,970,20117
2025,4,April,2025-04-01,SUVs,SEAT,ATECA,1182,20118
2025,4,April,2025-04-01,SUVs,SEAT,FORMENTOR,2441,20119
2025,4,April,2025-04-01,SUVs,SEAT,TARRACO,7,20120
2025,4,April,2025-04-01,SUVs,SEAT,TAVASCAN,1326,20121
2025,4,April,2025-04-01,SUVs,SEAT,TERRAMAR,1452,20122
2025,4,April,2025-04-01,SUVs,SKODA,ELROQ,2402,20123
2025,4,April,2025-04-01,SUVs,SKODA,ENYAQ,1814,20124
2025,4,April,2025-04-01,SUVs,SKODA,KAMIQ,2004,20125
2025,4,April,2025-04-01,SUVs,SKODA,KAROQ,2214,20126
2025,4,April,2025-04-01,SUVs,SMART,1,162,20127
2025,4,April,2025-04-01,SUVs,SMART,3,78,20128
2025,4,April,2025-04-01,SUVs,SMART,5,30,20129
2025,4,April,2025-04-01,SUVs,SUBARU,CROSSTREK,81,20130
2025,4,April,2025-04-01,SUVs,SUBARU,SOLTERRA,17,20131
2025,4,April,2025-04-01,SUVs,SUZUKI,ACROSS,16,20132
2025,4,April,2025-04-01,SUVs,SUZUKI,SX4,268,20133
2025,4,April,2025-04-01,SUVs,SUZUKI,VITARA,587,20134
2025,4,April,2025-04-01,SUVs,TESLA,MODEL X,5,20135
2025,4,April,2025-04-01,SUVs,TESLA,MODEL Y,639,20136
2025,4,April,2025-04-01,SUVs,TOYOTA,BZ4,369,20137
2025,4,April,2025-04-01,SUVs,TOYOTA,C-HR,795,20138
2025,4,April,2025-04-01,SUVs,TOYOTA,RAV 4,350,20139
2025,4,April,2025-04-01,SUVs,VINFAST,VF 6,1,20140
2025,4,April,2025-04-01,SUVs,VINFAST,VF 8,11,20141
2025,4,April,2025-04-01,SUVs,VOLVO,C40,63,20142
2025,4,April,2025-04-01,SUVs,VOLVO,EX30,598,20143
2025,4,April,2025-04-01,SUVs,VOLVO,EX90,126,20144
2025,4,April,2025-04-01,SUVs,VW,"ID.4, ID.5",2629,20145
2025,4,April,2025-04-01,SUVs,VW,T-CROSS,2720,20146
2025,4,April,2025-04-01,SUVs,VW,T-ROC,5937,20147
2025,4,April,2025-04-01,SUVs,VW,TAIGO,2020,20148
2025,4,April,2025-04-01,SUVs,VW,TAYRON,2561,20149
2025,4,April,2025-04-01,SUVs,XPENG,G6,87,20150
2025,4,April,2025-04-01,SUVs,XPENG,G9,99,20151
2025,4,April,2025-04-01,UTILITIES,CITROEN,BERLINGO,192,20227
2025,4,April,2025-04-01,UTILITIES,CITROEN,JUMPER,19,20228
2025,4,April,2025-04-01,UTILITIES,CITROEN,JUMPY,361,20229
2025,4,April,2025-04-01,UTILITIES,FIAT,DOBLO,1,20230
2025,4,April,2025-04-01,UTILITIES,FIAT,DUCATO,62,20231
2025,4,April,2025-04-01,UTILITIES,FORD,TRANSIT CONNECT,337,20232
2025,4,April,2025-04-01,UTILITIES,FORD,TRANSIT COURIER,354,20233
2025,4,April,2025-04-01,UTILITIES,FORD,TRANSIT CUSTOM,1836,20234
2025,4,April,2025-04-01,UTILITIES,FORD,"TRANSIT, TOURNEO",143,20235
2025,4,April,2025-04-01,UTILITIES,HYUNDAI,STARIA,102,20236
2025,4,April,2025-04-01,UTILITIES,IVECO,DAILY,4,20237
2025,4,April,2025-04-01,UTILITIES,MAN,TGE,78,20238
2025,4,April,2025-04-01,UTILITIES,MERCEDES,CITAN,454,20239
2025,4,April,2025-04-01,UTILITIES,MERCEDES,SPRINTER,356,20240
2025,4,April,2025-04-01,UTILITIES,MERCEDES,VITO,788,20241
2025,4,April,2025-04-01,UTILITIES,NISSAN,PRIMASTAR,240,20242
2025,4,April,2025-04-01,UTILITIES,NISSAN,TOWNSTAR,230,20243
2025,4,April,2025-04-01,UTILITIES,OPEL,COMBO,60,20244
2025,4,April,2025-04-01,UTILITIES,OPEL,MOVANO,5,20245
2025,4,April,2025-04-01,UTILITIES,OPEL,ZAFIRA LIFE,47,20246
2025,4,April,2025-04-01,UTILITIES,PEUGEOT,BOXER,8,20247
2025,4,April,2025-04-01,UTILITIES,PEUGEOT,EXPERT,233,20248
2025,4,April,2025-04-01,UTILITIES,PEUGEOT,RIFTER,47,20249
2025,4,April,2025-04-01,UTILITIES,RENAULT,KANGOO,349,20250
2025,4,April,2025-04-01,UTILITIES,RENAULT,TRAFIC,50,20251
2025,4,April,2025-04-01,UTILITIES,TOYOTA,PROACE,423,20252
2025,4,April,2025-04-01,UTILITIES,VW,CADDY,1768,20253
2025,4,April,2025-04-01,UTILITIES,VW,CRAFTER,67,20254
2025,4,April,2025-04-01,UTILITIES,VW,ID. BUZZ,953,20255
2025,4,April,2025-04-01,UTILITIES,VW,TRANSPORTER,2278,20256
2025,4,April,2025-04-01,WOHNMOBILE,CITROEN,JUMPER,1123,20257
2025,4,April,2025-04-01,WOHNMOBILE,CITROEN,JUMPY,119,20258
2025,4,April,2025-04-01,WOHNMOBILE,CITROEN,SONSTIGE,1,20259
2025,4,April,2025-04-01,WOHNMOBILE,DAF TRUCKS,XF,1,20260
2025,4,April,2025-04-01,WOHNMOBILE,FIAT,DUCATO,4690,20261
2025,4,April,2025-04-01,WOHNMOBILE,FIAT,SCUDO,2,20262
2025,4,April,2025-04-01,WOHNMOBILE,FIAT,SONSTIGE,1,20263
2025,4,April,2025-04-01,WOHNMOBILE,FIAT,ULYSSE,3,20264
2025,4,April,2025-04-01,WOHNMOBILE,FORD,SONSTIGE,16,20265
2025,4,April,2025-04-01,WOHNMOBILE,FORD,TRANSIT CUSTOM,250,20266
2025,4,April,2025-04-01,WOHNMOBILE,FORD,"TRANSIT, TOURNEO",1032,20267
2025,4,April,2025-04-01,WOHNMOBILE,IVECO,DAILY,108,20268
2025,4,April,2025-04-01,WOHNMOBILE,IVECO,EUROCARGO,1,20269
2025,4,April,2025-04-01,WOHNMOBILE,IVECO,SONSTIGE,1,20270
2025,4,April,2025-04-01,WOHNMOBILE,MAN,TGE,47,20271
2025,4,April,2025-04-01,WOHNMOBILE,MAN,TGL,2,20272
2025,4,April,2025-04-01,WOHNMOBILE,MAN,TGM,2,20273
2025,4,April,2025-04-01,WOHNMOBILE,MAN,TGS,1,20274
2025,4,April,2025-04-01,WOHNMOBILE,MERCEDES,ACTROS,5,20275
2025,4,April,2025-04-01,WOHNMOBILE,MERCEDES,ATEGO,1,20276
2025,4,April,2025-04-01,WOHNMOBILE,MERCEDES,SONSTIGE,2,20277
2025,4,April,2025-04-01,WOHNMOBILE,MERCEDES,SPRINTER,808,20278
2025,4,April,2025-04-01,WOHNMOBILE,MERCEDES,V-KLASSE,165,20279
2025,4,April,2025-04-01,WOHNMOBILE,MERCEDES,VITO,17,20280
2025,4,April,2025-04-01,WOHNMOBILE,MITSUBISHI,SONSTIGE,1,20281
2025,4,April,2025-04-01,WOHNMOBILE,NISSAN,PRIMASTAR,14,20282
2025,4,April,2025-04-01,WOHNMOBILE,NISSAN,SONSTIGE,3,20283
2025,4,April,2025-04-01,WOHNMOBILE,OPEL,COMBO,3,20284
2025,4,April,2025-04-01,WOHNMOBILE,OPEL,MOVANO,64,20285
2025,4,April,2025-04-01,WOHNMOBILE,OPEL,VIVARO,4,20286
2025,4,April,2025-04-01,WOHNMOBILE,OPEL,ZAFIRA LIFE,31,20287
2025,4,April,2025-04-01,WOHNMOBILE,PEUGEOT,BOXER,309,20288
2025,4,April,2025-04-01,WOHNMOBILE,PEUGEOT,EXPERT,12,20289
2025,4,April,2025-04-01,WOHNMOBILE,RENAULT,MASTER,105,20290
2025,4,April,2025-04-01,WOHNMOBILE,RENAULT,TRAFIC,63,20291
2025,4,April,2025-04-01,WOHNMOBILE,SONSTIGE,SONSTIGE,60,20292
2025,4,April,2025-04-01,WOHNMOBILE,TOYOTA,PROACE,6,20293
2025,4,April,2025-04-01,WOHNMOBILE,VW,CADDY,10,20294
2025,4,April,2025-04-01,WOHNMOBILE,VW,CRAFTER,342,20295
2025,4,April,2025-04-01,WOHNMOBILE,VW,SONSTIGE,1,20296
2025,4,April,2025-04-01,WOHNMOBILE,VW,TRANSPORTER,639,20297
2025,5,Mai,2025-05-01,GELÄNDEWAGEN,AUDI,Q3,1272,20714
2025,5,Mai,2025-05-01,GELÄNDEWAGEN,AUDI,Q5,1023,20716
2025,5,Mai,2025-05-01,GELÄNDEWAGEN,AUDI,Q7,396,20720
2025,5,Mai,2025-05-01,GELÄNDEWAGEN,AUDI,Q8,752,20722
2025,5,Mai,2025-05-01,GELÄNDEWAGEN,BENTLEY,BENTAYGA,11,20724
2025,5,Mai,2025-05-01,GELÄNDEWAGEN,BMW,X3,1868,20726
2025,5,Mai,2025-05-01,GELÄNDEWAGEN,BMW,X4,254,20729
2025,5,Mai,2025-05-01,GELÄNDEWAGEN,BMW,X5,973,20732
2025,5,Mai,2025-05-01,GELÄNDEWAGEN,BMW,X6,245,20735
2025,5,Mai,2025-05-01,GELÄNDEWAGEN,BMW,X7,269,20738
2025,5,Mai,2025-05-01,GELÄNDEWAGEN,CADILLAC,ESCALADE,9,20741
2025,5,Mai,2025-05-01,GELÄNDEWAGEN,HYUNDAI,SANTA FE,250,20744
2025,5,Mai,2025-05-01,GELÄNDEWAGEN,INEOS,GRENADIER,34,20746
2025,5,Mai,2025-05-01,GELÄNDEWAGEN,JAGUAR,F-PACE,5,20748
2025,5,Mai,2025-05-01,GELÄNDEWAGEN,JEEP,COMPASS,312,20750
2025,5,Mai,2025-05-01,GELÄNDEWAGEN,JEEP,GRAND CHEROKEE,8,20752
2025,5,Mai,2025-05-01,GELÄNDEWAGEN,JEEP,RENEGADE,80,20754
2025,5,Mai,2025-05-01,GELÄNDEWAGEN,JEEP,WRANGLER,61,20757
2025,5,Mai,2025-05-01,GELÄNDEWAGEN,KGM,REXTON,33,20760
2025,5,Mai,2025-05-01,GELÄNDEWAGEN,KIA,SORENTO,194,20763
2025,5,Mai,2025-05-01,GELÄNDEWAGEN,LAMBORGHINI,URUS,94,20766
2025,5,Mai,2025-05-01,GELÄNDEWAGEN,LAND ROVER,DEFENDER,297,20769
2025,5,Mai,2025-05-01,GELÄNDEWAGEN,LAND ROVER,DISCOVERY,17,20772
2025,5,Mai,2025-05-01,GELÄNDEWAGEN,LAND ROVER,DISCOVERY SPORT,51,20775
2025,5,Mai,2025-05-01,GELÄNDEWAGEN,LAND ROVER,RANGE ROVER,147,20778
2025,5,Mai,2025-05-01,GELÄNDEWAGEN,LAND ROVER,RANGE ROVER EVOQUE,137,20781
2025,5,Mai,2025-05-01,GELÄNDEWAGEN,LAND ROVER,RANGE ROVER SPORT,246,20784
2025,5,Mai,2025-05-01,GELÄNDEWAGEN,LAND ROVER,RANGE ROVER VELAR,141,20786
2025,5,Mai,2025-05-01,GELÄNDEWAGEN,MERCEDES,G-KLASSE,485,20789
2025,5,Mai,2025-05-01,GELÄNDEWAGEN,MERCEDES,"GL-KLASSE, GLS",156,20792
2025,5,Mai,2025-05-01,GELÄNDEWAGEN,MERCEDES,"ML-KLASSE, GLE",1064,20795
2025,5,Mai,2025-05-01,GELÄNDEWAGEN,NISSAN,X-TRAIL,278,20799
2025,5,Mai,2025-05-01,GELÄNDEWAGEN,PORSCHE,CAYENNE,552,20802
2025,5,Mai,2025-05-01,GELÄNDEWAGEN,PORSCHE,MACAN,494,20805
2025,5,Mai,2025-05-01,GELÄNDEWAGEN,SKODA,KODIAQ,2601,20808
2025,5,Mai,2025-05-01,GELÄNDEWAGEN,SUBARU,FORESTER,85,20811
2025,5,Mai,2025-05-01,GELÄNDEWAGEN,TOYOTA,LANDCRUISER,50,20814
2025,5,Mai,2025-05-01,GELÄNDEWAGEN,VOLVO,XC40,1406,20817
2025,5,Mai,2025-05-01,GELÄNDEWAGEN,VOLVO,XC60,1310,20820
2025,5,Mai,2025-05-01,GELÄNDEWAGEN,VOLVO,XC90,805,20828
2025,5,Mai,2025-05-01,GELÄNDEWAGEN,VW,TIGUAN,5023,20832
2025,5,Mai,2025-05-01,GELÄNDEWAGEN,VW,TOUAREG,604,20835
2025,5,Mai,2025-05-01,GROSSRAUM-VANS,DACIA,JOGGER,999,20916
2025,5,Mai,2025-05-01,GROSSRAUM-VANS,FIAT,ULYSSE,2,20918
2025,5,Mai,2025-05-01,GROSSRAUM-VANS,LEXUS,LM,13,20919
2025,5,Mai,2025-05-01,GROSSRAUM-VANS,MAXUS,MIFA 9,3,20921
2025,5,Mai,2025-05-01,GROSSRAUM-VANS,MERCEDES,V-KLASSE,1643,20924
2025,5,Mai,2025-05-01,GROSSRAUM-VANS,PEUGEOT,5008,278,20927
2025,5,Mai,2025-05-01,GROSSRAUM-VANS,RENAULT,ESPACE,193,20930
2025,5,Mai,2025-05-01,GROSSRAUM-VANS,VW,TOURAN,1371,20933
2025,5,Mai,2025-05-01,KLEINWAGEN,ALPINE,A290,54,20333
2025,5,Mai,2025-05-01,KLEINWAGEN,AUDI,A1,1020,20334
2025,5,Mai,2025-05-01,KLEINWAGEN,BYD,DOLPHIN SURF,38,20335
2025,5,Mai,2025-05-01,KLEINWAGEN,CITROEN,C3,1494,20336
2025,5,Mai,2025-05-01,KLEINWAGEN,DS,3,6,20337
2025,5,Mai,2025-05-01,KLEINWAGEN,FIAT,GRANDE PANDA,40,20338
2025,5,Mai,2025-05-01,KLEINWAGEN,FORD,FIESTA,2,20339
2025,5,Mai,2025-05-01,KLEINWAGEN,FORD,PUMA,1277,20340
2025,5,Mai,2025-05-01,KLEINWAGEN,HONDA,JAZZ,139,20341
2025,5,Mai,2025-05-01,KLEINWAGEN,HYUNDAI,I 20,1058,20342
2025,5,Mai,2025-05-01,KLEINWAGEN,HYUNDAI,INSTER,1122,20343
2025,5,Mai,2025-05-01,KLEINWAGEN,KIA,RIO,2,20344
2025,5,Mai,2025-05-01,KLEINWAGEN,MAZDA,2,319,20345
2025,5,Mai,2025-05-01,KLEINWAGEN,MG ROEWE,3,378,20346
2025,5,Mai,2025-05-01,KLEINWAGEN,MINI,MINI,2658,20347
2025,5,Mai,2025-05-01,KLEINWAGEN,MITSUBISHI,COLT,290,20348
2025,5,Mai,2025-05-01,KLEINWAGEN,MITSUBISHI,"MIRAGE, SPACE STAR",952,20349
2025,5,Mai,2025-05-01,KLEINWAGEN,NISSAN,JUKE,605,20350
2025,5,Mai,2025-05-01,KLEINWAGEN,OPEL,CORSA,3245,20351
2025,5,Mai,2025-05-01,KLEINWAGEN,PEUGEOT,208,1090,20352
2025,5,Mai,2025-05-01,KLEINWAGEN,RENAULT,CLIO,895,20353
2025,5,Mai,2025-05-01,KLEINWAGEN,RENAULT,R4,7,20354
2025,5,Mai,2025-05-01,KLEINWAGEN,RENAULT,R5,406,20355
2025,5,Mai,2025-05-01,KLEINWAGEN,SEAT,IBIZA,1485,20356
2025,5,Mai,2025-05-01,KLEINWAGEN,SKODA,FABIA,2269,20357
2025,5,Mai,2025-05-01,KLEINWAGEN,SUZUKI,IGNIS,23,20358
2025,5,Mai,2025-05-01,KLEINWAGEN,SUZUKI,SWIFT,830,20359
2025,5,Mai,2025-05-01,KLEINWAGEN,TOYOTA,YARIS,2162,20360
2025,5,Mai,2025-05-01,KLEINWAGEN,VW,POLO,2471,20361
2025,5,Mai,2025-05-01,KOMPAKTKLASSE,AUDI,A3,2792,20362
2025,5,Mai,2025-05-01,KOMPAKTKLASSE,BMW,1ER,1858,20363
2025,5,Mai,2025-05-01,KOMPAKTKLASSE,BMW,2ER,1736,20364
2025,5,Mai,2025-05-01,KOMPAKTKLASSE,BYD,DOLPHIN,45,20365
2025,5,Mai,2025-05-01,KOMPAKTKLASSE,CITROEN,C4,664,20366
2025,5,Mai,2025-05-01,KOMPAKTKLASSE,DACIA,LOGAN,3,20367
2025,5,Mai,2025-05-01,KOMPAKTKLASSE,DACIA,SANDERO,1954,20368
2025,5,Mai,2025-05-01,KOMPAKTKLASSE,DS,4,46,20369
2025,5,Mai,2025-05-01,KOMPAKTKLASSE,FIAT,TIPO,49,20370
2025,5,Mai,2025-05-01,KOMPAKTKLASSE,FORD,FOCUS,1336,20371
2025,5,Mai,2025-05-01,KOMPAKTKLASSE,GWM,ORA 03,125,20372
2025,5,Mai,2025-05-01,KOMPAKTKLASSE,HONDA,CIVIC,63,20373
2025,5,Mai,2025-05-01,KOMPAKTKLASSE,HYUNDAI,I 30,754,20374
2025,5,Mai,2025-05-01,KOMPAKTKLASSE,KIA,CEED,1444,20375
2025,5,Mai,2025-05-01,KOMPAKTKLASSE,KIA,CERATO,1,20376
2025,5,Mai,2025-05-01,KOMPAKTKLASSE,MAZDA,3,337,20377
2025,5,Mai,2025-05-01,KOMPAKTKLASSE,MAZDA,MX-5,44,20378
2025,5,Mai,2025-05-01,KOMPAKTKLASSE,MERCEDES,A-KLASSE,1413,20379
2025,5,Mai,2025-05-01,KOMPAKTKLASSE,MG ROEWE,4,588,20380
2025,5,Mai,2025-05-01,KOMPAKTKLASSE,OPEL,ASTRA,2939,20381
2025,5,Mai,2025-05-01,KOMPAKTKLASSE,PEUGEOT,308,730,20382
2025,5,Mai,2025-05-01,KOMPAKTKLASSE,RENAULT,MEGANE,45,20383
2025,5,Mai,2025-05-01,KOMPAKTKLASSE,SEAT,BORN,1474,20384
2025,5,Mai,2025-05-01,KOMPAKTKLASSE,SEAT,LEON,3191,20385
2025,5,Mai,2025-05-01,KOMPAKTKLASSE,SKODA,OCTAVIA,3652,20386
2025,5,Mai,2025-05-01,KOMPAKTKLASSE,SKODA,SCALA,708,20387
2025,5,Mai,2025-05-01,KOMPAKTKLASSE,SUBARU,IMPREZA,6,20388
2025,5,Mai,2025-05-01,KOMPAKTKLASSE,SUZUKI,SWACE,55,20389
2025,5,Mai,2025-05-01,KOMPAKTKLASSE,TOYOTA,COROLLA,1313,20390
2025,5,Mai,2025-05-01,KOMPAKTKLASSE,TOYOTA,PRIUS,15,20391
2025,5,Mai,2025-05-01,KOMPAKTKLASSE,VW,GOLF,7495,20392
2025,5,Mai,2025-05-01,KOMPAKTKLASSE,VW,ID.3,2939,20393
2025,5,Mai,2025-05-01,MINI-VANS,KIA,SOUL,4,20906
2025,5,Mai,2025-05-01,MINI-VANS,MERCEDES,B-KLASSE,541,20908
2025,5,Mai,2025-05-01,MINI-VANS,PEUGEOT,3008,545,20910
2025,5,Mai,2025-05-01,MINI-VANS,RENAULT,MODUS,1,20912
2025,5,Mai,2025-05-01,MINI-VANS,RENAULT,SCENIC,139,20914
2025,5,Mai,2025-05-01,MINIS,DACIA,SPRING,202,20323
2025,5,Mai,2025-05-01,MINIS,FIAT,500,581,20324
2025,5,Mai,2025-05-01,MINIS,FIAT,PANDA,68,20325
2025,5,Mai,2025-05-01,MINIS,HYUNDAI,I 10,1493,20326
2025,5,Mai,2025-05-01,MINIS,KIA,PICANTO,605,20327
2025,5,Mai,2025-05-01,MINIS,LEAPMOTOR,T03,297,20328
2025,5,Mai,2025-05-01,MINIS,RENAULT,TWINGO,1,20329
2025,5,Mai,2025-05-01,MINIS,SMART,FORTWO,1,20330
2025,5,Mai,2025-05-01,MINIS,TOYOTA,AYGO,1549,20331
2025,5,Mai,2025-05-01,MINIS,VW,UP,3,20332
2025,5,Mai,2025-05-01,MITTELKLASSE,ALFA ROMEO,GIULIA,107,20394
2025,5,Mai,2025-05-01,MITTELKLASSE,AUDI,A4,179,20395
2025,5,Mai,2025-05-01,MITTELKLASSE,AUDI,A5,2123,20396
2025,5,Mai,2025-05-01,MITTELKLASSE,BMW,3ER,2409,20397
2025,5,Mai,2025-05-01,MITTELKLASSE,BMW,4ER,1973,20398
2025,5,Mai,2025-05-01,MITTELKLASSE,BYD,SEAL,164,20399
2025,5,Mai,2025-05-01,MITTELKLASSE,CITROEN,C5,1015,20400
2025,5,Mai,2025-05-01,MITTELKLASSE,GWM,ORA 07,8,20401
2025,5,Mai,2025-05-01,MITTELKLASSE,HYUNDAI,G70,2,20402
2025,5,Mai,2025-05-01,MITTELKLASSE,HYUNDAI,IONIQ6,99,20403
2025,5,Mai,2025-05-01,MITTELKLASSE,MAZDA,6,26,20404
2025,5,Mai,2025-05-01,MITTELKLASSE,MERCEDES,C-KLASSE,2471,20405
2025,5,Mai,2025-05-01,MITTELKLASSE,MERCEDES,CLA-KLASSE,971,20406
2025,5,Mai,2025-05-01,MITTELKLASSE,NIO,ET5,6,20407
2025,5,Mai,2025-05-01,MITTELKLASSE,PEUGEOT,408,405,20408
2025,5,Mai,2025-05-01,MITTELKLASSE,PEUGEOT,508,31,20409
2025,5,Mai,2025-05-01,MITTELKLASSE,POLESTAR,2,143,20410
2025,5,Mai,2025-05-01,MITTELKLASSE,SKODA,SUPERB,1727,20411
2025,5,Mai,2025-05-01,MITTELKLASSE,TESLA,MODEL 3,281,20412
2025,5,Mai,2025-05-01,MITTELKLASSE,VOLVO,60,358,20413
2025,5,Mai,2025-05-01,MITTELKLASSE,VW,ARTEON,95,20414
2025,5,Mai,2025-05-01,MITTELKLASSE,VW,PASSAT,3552,20415
2025,5,Mai,2025-05-01,OBERE MITTELKLASSE,AUDI,A6,4442,20416
2025,5,Mai,2025-05-01,OBERE MITTELKLASSE,BMW,5ER,2944,20417
2025,5,Mai,2025-05-01,OBERE MITTELKLASSE,DS,9,1,20418
2025,5,Mai,2025-05-01,OBERE MITTELKLASSE,HYUNDAI,G80,3,20419
2025,5,Mai,2025-05-01,OBERE MITTELKLASSE,HYUNDAI,"XG 25, 30, 250, 350",1,20002
2025,5,Mai,2025-05-01,OBERE MITTELKLASSE,LEXUS,ES,14,20004
2025,5,Mai,2025-05-01,OBERE MITTELKLASSE,MERCEDES,CLE,1224,20006
2025,5,Mai,2025-05-01,OBERE MITTELKLASSE,MERCEDES,E-KLASSE,2686,20007
2025,5,Mai,2025-05-01,OBERE MITTELKLASSE,SUBARU,OUTBACK,71,20009
2025,5,Mai,2025-05-01,OBERE MITTELKLASSE,TOYOTA,MIRAI,3,20011
2025,5,Mai,2025-05-01,OBERE MITTELKLASSE,VOLVO,90,54,20013
2025,5,Mai,2025-05-01,OBERE MITTELKLASSE,VW,ID.7,3146,20015
2025,5,Mai,2025-05-01,OBERE MITTELKLASSE,XPENG,P7,20,20017
2025,5,Mai,2025-05-01,OBERKLASSE,AUDI,A7,140,20019
2025,5,Mai,2025-05-01,OBERKLASSE,AUDI,A8,118,20021
2025,5,Mai,2025-05-01,OBERKLASSE,AUDI,E-TRON GT,138,20023
2025,5,Mai,2025-05-01,OBERKLASSE,BENTLEY,CONTINENTAL,37,20025
2025,5,Mai,2025-05-01,OBERKLASSE,BMW,7ER,179,20027
2025,5,Mai,2025-05-01,OBERKLASSE,BMW,8ER,89,20029
2025,5,Mai,2025-05-01,OBERKLASSE,HYUNDAI,G90,2,20031
2025,5,Mai,2025-05-01,OBERKLASSE,LOTUS,EMEYA,1,20033
2025,5,Mai,2025-05-01,OBERKLASSE,LUCID,AIR,15,20421
2025,5,Mai,2025-05-01,OBERKLASSE,MASERATI,GHIBLI,3,20422
2025,5,Mai,2025-05-01,OBERKLASSE,MERCEDES,S-KLASSE,321,20424
2025,5,Mai,2025-05-01,OBERKLASSE,NIO,ET7,3,20425
2025,5,Mai,2025-05-01,OBERKLASSE,PORSCHE,PANAMERA,165,20427
2025,5,Mai,2025-05-01,OBERKLASSE,PORSCHE,TAYCAN,266,20429
2025,5,Mai,2025-05-01,OBERKLASSE,ROLLS ROYCE,SPECTRE,2,20431
2025,5,Mai,2025-05-01,OBERKLASSE,TESLA,MODEL S,6,20433
2025,5,Mai,2025-05-01,SONSTIGE,ALPINE,SONSTIGE,5,21113
2025,5,Mai,2025-05-01,SONSTIGE,ASTON MARTIN,SONSTIGE,73,21116
2025,5,Mai,2025-05-01,SONSTIGE,AUDI,SONSTIGE,55,21118
2025,5,Mai,2025-05-01,SONSTIGE,BMW,SONSTIGE,70,21121
2025,5,Mai,2025-05-01,SONSTIGE,BYD,SONSTIGE,1,21124
2025,5,Mai,2025-05-01,SONSTIGE,CHERY,SONSTIGE,6,21128
2025,5,Mai,2025-05-01,SONSTIGE,FERRARI,SONSTIGE,2,21130
2025,5,Mai,2025-05-01,SONSTIGE,FORD,SONSTIGE,9,21132
2025,5,Mai,2025-05-01,SONSTIGE,HONDA,SONSTIGE,5,21134
2025,5,Mai,2025-05-01,SONSTIGE,HYUNDAI,SONSTIGE,8,21136
2025,5,Mai,2025-05-01,SONSTIGE,INEOS,SONSTIGE,2,21138
2025,5,Mai,2025-05-01,SONSTIGE,KIA,SONSTIGE,14,21140
2025,5,Mai,2025-05-01,SONSTIGE,LAMBORGHINI,SONSTIGE,25,21142
2025,5,Mai,2025-05-01,SONSTIGE,MASERATI,SONSTIGE,4,21144
2025,5,Mai,2025-05-01,SONSTIGE,MAXUS,SONSTIGE,1,21146
2025,5,Mai,2025-05-01,SONSTIGE,MAZDA,SONSTIGE,3,21148
2025,5,Mai,2025-05-01,SONSTIGE,MERCEDES,SONSTIGE,3,21151
2025,5,Mai,2025-05-01,SONSTIGE,MITSUBISHI,SONSTIGE,2,21153
2025,5,Mai,2025-05-01,SONSTIGE,MORGAN,SONSTIGE,4,21154
2025,5,Mai,2025-05-01,SONSTIGE,NIO,SONSTIGE,6,21156
2025,5,Mai,2025-05-01,SONSTIGE,NISSAN,SONSTIGE,1,21158
2025,5,Mai,2025-05-01,SONSTIGE,PORSCHE,SONSTIGE,110,21161
2025,5,Mai,2025-05-01,SONSTIGE,ROLLS ROYCE,SONSTIGE,24,21164
2025,5,Mai,2025-05-01,SONSTIGE,SEAT,SONSTIGE,3,21167
2025,5,Mai,2025-05-01,SONSTIGE,SKODA,SONSTIGE,4,21170
2025,5,Mai,2025-05-01,SONSTIGE,SONSTIGE,SONSTIGE,830,21173
2025,5,Mai,2025-05-01,SONSTIGE,SUZUKI,SONSTIGE,3,21176
2025,5,Mai,2025-05-01,SONSTIGE,TESLA,SONSTIGE,1,21179
2025,5,Mai,2025-05-01,SONSTIGE,TOGG,SONSTIGE,1,21182
2025,5,Mai,2025-05-01,SONSTIGE,VW,SONSTIGE,53,21185
2025,5,Mai,2025-05-01,SPORTWAGEN,ALPINE,A110,9,20838
2025,5,Mai,2025-05-01,SPORTWAGEN,AUDI,R8,2,20841
2025,5,Mai,2025-05-01,SPORTWAGEN,AUDI,TT,1,20844
2025,5,Mai,2025-05-01,SPORTWAGEN,BMW,Z4,376,20847
2025,5,Mai,2025-05-01,SPORTWAGEN,FERRARI,12CILINDRI,26,20850
2025,5,Mai,2025-05-01,SPORTWAGEN,FERRARI,296,52,20853
2025,5,Mai,2025-05-01,SPORTWAGEN,FERRARI,F8,1,20856
2025,5,Mai,2025-05-01,SPORTWAGEN,FERRARI,PORTOFINO,2,20859
2025,5,Mai,2025-05-01,SPORTWAGEN,FERRARI,ROMA,35,20861
2025,5,Mai,2025-05-01,SPORTWAGEN,FERRARI,SF90,26,20863
2025,5,Mai,2025-05-01,SPORTWAGEN,FORD,MUSTANG,138,20864
2025,5,Mai,2025-05-01,SPORTWAGEN,JAGUAR,F-TYPE,2,20867
2025,5,Mai,2025-05-01,SPORTWAGEN,JAGUAR,XK,1,20870
2025,5,Mai,2025-05-01,SPORTWAGEN,LOTUS,EMIRA,14,20873
2025,5,Mai,2025-05-01,SPORTWAGEN,MASERATI,GRANTURISMO,5,20876
2025,5,Mai,2025-05-01,SPORTWAGEN,MERCEDES,AMG GT,77,20879
2025,5,Mai,2025-05-01,SPORTWAGEN,MERCEDES,SL,93,20882
2025,5,Mai,2025-05-01,SPORTWAGEN,MG ROEWE,CYBERSTER,12,20885
2025,5,Mai,2025-05-01,SPORTWAGEN,PORSCHE,911,1047,20888
2025,5,Mai,2025-05-01,SPORTWAGEN,PORSCHE,BOXSTER,15,20891
2025,5,Mai,2025-05-01,SPORTWAGEN,PORSCHE,CAYMAN,57,20894
2025,5,Mai,2025-05-01,SPORTWAGEN,SONSTIGE,SONSTIGE,8,20897
2025,5,Mai,2025-05-01,SPORTWAGEN,SUBARU,BRZ,31,20899
2025,5,Mai,2025-05-01,SPORTWAGEN,TOYOTA,GR 86,1,20902
2025,5,Mai,2025-05-01,SPORTWAGEN,TOYOTA,SUPRA,3,20904
2025,5,Mai,2025-05-01,SUVs,ALFA ROMEO,JUNIOR,381,20435
2025,5,Mai,2025-05-01,SUVs,ALFA ROMEO,STELVIO,169,20437
2025,5,Mai,2025-05-01,SUVs,ALFA ROMEO,TONALE,74,20439
2025,5,Mai,2025-05-01,SUVs,AUDI,Q2,931,20441
2025,5,Mai,2025-05-01,SUVs,AUDI,Q4,838,20443
2025,5,Mai,2025-05-01,SUVs,AUDI,Q6,1542,20445
2025,5,Mai,2025-05-01,SUVs,BMW,IX,306,20447
2025,5,Mai,2025-05-01,SUVs,BMW,X1,3872,20449
2025,5,Mai,2025-05-01,SUVs,BMW,X2,881,20451
2025,5,Mai,2025-05-01,SUVs,BMW,XM,52,20455
2025,5,Mai,2025-05-01,SUVs,BYD,ATTO 2,356,20457
2025,5,Mai,2025-05-01,SUVs,BYD,ATTO 3,222,20459
2025,5,Mai,2025-05-01,SUVs,BYD,SEAL U,840,20461
2025,5,Mai,2025-05-01,SUVs,BYD,SEALION 7,182,20464
2025,5,Mai,2025-05-01,SUVs,BYD,TANG,9,20466
2025,5,Mai,2025-05-01,SUVs,DACIA,BIGSTER,836,20468
2025,5,Mai,2025-05-01,SUVs,DACIA,DUSTER,1134,20474
2025,5,Mai,2025-05-01,SUVs,DS,7,114,20476
2025,5,Mai,2025-05-01,SUVs,FERRARI,PUROSANGUE,25,20478
2025,5,Mai,2025-05-01,SUVs,FIAT,600,627,20480
2025,5,Mai,2025-05-01,SUVs,FORD,CAPRI,224,20482
2025,5,Mai,2025-05-01,SUVs,FORD,EXPLORER,849,20484
2025,5,Mai,2025-05-01,SUVs,FORD,KUGA,1143,20486
2025,5,Mai,2025-05-01,SUVs,FORD,MUSTANG MACH-E,26,20488
2025,5,Mai,2025-05-01,SUVs,GWM,WEY 03,23,20490
2025,5,Mai,2025-05-01,SUVs,GWM,WEY 05,33,20492
2025,5,Mai,2025-05-01,SUVs,HONDA,CR-V,116,20494
2025,5,Mai,2025-05-01,SUVs,HONDA,E:NY1,13,20496
2025,5,Mai,2025-05-01,SUVs,HONDA,HR-V,104,20498
2025,5,Mai,2025-05-01,SUVs,HONDA,ZR-V,56,20501
2025,5,Mai,2025-05-01,SUVs,HYUNDAI,BAYON,218,20503
2025,5,Mai,2025-05-01,SUVs,HYUNDAI,GV60,10,20505
2025,5,Mai,2025-05-01,SUVs,HYUNDAI,GV70,143,20507
2025,5,Mai,2025-05-01,SUVs,HYUNDAI,GV80,2,20509
2025,5,Mai,2025-05-01,SUVs,HYUNDAI,IONIQ5,582,20511
2025,5,Mai,2025-05-01,SUVs,HYUNDAI,KONA,1225,20513
2025,5,Mai,2025-05-01,SUVs,HYUNDAI,TUCSON,1753,20515
2025,5,Mai,2025-05-01,SUVs,JEEP,AVENGER,669,20517
2025,5,Mai,2025-05-01,SUVs,KGM,ACTYON,32,20519
2025,5,Mai,2025-05-01,SUVs,KGM,KORANDO,16,20521
2025,5,Mai,2025-05-01,SUVs,KGM,TIVOLI,81,20523
2025,5,Mai,2025-05-01,SUVs,KGM,TORRES,71,20525
2025,5,Mai,2025-05-01,SUVs,KIA,EV3,859,20527
2025,5,Mai,2025-05-01,SUVs,KIA,EV6,329,20529
2025,5,Mai,2025-05-01,SUVs,KIA,EV9,96,20531
2025,5,Mai,2025-05-01,SUVs,KIA,NIRO,123,20533
2025,5,Mai,2025-05-01,SUVs,KIA,SPORTAGE,1042,20535
2025,5,Mai,2025-05-01,SUVs,KIA,STONIC,311,20537
2025,5,Mai,2025-05-01,SUVs,LEAPMOTOR,C10,212,20539
2025,5,Mai,2025-05-01,SUVs,LEXUS,LBX,113,20541
2025,5,Mai,2025-05-01,SUVs,LEXUS,NX,98,20542
2025,5,Mai,2025-05-01,SUVs,LEXUS,RX,86,20544
2025,5,Mai,2025-05-01,SUVs,LEXUS,RZ,111,20546
2025,5,Mai,2025-05-01,SUVs,LEXUS,UX,35,20549
2025,5,Mai,2025-05-01,SUVs,LOTUS,ELETRE,6,20552
2025,5,Mai,2025-05-01,SUVs,LYNK & CO,01,157,20555
2025,5,Mai,2025-05-01,SUVs,LYNK & CO,02,1,20557
2025,5,Mai,2025-05-01,SUVs,MASERATI,GRECALE,41,20560
2025,5,Mai,2025-05-01,SUVs,MASERATI,LEVANTE,3,20563
2025,5,Mai,2025-05-01,SUVs,MAZDA,CX-30,899,20566
2025,5,Mai,2025-05-01,SUVs,MAZDA,CX-5,113,20569
2025,5,Mai,2025-05-01,SUVs,MAZDA,CX-60,909,20572
2025,5,Mai,2025-05-01,SUVs,MAZDA,CX-80,220,20575
2025,5,Mai,2025-05-01,SUVs,MAZDA,MX-30,51,20578
2025,5,Mai,2025-05-01,SUVs,MERCEDES,GLA,1782,20581
2025,5,Mai,2025-05-01,SUVs,MERCEDES,GLB,1182,20586
2025,5,Mai,2025-05-01,SUVs,MERCEDES,"GLK, GLC",3075,20589
2025,5,Mai,2025-05-01,SUVs,MG ROEWE,MARVEL,1,20591
2025,5,Mai,2025-05-01,SUVs,MG ROEWE,RX6,739,20592
2025,5,Mai,2025-05-01,SUVs,MG ROEWE,ZS,438,20593
2025,5,Mai,2025-05-01,SUVs,MITSUBISHI,ASX,283,20594
2025,5,Mai,2025-05-01,SUVs,MITSUBISHI,ECLIPSE CROSS,241,20597
2025,5,Mai,2025-05-01,SUVs,MITSUBISHI,OUTLANDER,349,20599
2025,5,Mai,2025-05-01,SUVs,NIO,EL6,3,20601
2025,5,Mai,2025-05-01,SUVs,NIO,ES8,4,20603
2025,5,Mai,2025-05-01,SUVs,NISSAN,ARIYA,71,20605
2025,5,Mai,2025-05-01,SUVs,NISSAN,QASHQAI,895,20607
2025,5,Mai,2025-05-01,SUVs,OPEL,CROSSLAND X,5,20609
2025,5,Mai,2025-05-01,SUVs,OPEL,FRONTERA,972,20611
2025,5,Mai,2025-05-01,SUVs,OPEL,GRANDLAND X,1390,20613
2025,5,Mai,2025-05-01,SUVs,OPEL,MOKKA,1758,20616
2025,5,Mai,2025-05-01,SUVs,PEUGEOT,2008,845,20619
2025,5,Mai,2025-05-01,SUVs,POLESTAR,3,8,20622
2025,5,Mai,2025-05-01,SUVs,POLESTAR,4,89,20624
2025,5,Mai,2025-05-01,SUVs,RENAULT,ARKANA,92,20626
2025,5,Mai,2025-05-01,SUVs,RENAULT,AUSTRAL,706,20630
2025,5,Mai,2025-05-01,SUVs,RENAULT,CAPTUR,632,20632
2025,5,Mai,2025-05-01,SUVs,RENAULT,RAFALE,378,20634
2025,5,Mai,2025-05-01,SUVs,RENAULT,SYMBIOZ,443,20636
2025,5,Mai,2025-05-01,SUVs,SEAT,ARONA,1246,20638
2025,5,Mai,2025-05-01,SUVs,SEAT,ATECA,1024,20640
2025,5,Mai,2025-05-01,SUVs,SEAT,FORMENTOR,1996,20642
2025,5,Mai,2025-05-01,SUVs,SEAT,TARRACO,10,20644
2025,5,Mai,2025-05-01,SUVs,SEAT,TAVASCAN,1060,20646
2025,5,Mai,2025-05-01,SUVs,SEAT,TERRAMAR,1522,20648
2025,5,Mai,2025-05-01,SUVs,SKODA,ELROQ,2690,20650
2025,5,Mai,2025-05-01,SUVs,SKODA,ENYAQ,1844,20652
2025,5,Mai,2025-05-01,SUVs,SKODA,KAMIQ,1732,20654
2025,5,Mai,2025-05-01,SUVs,SKODA,KAROQ,2549,20656
2025,5,Mai,2025-05-01,SUVs,SMART,1,117,20658
2025,5,Mai,2025-05-01,SUVs,SMART,3,97,20660
2025,5,Mai,2025-05-01,SUVs,SMART,5,116,20662
2025,5,Mai,2025-05-01,SUVs,SUBARU,CROSSTREK,88,20666
2025,5,Mai,2025-05-01,SUVs,SUBARU,SOLTERRA,26,20669
2025,5,Mai,2025-05-01,SUVs,SUZUKI,ACROSS,40,20671
2025,5,Mai,2025-05-01,SUVs,SUZUKI,SX4,128,20673
2025,5,Mai,2025-05-01,SUVs,SUZUKI,VITARA,559,20675
2025,5,Mai,2025-05-01,SUVs,TESLA,MODEL X,2,20677
2025,5,Mai,2025-05-01,SUVs,TESLA,MODEL Y,920,20679
2025,5,Mai,2025-05-01,SUVs,TOYOTA,BZ4,375,20681
2025,5,Mai,2025-05-01,SUVs,TOYOTA,C-HR,1016,20683
2025,5,Mai,2025-05-01,SUVs,TOYOTA,RAV 4,339,20685
2025,5,Mai,2025-05-01,SUVs,TOYOTA,URBAN CRUISER,2,20687
2025,5,Mai,2025-05-01,SUVs,VINFAST,VF 8,5,20689
2025,5,Mai,2025-05-01,SUVs,VOLVO,C40,36,20691
2025,5,Mai,2025-05-01,SUVs,VOLVO,EX30,541,20693
2025,5,Mai,2025-05-01,SUVs,VOLVO,EX90,140,20695
2025,5,Mai,2025-05-01,SUVs,VW,"ID.4, ID.5",2310,20697
2025,5,Mai,2025-05-01,SUVs,VW,T-CROSS,3072,20699
2025,5,Mai,2025-05-01,SUVs,VW,T-ROC,6801,20701
2025,5,Mai,2025-05-01,SUVs,VW,TAIGO,2165,20703
2025,5,Mai,2025-05-01,SUVs,VW,TAYRON,2797,20708
2025,5,Mai,2025-05-01,SUVs,XPENG,G6,95,20710
2025,5,Mai,2025-05-01,SUVs,XPENG,G9,71,20712
2025,5,Mai,2025-05-01,UTILITIES,CITROEN,BERLINGO,274,20937
2025,5,Mai,2025-05-01,UTILITIES,CITROEN,JUMPER,20,20940
2025,5,Mai,2025-05-01,UTILITIES,CITROEN,JUMPY,288,20943
2025,5,Mai,2025-05-01,UTILITIES,FIAT,DUCATO,46,20946
2025,5,Mai,2025-05-01,UTILITIES,FIAT,SCUDO,3,20949
2025,5,Mai,2025-05-01,UTILITIES,FORD,TRANSIT CONNECT,428,20952
2025,5,Mai,2025-05-01,UTILITIES,FORD,TRANSIT COURIER,325,20955
2025,5,Mai,2025-05-01,UTILITIES,FORD,TRANSIT CUSTOM,1622,20958
2025,5,Mai,2025-05-01,UTILITIES,FORD,"TRANSIT, TOURNEO",183,20961
2025,5,Mai,2025-05-01,UTILITIES,HYUNDAI,STARIA,105,20964
2025,5,Mai,2025-05-01,UTILITIES,IVECO,DAILY,2,20967
2025,5,Mai,2025-05-01,UTILITIES,MAN,TGE,81,20972
2025,5,Mai,2025-05-01,UTILITIES,MERCEDES,CITAN,397,20975
2025,5,Mai,2025-05-01,UTILITIES,MERCEDES,SPRINTER,315,20978
2025,5,Mai,2025-05-01,UTILITIES,MERCEDES,VITO,1050,20981
2025,5,Mai,2025-05-01,UTILITIES,NISSAN,PRIMASTAR,199,20984
2025,5,Mai,2025-05-01,UTILITIES,NISSAN,TOWNSTAR,228,20987
2025,5,Mai,2025-05-01,UTILITIES,OPEL,COMBO,56,20990
2025,5,Mai,2025-05-01,UTILITIES,OPEL,MOVANO,7,20993
2025,5,Mai,2025-05-01,UTILITIES,OPEL,ZAFIRA LIFE,34,20996
2025,5,Mai,2025-05-01,UTILITIES,PEUGEOT,BOXER,4,20999
2025,5,Mai,2025-05-01,UTILITIES,PEUGEOT,EXPERT,203,21002
2025,5,Mai,2025-05-01,UTILITIES,PEUGEOT,RIFTER,33,21003
2025,5,Mai,2025-05-01,UTILITIES,RENAULT,KANGOO,319,21005
2025,5,Mai,2025-05-01,UTILITIES,RENAULT,TRAFIC,57,21007
2025,5,Mai,2025-05-01,UTILITIES,TOYOTA,PROACE,393,21008
2025,5,Mai,2025-05-01,UTILITIES,VW,CADDY,1679,21010
2025,5,Mai,2025-05-01,UTILITIES,VW,CRAFTER,96,21012
2025,5,Mai,2025-05-01,UTILITIES,VW,ID. BUZZ,856,21014
2025,5,Mai,2025-05-01,UTILITIES,VW,TRANSPORTER,2538,21016
2025,5,Mai,2025-05-01,WOHNMOBILE,CITROEN,JUMPER,832,21018
2025,5,Mai,2025-05-01,WOHNMOBILE,CITROEN,JUMPY,94,21020
2025,5,Mai,2025-05-01,WOHNMOBILE,FIAT,DUCATO,3978,21022
2025,5,Mai,2025-05-01,WOHNMOBILE,FIAT,SCUDO,1,21024
2025,5,Mai,2025-05-01,WOHNMOBILE,FORD,SONSTIGE,31,21026
2025,5,Mai,2025-05-01,WOHNMOBILE,FORD,TRANSIT CUSTOM,341,21028
2025,5,Mai,2025-05-01,WOHNMOBILE,FORD,"TRANSIT, TOURNEO",859,21030
2025,5,Mai,2025-05-01,WOHNMOBILE,IVECO,DAILY,83,21032
2025,5,Mai,2025-05-01,WOHNMOBILE,MAN,SONSTIGE,1,21034
2025,5,Mai,2025-05-01,WOHNMOBILE,MAN,TGE,41,21036
2025,5,Mai,2025-05-01,WOHNMOBILE,MAN,TGL,1,21038
2025,5,Mai,2025-05-01,WOHNMOBILE,MERCEDES,ACTROS,1,21040
2025,5,Mai,2025-05-01,WOHNMOBILE,MERCEDES,AROCS,1,21042
2025,5,Mai,2025-05-01,WOHNMOBILE,MERCEDES,SPRINTER,659,21046
2025,5,Mai,2025-05-01,WOHNMOBILE,MERCEDES,V-KLASSE,161,21049
2025,5,Mai,2025-05-01,WOHNMOBILE,MERCEDES,VITO,17,21052
2025,5,Mai,2025-05-01,WOHNMOBILE,MITSUBISHI,SONSTIGE,1,21055
2025,5,Mai,2025-05-01,WOHNMOBILE,NISSAN,PRIMASTAR,8,21058
2025,5,Mai,2025-05-01,WOHNMOBILE,NISSAN,SONSTIGE,2,21061
2025,5,Mai,2025-05-01,WOHNMOBILE,OPEL,MOVANO,38,21064
2025,5,Mai,2025-05-01,WOHNMOBILE,OPEL,VIVARO,1,21067
2025,5,Mai,2025-05-01,WOHNMOBILE,OPEL,ZAFIRA LIFE,17,21070
2025,5,Mai,2025-05-01,WOHNMOBILE,PEUGEOT,BOXER,252,21073
2025,5,Mai,2025-05-01,WOHNMOBILE,PEUGEOT,EXPERT,21,21076
2025,5,Mai,2025-05-01,WOHNMOBILE,PEUGEOT,RIFTER,4,21079
2025,5,Mai,2025-05-01,WOHNMOBILE,RENAULT,MASTER,56,21083
2025,5,Mai,2025-05-01,WOHNMOBILE,RENAULT,TRAFIC,45,21086
2025,5,Mai,2025-05-01,WOHNMOBILE,SONSTIGE,SONSTIGE,38,21089
2025,5,Mai,2025-05-01,WOHNMOBILE,TOYOTA,HILUX,2,21092
2025,5,Mai,2025-05-01,WOHNMOBILE,TOYOTA,PROACE,4,21095
2025,5,Mai,2025-05-01,WOHNMOBILE,VOLVO,FL,1,21098
2025,5,Mai,2025-05-01,WOHNMOBILE,VW,CADDY,9,21101
2025,5,Mai,2025-05-01,WOHNMOBILE,VW,CRAFTER,288,21104
2025,5,Mai,2025-05-01,WOHNMOBILE,VW,SONSTIGE,1,21107
2025,5,Mai,2025-05-01,WOHNMOBILE,VW,TRANSPORTER,684,21110
2025,6,Juni,2025-06-01,GELÄNDEWAGEN,AUDI,Q3,1369,22608
2025,6,Juni,2025-06-01,GELÄNDEWAGEN,AUDI,Q5,1330,22609
2025,6,Juni,2025-06-01,GELÄNDEWAGEN,AUDI,Q7,298,22610
2025,6,Juni,2025-06-01,GELÄNDEWAGEN,AUDI,Q8,664,22611
2025,6,Juni,2025-06-01,GELÄNDEWAGEN,BENTLEY,BENTAYGA,11,22612
2025,6,Juni,2025-06-01,GELÄNDEWAGEN,BMW,X3,2133,22613
2025,6,Juni,2025-06-01,GELÄNDEWAGEN,BMW,X4,179,22614
2025,6,Juni,2025-06-01,GELÄNDEWAGEN,BMW,X5,878,22615
2025,6,Juni,2025-06-01,GELÄNDEWAGEN,BMW,X6,208,22616
2025,6,Juni,2025-06-01,GELÄNDEWAGEN,BMW,X7,218,22617
2025,6,Juni,2025-06-01,GELÄNDEWAGEN,CADILLAC,ESCALADE,6,22618
2025,6,Juni,2025-06-01,GELÄNDEWAGEN,HYUNDAI,SANTA FE,342,22619
2025,6,Juni,2025-06-01,GELÄNDEWAGEN,INEOS,GRENADIER,148,22620
2025,6,Juni,2025-06-01,GELÄNDEWAGEN,JAGUAR,F-PACE,6,22621
2025,6,Juni,2025-06-01,GELÄNDEWAGEN,JEEP,COMPASS,296,22622
2025,6,Juni,2025-06-01,GELÄNDEWAGEN,JEEP,GRAND CHEROKEE,15,22623
2025,6,Juni,2025-06-01,GELÄNDEWAGEN,JEEP,RENEGADE,78,22624
2025,6,Juni,2025-06-01,GELÄNDEWAGEN,JEEP,WRANGLER,88,22625
2025,6,Juni,2025-06-01,GELÄNDEWAGEN,KGM,REXTON,36,22626
2025,6,Juni,2025-06-01,GELÄNDEWAGEN,KIA,SORENTO,140,22627
2025,6,Juni,2025-06-01,GELÄNDEWAGEN,LAMBORGHINI,URUS,78,22628
2025,6,Juni,2025-06-01,GELÄNDEWAGEN,LAND ROVER,DEFENDER,318,22629
2025,6,Juni,2025-06-01,GELÄNDEWAGEN,LAND ROVER,DISCOVERY,30,22630
2025,6,Juni,2025-06-01,GELÄNDEWAGEN,LAND ROVER,DISCOVERY SPORT,67,22631
2025,6,Juni,2025-06-01,GELÄNDEWAGEN,LAND ROVER,RANGE ROVER,143,22632
2025,6,Juni,2025-06-01,GELÄNDEWAGEN,LAND ROVER,RANGE ROVER EVOQUE,160,22633
2025,6,Juni,2025-06-01,GELÄNDEWAGEN,LAND ROVER,RANGE ROVER SPORT,231,22634
2025,6,Juni,2025-06-01,GELÄNDEWAGEN,LAND ROVER,RANGE ROVER VELAR,155,22635
2025,6,Juni,2025-06-01,GELÄNDEWAGEN,MERCEDES,G-KLASSE,414,22636
2025,6,Juni,2025-06-01,GELÄNDEWAGEN,MERCEDES,"GL-KLASSE, GLS",186,22637
2025,6,Juni,2025-06-01,GELÄNDEWAGEN,MERCEDES,"ML-KLASSE, GLE",1348,22638
2025,6,Juni,2025-06-01,GELÄNDEWAGEN,NISSAN,X-TRAIL,348,22639
2025,6,Juni,2025-06-01,GELÄNDEWAGEN,PORSCHE,CAYENNE,787,22640
2025,6,Juni,2025-06-01,GELÄNDEWAGEN,PORSCHE,MACAN,448,22641
2025,6,Juni,2025-06-01,GELÄNDEWAGEN,SKODA,KODIAQ,2422,22642
2025,6,Juni,2025-06-01,GELÄNDEWAGEN,SUBARU,FORESTER,137,22643
2025,6,Juni,2025-06-01,GELÄNDEWAGEN,TOYOTA,LANDCRUISER,66,22644
2025,6,Juni,2025-06-01,GELÄNDEWAGEN,VOLVO,XC40,1684,22645
2025,6,Juni,2025-06-01,GELÄNDEWAGEN,VOLVO,XC60,2048,22646
2025,6,Juni,2025-06-01,GELÄNDEWAGEN,VOLVO,XC90,973,22647
2025,6,Juni,2025-06-01,GELÄNDEWAGEN,VW,TIGUAN,4668,22648
2025,6,Juni,2025-06-01,GELÄNDEWAGEN,VW,TOUAREG,512,22649
2025,6,Juni,2025-06-01,GROSSRAUM-VANS,DACIA,JOGGER,1305,22675
2025,6,Juni,2025-06-01,GROSSRAUM-VANS,FIAT,ULYSSE,4,22676
2025,6,Juni,2025-06-01,GROSSRAUM-VANS,LEXUS,LM,13,22677
2025,6,Juni,2025-06-01,GROSSRAUM-VANS,MAXUS,MIFA 9,10,22678
2025,6,Juni,2025-06-01,GROSSRAUM-VANS,MERCEDES,V-KLASSE,1705,22679
2025,6,Juni,2025-06-01,GROSSRAUM-VANS,PEUGEOT,5008,548,22680
2025,6,Juni,2025-06-01,GROSSRAUM-VANS,RENAULT,ESPACE,323,22681
2025,6,Juni,2025-06-01,GROSSRAUM-VANS,VW,TOURAN,1333,22682
2025,6,Juni,2025-06-01,KLEINWAGEN,ALPINE,A290,112,21214
2025,6,Juni,2025-06-01,KLEINWAGEN,AUDI,A1,1155,21217
2025,6,Juni,2025-06-01,KLEINWAGEN,BYD,DOLPHIN SURF,817,21220
2025,6,Juni,2025-06-01,KLEINWAGEN,CITROEN,C3,1181,21223
2025,6,Juni,2025-06-01,KLEINWAGEN,DS,3,10,21226
2025,6,Juni,2025-06-01,KLEINWAGEN,FIAT,GRANDE PANDA,153,21232
2025,6,Juni,2025-06-01,KLEINWAGEN,FORD,FIESTA,6,21235
2025,6,Juni,2025-06-01,KLEINWAGEN,FORD,PUMA,1212,21238
2025,6,Juni,2025-06-01,KLEINWAGEN,HONDA,JAZZ,145,21241
2025,6,Juni,2025-06-01,KLEINWAGEN,HYUNDAI,I 20,711,21244
2025,6,Juni,2025-06-01,KLEINWAGEN,HYUNDAI,INSTER,1325,21247
2025,6,Juni,2025-06-01,KLEINWAGEN,MAZDA,2,342,21250
2025,6,Juni,2025-06-01,KLEINWAGEN,MG ROEWE,3,376,21253
2025,6,Juni,2025-06-01,KLEINWAGEN,MINI,MINI,3090,21256
2025,6,Juni,2025-06-01,KLEINWAGEN,MITSUBISHI,COLT,290,21259
2025,6,Juni,2025-06-01,KLEINWAGEN,MITSUBISHI,"MIRAGE, SPACE STAR",2326,21262
2025,6,Juni,2025-06-01,KLEINWAGEN,NIO,FIREFLY,1,21265
2025,6,Juni,2025-06-01,KLEINWAGEN,NISSAN,JUKE,538,21267
2025,6,Juni,2025-06-01,KLEINWAGEN,OPEL,CORSA,6127,21270
2025,6,Juni,2025-06-01,KLEINWAGEN,PEUGEOT,208,1081,21272
2025,6,Juni,2025-06-01,KLEINWAGEN,RENAULT,CLIO,1052,21274
2025,6,Juni,2025-06-01,KLEINWAGEN,RENAULT,R4,207,21276
2025,6,Juni,2025-06-01,KLEINWAGEN,RENAULT,R5,891,21278
2025,6,Juni,2025-06-01,KLEINWAGEN,RENAULT,ZOE,2,21280
2025,6,Juni,2025-06-01,KLEINWAGEN,SEAT,IBIZA,1614,21282
2025,6,Juni,2025-06-01,KLEINWAGEN,SKODA,FABIA,2352,21284
2025,6,Juni,2025-06-01,KLEINWAGEN,SUZUKI,IGNIS,53,21286
2025,6,Juni,2025-06-01,KLEINWAGEN,SUZUKI,SWIFT,1069,21288
2025,6,Juni,2025-06-01,KLEINWAGEN,TOYOTA,YARIS,2718,21290
2025,6,Juni,2025-06-01,KLEINWAGEN,VW,POLO,2315,21292
2025,6,Juni,2025-06-01,KOMPAKTKLASSE,AUDI,A3,2550,21294
2025,6,Juni,2025-06-01,KOMPAKTKLASSE,BMW,1ER,2363,21296
2025,6,Juni,2025-06-01,KOMPAKTKLASSE,BMW,2ER,1765,21298
2025,6,Juni,2025-06-01,KOMPAKTKLASSE,BYD,DOLPHIN,8,21300
2025,6,Juni,2025-06-01,KOMPAKTKLASSE,CITROEN,C4,752,21302
2025,6,Juni,2025-06-01,KOMPAKTKLASSE,DACIA,LOGAN,2,21307
2025,6,Juni,2025-06-01,KOMPAKTKLASSE,DACIA,SANDERO,2910,21310
2025,6,Juni,2025-06-01,KOMPAKTKLASSE,DS,4,45,21312
2025,6,Juni,2025-06-01,KOMPAKTKLASSE,FIAT,TIPO,28,21314
2025,6,Juni,2025-06-01,KOMPAKTKLASSE,FORD,FOCUS,1656,21316
2025,6,Juni,2025-06-01,KOMPAKTKLASSE,GWM,ORA 03,796,21318
2025,6,Juni,2025-06-01,KOMPAKTKLASSE,HONDA,CIVIC,65,21320
2025,6,Juni,2025-06-01,KOMPAKTKLASSE,HYUNDAI,I 30,643,21322
2025,6,Juni,2025-06-01,KOMPAKTKLASSE,KIA,CEED,1445,21324
2025,6,Juni,2025-06-01,KOMPAKTKLASSE,KIA,CERATO,1,21326
2025,6,Juni,2025-06-01,KOMPAKTKLASSE,MAZDA,3,448,21328
2025,6,Juni,2025-06-01,KOMPAKTKLASSE,MAZDA,MX-5,191,21330
2025,6,Juni,2025-06-01,KOMPAKTKLASSE,MERCEDES,A-KLASSE,1549,21332
2025,6,Juni,2025-06-01,KOMPAKTKLASSE,MG ROEWE,4,609,21334
2025,6,Juni,2025-06-01,KOMPAKTKLASSE,OPEL,ASTRA,3491,21336
2025,6,Juni,2025-06-01,KOMPAKTKLASSE,PEUGEOT,308,766,21338
2025,6,Juni,2025-06-01,KOMPAKTKLASSE,RENAULT,MEGANE,61,21340
2025,6,Juni,2025-06-01,KOMPAKTKLASSE,SEAT,BORN,1654,21345
2025,6,Juni,2025-06-01,KOMPAKTKLASSE,SEAT,LEON,2938,21348
2025,6,Juni,2025-06-01,KOMPAKTKLASSE,SKODA,OCTAVIA,3850,21351
2025,6,Juni,2025-06-01,KOMPAKTKLASSE,SKODA,SCALA,801,21354
2025,6,Juni,2025-06-01,KOMPAKTKLASSE,SUBARU,IMPREZA,11,21357
2025,6,Juni,2025-06-01,KOMPAKTKLASSE,SUZUKI,SWACE,82,21360
2025,6,Juni,2025-06-01,KOMPAKTKLASSE,TOYOTA,COROLLA,1170,21363
2025,6,Juni,2025-06-01,KOMPAKTKLASSE,TOYOTA,PRIUS,12,21366
2025,6,Juni,2025-06-01,KOMPAKTKLASSE,VW,GOLF,7351,21369
2025,6,Juni,2025-06-01,KOMPAKTKLASSE,VW,ID.3,2521,21372
2025,6,Juni,2025-06-01,MINI-VANS,KIA,SOUL,11,22671
2025,6,Juni,2025-06-01,MINI-VANS,MERCEDES,B-KLASSE,551,22672
2025,6,Juni,2025-06-01,MINI-VANS,PEUGEOT,3008,1068,22673
2025,6,Juni,2025-06-01,MINI-VANS,RENAULT,SCENIC,261,22674
2025,6,Juni,2025-06-01,MINIS,DACIA,SPRING,599,21188
2025,6,Juni,2025-06-01,MINIS,FIAT,500,910,21191
2025,6,Juni,2025-06-01,MINIS,FIAT,PANDA,154,21193
2025,6,Juni,2025-06-01,MINIS,HYUNDAI,I 10,1243,21196
2025,6,Juni,2025-06-01,MINIS,KIA,PICANTO,783,21199
2025,6,Juni,2025-06-01,MINIS,LEAPMOTOR,T03,368,21202
2025,6,Juni,2025-06-01,MINIS,SMART,FORTWO,5,21205
2025,6,Juni,2025-06-01,MINIS,TOYOTA,AYGO,1207,21208
2025,6,Juni,2025-06-01,MINIS,VW,UP,57,21211
2025,6,Juni,2025-06-01,MITTELKLASSE,ALFA ROMEO,GIULIA,93,21375
2025,6,Juni,2025-06-01,MITTELKLASSE,AUDI,A4,167,21378
2025,6,Juni,2025-06-01,MITTELKLASSE,AUDI,A5,2254,21383
2025,6,Juni,2025-06-01,MITTELKLASSE,BMW,3ER,2604,21386
2025,6,Juni,2025-06-01,MITTELKLASSE,BMW,4ER,1881,21389
2025,6,Juni,2025-06-01,MITTELKLASSE,BYD,SEAL,103,22387
2025,6,Juni,2025-06-01,MITTELKLASSE,CITROEN,C5,620,22411
2025,6,Juni,2025-06-01,MITTELKLASSE,GWM,ORA 07,7,22414
2025,6,Juni,2025-06-01,MITTELKLASSE,HYUNDAI,G70,9,22423
2025,6,Juni,2025-06-01,MITTELKLASSE,HYUNDAI,IONIQ6,68,22426
2025,6,Juni,2025-06-01,MITTELKLASSE,MAZDA,6,77,22430
2025,6,Juni,2025-06-01,MITTELKLASSE,MERCEDES,C-KLASSE,2302,22431
2025,6,Juni,2025-06-01,MITTELKLASSE,MERCEDES,CLA-KLASSE,1290,22433
2025,6,Juni,2025-06-01,MITTELKLASSE,MG ROEWE,5,2,22437
2025,6,Juni,2025-06-01,MITTELKLASSE,NIO,ET5,1,22441
2025,6,Juni,2025-06-01,MITTELKLASSE,PEUGEOT,408,290,22445
2025,6,Juni,2025-06-01,MITTELKLASSE,PEUGEOT,508,14,22446
2025,6,Juni,2025-06-01,MITTELKLASSE,POLESTAR,2,114,22447
2025,6,Juni,2025-06-01,MITTELKLASSE,SKODA,SUPERB,1660,22448
2025,6,Juni,2025-06-01,MITTELKLASSE,TESLA,MODEL 3,543,22449
2025,6,Juni,2025-06-01,MITTELKLASSE,VOLVO,60,312,22450
2025,6,Juni,2025-06-01,MITTELKLASSE,VW,ARTEON,20,22451
2025,6,Juni,2025-06-01,MITTELKLASSE,VW,PASSAT,3712,22452
2025,6,Juni,2025-06-01,OBERE MITTELKLASSE,AUDI,A6,3020,22453
2025,6,Juni,2025-06-01,OBERE MITTELKLASSE,BMW,5ER,3097,22454
2025,6,Juni,2025-06-01,OBERE MITTELKLASSE,DS,9,3,22455
2025,6,Juni,2025-06-01,OBERE MITTELKLASSE,HYUNDAI,G80,25,22456
2025,6,Juni,2025-06-01,OBERE MITTELKLASSE,LEXUS,ES,14,22457
2025,6,Juni,2025-06-01,OBERE MITTELKLASSE,MERCEDES,CLE,980,22458
2025,6,Juni,2025-06-01,OBERE MITTELKLASSE,MERCEDES,E-KLASSE,2505,22459
2025,6,Juni,2025-06-01,OBERE MITTELKLASSE,SUBARU,OUTBACK,132,22460
2025,6,Juni,2025-06-01,OBERE MITTELKLASSE,TOYOTA,MIRAI,16,22461
2025,6,Juni,2025-06-01,OBERE MITTELKLASSE,VOLVO,90,72,22462
2025,6,Juni,2025-06-01,OBERE MITTELKLASSE,VW,ID.7,2402,22463
2025,6,Juni,2025-06-01,OBERE MITTELKLASSE,XPENG,P7,10,22464
2025,6,Juni,2025-06-01,OBERKLASSE,AUDI,A7,162,22465
2025,6,Juni,2025-06-01,OBERKLASSE,AUDI,A8,89,22466
2025,6,Juni,2025-06-01,OBERKLASSE,AUDI,E-TRON GT,114,22467
2025,6,Juni,2025-06-01,OBERKLASSE,BENTLEY,CONTINENTAL,44,22468
2025,6,Juni,2025-06-01,OBERKLASSE,BMW,7ER,240,22469
2025,6,Juni,2025-06-01,OBERKLASSE,BMW,8ER,71,22470
2025,6,Juni,2025-06-01,OBERKLASSE,HYUNDAI,G90,6,22471
2025,6,Juni,2025-06-01,OBERKLASSE,LOTUS,EMEYA,4,22472
2025,6,Juni,2025-06-01,OBERKLASSE,LUCID,AIR,17,22473
2025,6,Juni,2025-06-01,OBERKLASSE,MASERATI,GHIBLI,4,22474
2025,6,Juni,2025-06-01,OBERKLASSE,MERCEDES,S-KLASSE,414,22475
2025,6,Juni,2025-06-01,OBERKLASSE,NIO,ET7,10,22476
2025,6,Juni,2025-06-01,OBERKLASSE,PORSCHE,PANAMERA,155,22477
2025,6,Juni,2025-06-01,OBERKLASSE,PORSCHE,TAYCAN,180,22478
2025,6,Juni,2025-06-01,OBERKLASSE,ROLLS ROYCE,SPECTRE,4,22479
2025,6,Juni,2025-06-01,OBERKLASSE,TESLA,MODEL S,5,22480
2025,6,Juni,2025-06-01,SONSTIGE,ALPINE,SONSTIGE,1,22755
2025,6,Juni,2025-06-01,SONSTIGE,ASTON MARTIN,SONSTIGE,25,22756
2025,6,Juni,2025-06-01,SONSTIGE,AUDI,SONSTIGE,33,22757
2025,6,Juni,2025-06-01,SONSTIGE,BMW,SONSTIGE,100,22758
2025,6,Juni,2025-06-01,SONSTIGE,CHERY,SONSTIGE,1,22759
2025,6,Juni,2025-06-01,SONSTIGE,DACIA,SONSTIGE,2,22760
2025,6,Juni,2025-06-01,SONSTIGE,FERRARI,SONSTIGE,5,22761
2025,6,Juni,2025-06-01,SONSTIGE,FORD,SONSTIGE,9,22762
2025,6,Juni,2025-06-01,SONSTIGE,HYUNDAI,SONSTIGE,6,22763
2025,6,Juni,2025-06-01,SONSTIGE,KIA,SONSTIGE,4,22764
2025,6,Juni,2025-06-01,SONSTIGE,LAMBORGHINI,SONSTIGE,33,22765
2025,6,Juni,2025-06-01,SONSTIGE,MASERATI,SONSTIGE,4,22766
2025,6,Juni,2025-06-01,SONSTIGE,MAXUS,SONSTIGE,12,22767
2025,6,Juni,2025-06-01,SONSTIGE,MERCEDES,SONSTIGE,2,22768
2025,6,Juni,2025-06-01,SONSTIGE,MORGAN,SONSTIGE,3,22769
2025,6,Juni,2025-06-01,SONSTIGE,NISSAN,SONSTIGE,2,22770
2025,6,Juni,2025-06-01,SONSTIGE,PORSCHE,SONSTIGE,88,22771
2025,6,Juni,2025-06-01,SONSTIGE,ROLLS ROYCE,SONSTIGE,14,22772
2025,6,Juni,2025-06-01,SONSTIGE,SEAT,SONSTIGE,3,22773
2025,6,Juni,2025-06-01,SONSTIGE,SKODA,SONSTIGE,3,22774
2025,6,Juni,2025-06-01,SONSTIGE,SONSTIGE,SONSTIGE,837,22775
2025,6,Juni,2025-06-01,SONSTIGE,TESLA,SONSTIGE,1,22776
2025,6,Juni,2025-06-01,SONSTIGE,TOYOTA,SONSTIGE,1,22777
2025,6,Juni,2025-06-01,SONSTIGE,VW,SONSTIGE,75,22778
2025,6,Juni,2025-06-01,SPORTWAGEN,ALPINE,A110,23,22650
2025,6,Juni,2025-06-01,SPORTWAGEN,AUDI,R8,10,22651
2025,6,Juni,2025-06-01,SPORTWAGEN,AUDI,TT,7,22652
2025,6,Juni,2025-06-01,SPORTWAGEN,BMW,Z4,295,22653
2025,6,Juni,2025-06-01,SPORTWAGEN,FERRARI,12CILINDRI,31,22654
2025,6,Juni,2025-06-01,SPORTWAGEN,FERRARI,296,63,22655
2025,6,Juni,2025-06-01,SPORTWAGEN,FERRARI,488,1,22656
2025,6,Juni,2025-06-01,SPORTWAGEN,FERRARI,ROMA,35,22657
2025,6,Juni,2025-06-01,SPORTWAGEN,FERRARI,SF90,13,22658
2025,6,Juni,2025-06-01,SPORTWAGEN,FORD,MUSTANG,156,22659
2025,6,Juni,2025-06-01,SPORTWAGEN,LOTUS,EMIRA,28,22660
2025,6,Juni,2025-06-01,SPORTWAGEN,MASERATI,GRANTURISMO,7,22661
2025,6,Juni,2025-06-01,SPORTWAGEN,MERCEDES,AMG GT,72,22662
2025,6,Juni,2025-06-01,SPORTWAGEN,MERCEDES,SL,43,22663
2025,6,Juni,2025-06-01,SPORTWAGEN,MG ROEWE,CYBERSTER,14,22664
2025,6,Juni,2025-06-01,SPORTWAGEN,PORSCHE,911,952,22665
2025,6,Juni,2025-06-01,SPORTWAGEN,PORSCHE,BOXSTER,12,22666
2025,6,Juni,2025-06-01,SPORTWAGEN,PORSCHE,CAYMAN,70,22667
2025,6,Juni,2025-06-01,SPORTWAGEN,SONSTIGE,SONSTIGE,9,22668
2025,6,Juni,2025-06-01,SPORTWAGEN,SUBARU,BRZ,40,22669
2025,6,Juni,2025-06-01,SPORTWAGEN,TOYOTA,SUPRA,3,22670
2025,6,Juni,2025-06-01,SUVs,ALFA ROMEO,JUNIOR,288,22481
2025,6,Juni,2025-06-01,SUVs,ALFA ROMEO,STELVIO,171,22482
2025,6,Juni,2025-06-01,SUVs,ALFA ROMEO,TONALE,75,22483
2025,6,Juni,2025-06-01,SUVs,AUDI,Q2,895,22484
2025,6,Juni,2025-06-01,SUVs,AUDI,Q4,781,22485
2025,6,Juni,2025-06-01,SUVs,AUDI,Q6,1416,22486
2025,6,Juni,2025-06-01,SUVs,BMW,IX,417,22487
2025,6,Juni,2025-06-01,SUVs,BMW,X1,4546,22488
2025,6,Juni,2025-06-01,SUVs,BMW,X2,984,22489
2025,6,Juni,2025-06-01,SUVs,BMW,XM,47,22490
2025,6,Juni,2025-06-01,SUVs,BYD,ATTO 2,9,22491
2025,6,Juni,2025-06-01,SUVs,BYD,ATTO 3,154,22492
2025,6,Juni,2025-06-01,SUVs,BYD,SEAL U,423,22493
2025,6,Juni,2025-06-01,SUVs,BYD,SEALION 7,144,22494
2025,6,Juni,2025-06-01,SUVs,BYD,TANG,17,22495
2025,6,Juni,2025-06-01,SUVs,CADILLAC,XT4,1,22496
2025,6,Juni,2025-06-01,SUVs,DACIA,BIGSTER,1227,22497
2025,6,Juni,2025-06-01,SUVs,DACIA,DUSTER,1698,22498
2025,6,Juni,2025-06-01,SUVs,DS,7,101,22499
2025,6,Juni,2025-06-01,SUVs,DS,8,4,22500
2025,6,Juni,2025-06-01,SUVs,FERRARI,PUROSANGUE,38,22501
2025,6,Juni,2025-06-01,SUVs,FIAT,600,586,22502
2025,6,Juni,2025-06-01,SUVs,FORD,CAPRI,281,22503
2025,6,Juni,2025-06-01,SUVs,FORD,EXPLORER,940,22504
2025,6,Juni,2025-06-01,SUVs,FORD,KUGA,1048,22505
2025,6,Juni,2025-06-01,SUVs,FORD,MUSTANG MACH-E,35,22506
2025,6,Juni,2025-06-01,SUVs,GWM,WEY 03,84,22507
2025,6,Juni,2025-06-01,SUVs,GWM,WEY 05,171,22508
2025,6,Juni,2025-06-01,SUVs,HONDA,CR-V,118,22509
2025,6,Juni,2025-06-01,SUVs,HONDA,E:NY1,35,22510
2025,6,Juni,2025-06-01,SUVs,HONDA,HR-V,143,22511
2025,6,Juni,2025-06-01,SUVs,HONDA,ZR-V,65,22512
2025,6,Juni,2025-06-01,SUVs,HYUNDAI,BAYON,263,22513
2025,6,Juni,2025-06-01,SUVs,HYUNDAI,GV60,10,22514
2025,6,Juni,2025-06-01,SUVs,HYUNDAI,GV70,66,22515
2025,6,Juni,2025-06-01,SUVs,HYUNDAI,GV80,2,22516
2025,6,Juni,2025-06-01,SUVs,HYUNDAI,IONIQ 9,6,22517
2025,6,Juni,2025-06-01,SUVs,HYUNDAI,IONIQ5,748,22518
2025,6,Juni,2025-06-01,SUVs,HYUNDAI,KONA,1403,22519
2025,6,Juni,2025-06-01,SUVs,HYUNDAI,TUCSON,1987,22520
2025,6,Juni,2025-06-01,SUVs,JEEP,AVENGER,863,22521
2025,6,Juni,2025-06-01,SUVs,KGM,ACTYON,34,22522
2025,6,Juni,2025-06-01,SUVs,KGM,KORANDO,149,22523
2025,6,Juni,2025-06-01,SUVs,KGM,TIVOLI,121,22524
2025,6,Juni,2025-06-01,SUVs,KGM,TORRES,33,22525
2025,6,Juni,2025-06-01,SUVs,KIA,EV3,704,22526
2025,6,Juni,2025-06-01,SUVs,KIA,EV6,250,22527
2025,6,Juni,2025-06-01,SUVs,KIA,EV9,39,22528
2025,6,Juni,2025-06-01,SUVs,KIA,NIRO,132,22529
2025,6,Juni,2025-06-01,SUVs,KIA,SPORTAGE,1200,22530
2025,6,Juni,2025-06-01,SUVs,KIA,STONIC,351,22531
2025,6,Juni,2025-06-01,SUVs,LEAPMOTOR,C10,203,22532
2025,6,Juni,2025-06-01,SUVs,LEXUS,LBX,123,22533
2025,6,Juni,2025-06-01,SUVs,LEXUS,NX,107,22534
2025,6,Juni,2025-06-01,SUVs,LEXUS,RX,104,22535
2025,6,Juni,2025-06-01,SUVs,LEXUS,RZ,83,22536
2025,6,Juni,2025-06-01,SUVs,LEXUS,UX,46,22537
2025,6,Juni,2025-06-01,SUVs,LOTUS,ELETRE,11,22538
2025,6,Juni,2025-06-01,SUVs,LYNK & CO,01,272,22539
2025,6,Juni,2025-06-01,SUVs,LYNK & CO,02,1,22540
2025,6,Juni,2025-06-01,SUVs,MASERATI,GRECALE,13,22541
2025,6,Juni,2025-06-01,SUVs,MASERATI,LEVANTE,7,22542
2025,6,Juni,2025-06-01,SUVs,MAZDA,CX-30,1107,22543
2025,6,Juni,2025-06-01,SUVs,MAZDA,CX-5,172,22544
2025,6,Juni,2025-06-01,SUVs,MAZDA,CX-60,1009,22545
2025,6,Juni,2025-06-01,SUVs,MAZDA,CX-80,298,22546
2025,6,Juni,2025-06-01,SUVs,MAZDA,MX-30,73,22547
2025,6,Juni,2025-06-01,SUVs,MERCEDES,GLA,2096,22548
2025,6,Juni,2025-06-01,SUVs,MERCEDES,GLB,1335,22549
2025,6,Juni,2025-06-01,SUVs,MERCEDES,"GLK, GLC",2811,22550
2025,6,Juni,2025-06-01,SUVs,MG ROEWE,RX6,622,22551
2025,6,Juni,2025-06-01,SUVs,MG ROEWE,S5,78,22552
2025,6,Juni,2025-06-01,SUVs,MG ROEWE,ZS,418,22553
2025,6,Juni,2025-06-01,SUVs,MITSUBISHI,ASX,278,22554
2025,6,Juni,2025-06-01,SUVs,MITSUBISHI,ECLIPSE CROSS,454,22555
2025,6,Juni,2025-06-01,SUVs,MITSUBISHI,OUTLANDER,190,22556
2025,6,Juni,2025-06-01,SUVs,NIO,EL6,3,22557
2025,6,Juni,2025-06-01,SUVs,NIO,ES8,1,22558
2025,6,Juni,2025-06-01,SUVs,NISSAN,ARIYA,45,22559
2025,6,Juni,2025-06-01,SUVs,NISSAN,QASHQAI,1269,22560
2025,6,Juni,2025-06-01,SUVs,OPEL,CROSSLAND X,14,22561
2025,6,Juni,2025-06-01,SUVs,OPEL,FRONTERA,1169,22562
2025,6,Juni,2025-06-01,SUVs,OPEL,GRANDLAND X,1457,22563
2025,6,Juni,2025-06-01,SUVs,OPEL,MOKKA,2894,22564
2025,6,Juni,2025-06-01,SUVs,PEUGEOT,2008,977,22565
2025,6,Juni,2025-06-01,SUVs,POLESTAR,3,202,22566
2025,6,Juni,2025-06-01,SUVs,POLESTAR,4,201,22567
2025,6,Juni,2025-06-01,SUVs,RENAULT,ARKANA,291,22568
2025,6,Juni,2025-06-01,SUVs,RENAULT,AUSTRAL,995,22569
2025,6,Juni,2025-06-01,SUVs,RENAULT,CAPTUR,878,22570
2025,6,Juni,2025-06-01,SUVs,RENAULT,KOLEOS,3,22571
2025,6,Juni,2025-06-01,SUVs,RENAULT,RAFALE,314,22572
2025,6,Juni,2025-06-01,SUVs,RENAULT,SYMBIOZ,371,22573
2025,6,Juni,2025-06-01,SUVs,SEAT,ARONA,1612,22574
2025,6,Juni,2025-06-01,SUVs,SEAT,ATECA,1123,22575
2025,6,Juni,2025-06-01,SUVs,SEAT,FORMENTOR,1809,22576
2025,6,Juni,2025-06-01,SUVs,SEAT,TARRACO,11,22577
2025,6,Juni,2025-06-01,SUVs,SEAT,TAVASCAN,846,22578
2025,6,Juni,2025-06-01,SUVs,SEAT,TERRAMAR,1723,22579
2025,6,Juni,2025-06-01,SUVs,SKODA,ELROQ,2437,22580
2025,6,Juni,2025-06-01,SUVs,SKODA,ENYAQ,1922,22581
2025,6,Juni,2025-06-01,SUVs,SKODA,KAMIQ,2187,22582
2025,6,Juni,2025-06-01,SUVs,SKODA,KAROQ,2581,22583
2025,6,Juni,2025-06-01,SUVs,SMART,1,169,22584
2025,6,Juni,2025-06-01,SUVs,SMART,3,110,22585
2025,6,Juni,2025-06-01,SUVs,SMART,5,54,22586
2025,6,Juni,2025-06-01,SUVs,SUBARU,CROSSTREK,87,22587
2025,6,Juni,2025-06-01,SUVs,SUBARU,SOLTERRA,80,22588
2025,6,Juni,2025-06-01,SUVs,SUZUKI,ACROSS,9,22589
2025,6,Juni,2025-06-01,SUVs,SUZUKI,SX4,170,22590
2025,6,Juni,2025-06-01,SUVs,SUZUKI,VITARA,558,22591
2025,6,Juni,2025-06-01,SUVs,TESLA,MODEL X,7,22592
2025,6,Juni,2025-06-01,SUVs,TESLA,MODEL Y,1304,22593
2025,6,Juni,2025-06-01,SUVs,TOYOTA,BZ4,746,22594
2025,6,Juni,2025-06-01,SUVs,TOYOTA,C-HR,1126,22595
2025,6,Juni,2025-06-01,SUVs,TOYOTA,RAV 4,230,22596
2025,6,Juni,2025-06-01,SUVs,VINFAST,VF 8,1,22597
2025,6,Juni,2025-06-01,SUVs,VOLVO,C40,53,22598
2025,6,Juni,2025-06-01,SUVs,VOLVO,EX30,529,22599
2025,6,Juni,2025-06-01,SUVs,VOLVO,EX90,136,22600
2025,6,Juni,2025-06-01,SUVs,VW,"ID.4, ID.5",2355,22601
2025,6,Juni,2025-06-01,SUVs,VW,T-CROSS,3053,22602
2025,6,Juni,2025-06-01,SUVs,VW,T-ROC,6687,22603
2025,6,Juni,2025-06-01,SUVs,VW,TAIGO,2533,22604
2025,6,Juni,2025-06-01,SUVs,VW,TAYRON,2852,22605
2025,6,Juni,2025-06-01,SUVs,XPENG,G6,146,22606
2025,6,Juni,2025-06-01,SUVs,XPENG,G9,84,22607
2025,6,Juni,2025-06-01,UTILITIES,CITROEN,BERLINGO,270,22683
2025,6,Juni,2025-06-01,UTILITIES,CITROEN,JUMPER,13,22684
2025,6,Juni,2025-06-01,UTILITIES,CITROEN,JUMPY,390,22685
2025,6,Juni,2025-06-01,UTILITIES,DAF TRUCKS,LF,1,22686
2025,6,Juni,2025-06-01,UTILITIES,FIAT,DOBLO,2,22687
2025,6,Juni,2025-06-01,UTILITIES,FIAT,DUCATO,58,22688
2025,6,Juni,2025-06-01,UTILITIES,FIAT,SCUDO,3,22689
2025,6,Juni,2025-06-01,UTILITIES,FORD,TRANSIT CONNECT,541,22690
2025,6,Juni,2025-06-01,UTILITIES,FORD,TRANSIT COURIER,290,22691
2025,6,Juni,2025-06-01,UTILITIES,FORD,TRANSIT CUSTOM,1546,22692
2025,6,Juni,2025-06-01,UTILITIES,FORD,"TRANSIT, TOURNEO",278,22693
2025,6,Juni,2025-06-01,UTILITIES,HYUNDAI,STARIA,126,22694
2025,6,Juni,2025-06-01,UTILITIES,IVECO,DAILY,8,22695
2025,6,Juni,2025-06-01,UTILITIES,MAN,TGE,59,22696
2025,6,Juni,2025-06-01,UTILITIES,MERCEDES,CITAN,483,22697
2025,6,Juni,2025-06-01,UTILITIES,MERCEDES,SPRINTER,351,22698
2025,6,Juni,2025-06-01,UTILITIES,MERCEDES,VITO,1019,22699
2025,6,Juni,2025-06-01,UTILITIES,NISSAN,PRIMASTAR,256,22700
2025,6,Juni,2025-06-01,UTILITIES,NISSAN,TOWNSTAR,275,22701
2025,6,Juni,2025-06-01,UTILITIES,OPEL,COMBO,52,22702
2025,6,Juni,2025-06-01,UTILITIES,OPEL,MOVANO,6,22703
2025,6,Juni,2025-06-01,UTILITIES,OPEL,VIVARO,7,22704
2025,6,Juni,2025-06-01,UTILITIES,OPEL,ZAFIRA LIFE,66,22705
2025,6,Juni,2025-06-01,UTILITIES,PEUGEOT,BOXER,3,22706
2025,6,Juni,2025-06-01,UTILITIES,PEUGEOT,EXPERT,194,22707
2025,6,Juni,2025-06-01,UTILITIES,PEUGEOT,RIFTER,40,22708
2025,6,Juni,2025-06-01,UTILITIES,RENAULT,KANGOO,386,22709
2025,6,Juni,2025-06-01,UTILITIES,RENAULT,MASTER,1,22710
2025,6,Juni,2025-06-01,UTILITIES,RENAULT,TRAFIC,73,22711
2025,6,Juni,2025-06-01,UTILITIES,TOYOTA,PROACE,342,22712
2025,6,Juni,2025-06-01,UTILITIES,VW,CADDY,1718,22713
2025,6,Juni,2025-06-01,UTILITIES,VW,CRAFTER,94,22714
2025,6,Juni,2025-06-01,UTILITIES,VW,ID. BUZZ,681,22715
2025,6,Juni,2025-06-01,UTILITIES,VW,TRANSPORTER,2422,22716
2025,6,Juni,2025-06-01,WOHNMOBILE,CITROEN,JUMPER,540,22717
2025,6,Juni,2025-06-01,WOHNMOBILE,CITROEN,JUMPY,138,22718
2025,6,Juni,2025-06-01,WOHNMOBILE,FIAT,DUCATO,3440,22719
2025,6,Juni,2025-06-01,WOHNMOBILE,FORD,SONSTIGE,20,22720
2025,6,Juni,2025-06-01,WOHNMOBILE,FORD,TRANSIT CUSTOM,314,22721
2025,6,Juni,2025-06-01,WOHNMOBILE,FORD,"TRANSIT, TOURNEO",682,22722
2025,6,Juni,2025-06-01,WOHNMOBILE,IVECO,DAILY,69,22723
2025,6,Juni,2025-06-01,WOHNMOBILE,IVECO,STRALIS,3,22724
2025,6,Juni,2025-06-01,WOHNMOBILE,MAN,TGE,34,22725
2025,6,Juni,2025-06-01,WOHNMOBILE,MAN,TGL,3,22726
2025,6,Juni,2025-06-01,WOHNMOBILE,MAN,TGM,3,22727
2025,6,Juni,2025-06-01,WOHNMOBILE,MAN,TGS,1,22728
2025,6,Juni,2025-06-01,WOHNMOBILE,MERCEDES,ACTROS,1,22729
2025,6,Juni,2025-06-01,WOHNMOBILE,MERCEDES,AROCS,3,22730
2025,6,Juni,2025-06-01,WOHNMOBILE,MERCEDES,ATEGO,1,22731
2025,6,Juni,2025-06-01,WOHNMOBILE,MERCEDES,SONSTIGE,2,22732
2025,6,Juni,2025-06-01,WOHNMOBILE,MERCEDES,SPRINTER,608,22733
2025,6,Juni,2025-06-01,WOHNMOBILE,MERCEDES,UNIMOG,2,22734
2025,6,Juni,2025-06-01,WOHNMOBILE,MERCEDES,V-KLASSE,172,22735
2025,6,Juni,2025-06-01,WOHNMOBILE,MERCEDES,VITO,159,22736
2025,6,Juni,2025-06-01,WOHNMOBILE,NISSAN,PRIMASTAR,16,22737
2025,6,Juni,2025-06-01,WOHNMOBILE,NISSAN,SONSTIGE,4,22738
2025,6,Juni,2025-06-01,WOHNMOBILE,OPEL,COMBO,3,22739
2025,6,Juni,2025-06-01,WOHNMOBILE,OPEL,MOVANO,34,22740
2025,6,Juni,2025-06-01,WOHNMOBILE,OPEL,VIVARO,8,22741
2025,6,Juni,2025-06-01,WOHNMOBILE,OPEL,ZAFIRA LIFE,41,22742
2025,6,Juni,2025-06-01,WOHNMOBILE,PEUGEOT,BOXER,172,22743
2025,6,Juni,2025-06-01,WOHNMOBILE,PEUGEOT,EXPERT,21,22744
2025,6,Juni,2025-06-01,WOHNMOBILE,RENAULT,MASTER,57,22745
2025,6,Juni,2025-06-01,WOHNMOBILE,RENAULT,TRAFIC,36,22746
2025,6,Juni,2025-06-01,WOHNMOBILE,SONSTIGE,SONSTIGE,60,22747
2025,6,Juni,2025-06-01,WOHNMOBILE,TOYOTA,PROACE,4,22748
2025,6,Juni,2025-06-01,WOHNMOBILE,VOLVO,FH,1,22749
2025,6,Juni,2025-06-01,WOHNMOBILE,VOLVO,FM,1,22750
2025,6,Juni,2025-06-01,WOHNMOBILE,VW,CADDY,9,22751
2025,6,Juni,2025-06-01,WOHNMOBILE,VW,CRAFTER,253,22752
2025,6,Juni,2025-06-01,WOHNMOBILE,VW,ID. BUZZ,1,22753
2025,6,Juni,2025-06-01,WOHNMOBILE,VW,TRANSPORTER,580,22754
2025,7,Juli,2025-07-01,GELÄNDEWAGEN,AUDI,Q3,1964,23350
2025,7,Juli,2025-07-01,GELÄNDEWAGEN,AUDI,Q5,1740,23353
2025,7,Juli,2025-07-01,GELÄNDEWAGEN,AUDI,Q7,438,23356
2025,7,Juli,2025-07-01,GELÄNDEWAGEN,AUDI,Q8,686,23359
2025,7,Juli,2025-07-01,GELÄNDEWAGEN,BENTLEY,BENTAYGA,15,23362
2025,7,Juli,2025-07-01,GELÄNDEWAGEN,BMW,X3,2156,23365
2025,7,Juli,2025-07-01,GELÄNDEWAGEN,BMW,X4,271,23368
2025,7,Juli,2025-07-01,GELÄNDEWAGEN,BMW,X5,1445,23371
2025,7,Juli,2025-07-01,GELÄNDEWAGEN,BMW,X6,280,23374
2025,7,Juli,2025-07-01,GELÄNDEWAGEN,BMW,X7,276,23376
2025,7,Juli,2025-07-01,GELÄNDEWAGEN,CADILLAC,ESCALADE,7,23378
2025,7,Juli,2025-07-01,GELÄNDEWAGEN,HYUNDAI,SANTA FE,395,23381
2025,7,Juli,2025-07-01,GELÄNDEWAGEN,INEOS,GRENADIER,94,23384
2025,7,Juli,2025-07-01,GELÄNDEWAGEN,JAGUAR,F-PACE,1,23387
2025,7,Juli,2025-07-01,GELÄNDEWAGEN,JEEP,COMPASS,342,23390
2025,7,Juli,2025-07-01,GELÄNDEWAGEN,JEEP,GRAND CHEROKEE,24,23393
2025,7,Juli,2025-07-01,GELÄNDEWAGEN,JEEP,RENEGADE,45,23396
2025,7,Juli,2025-07-01,GELÄNDEWAGEN,JEEP,WRANGLER,45,23399
2025,7,Juli,2025-07-01,GELÄNDEWAGEN,KGM,REXTON,52,23402
2025,7,Juli,2025-07-01,GELÄNDEWAGEN,KIA,SORENTO,243,23405
2025,7,Juli,2025-07-01,GELÄNDEWAGEN,LAMBORGHINI,URUS,95,23408
2025,7,Juli,2025-07-01,GELÄNDEWAGEN,LAND ROVER,DEFENDER,497,23411
2025,7,Juli,2025-07-01,GELÄNDEWAGEN,LAND ROVER,DISCOVERY,24,23414
2025,7,Juli,2025-07-01,GELÄNDEWAGEN,LAND ROVER,DISCOVERY SPORT,92,23416
2025,7,Juli,2025-07-01,GELÄNDEWAGEN,LAND ROVER,RANGE ROVER,153,23419
2025,7,Juli,2025-07-01,GELÄNDEWAGEN,LAND ROVER,RANGE ROVER EVOQUE,228,23422
2025,7,Juli,2025-07-01,GELÄNDEWAGEN,LAND ROVER,RANGE ROVER SPORT,323,23425
2025,7,Juli,2025-07-01,GELÄNDEWAGEN,LAND ROVER,RANGE ROVER VELAR,115,23428
2025,7,Juli,2025-07-01,GELÄNDEWAGEN,MERCEDES,G-KLASSE,586,23431
2025,7,Juli,2025-07-01,GELÄNDEWAGEN,MERCEDES,"GL-KLASSE, GLS",200,23434
2025,7,Juli,2025-07-01,GELÄNDEWAGEN,MERCEDES,"ML-KLASSE, GLE",1193,23437
2025,7,Juli,2025-07-01,GELÄNDEWAGEN,NISSAN,X-TRAIL,313,23440
2025,7,Juli,2025-07-01,GELÄNDEWAGEN,PORSCHE,CAYENNE,483,23443
2025,7,Juli,2025-07-01,GELÄNDEWAGEN,PORSCHE,MACAN,553,23446
2025,7,Juli,2025-07-01,GELÄNDEWAGEN,SKODA,KODIAQ,3139,23449
2025,7,Juli,2025-07-01,GELÄNDEWAGEN,SUBARU,FORESTER,148,23455
2025,7,Juli,2025-07-01,GELÄNDEWAGEN,TOYOTA,LANDCRUISER,33,23458
2025,7,Juli,2025-07-01,GELÄNDEWAGEN,VOLVO,XC40,1618,23461
2025,7,Juli,2025-07-01,GELÄNDEWAGEN,VOLVO,XC60,1892,23464
2025,7,Juli,2025-07-01,GELÄNDEWAGEN,VOLVO,XC90,893,23467
2025,7,Juli,2025-07-01,GELÄNDEWAGEN,VW,TIGUAN,5072,23470
2025,7,Juli,2025-07-01,GELÄNDEWAGEN,VW,TOUAREG,644,23473
2025,7,Juli,2025-07-01,GROSSRAUM-VANS,DACIA,JOGGER,966,23559
2025,7,Juli,2025-07-01,GROSSRAUM-VANS,FIAT,ULYSSE,25,23578
2025,7,Juli,2025-07-01,GROSSRAUM-VANS,LEXUS,LM,24,23581
2025,7,Juli,2025-07-01,GROSSRAUM-VANS,MAXUS,MIFA 9,5,23584
2025,7,Juli,2025-07-01,GROSSRAUM-VANS,MERCEDES,V-KLASSE,2183,23587
2025,7,Juli,2025-07-01,GROSSRAUM-VANS,PEUGEOT,5008,294,23590
2025,7,Juli,2025-07-01,GROSSRAUM-VANS,RENAULT,ESPACE,223,23593
2025,7,Juli,2025-07-01,GROSSRAUM-VANS,SEAT,ALHAMBRA,1,23596
2025,7,Juli,2025-07-01,GROSSRAUM-VANS,VW,TOURAN,1403,23598
2025,7,Juli,2025-07-01,KLEINWAGEN,ALPINE,A290,71,22788
2025,7,Juli,2025-07-01,KLEINWAGEN,AUDI,A1,1138,22789
2025,7,Juli,2025-07-01,KLEINWAGEN,BYD,DOLPHIN SURF,36,22790
2025,7,Juli,2025-07-01,KLEINWAGEN,CITROEN,C3,1277,22791
2025,7,Juli,2025-07-01,KLEINWAGEN,DS,3,2,22792
2025,7,Juli,2025-07-01,KLEINWAGEN,FIAT,GRANDE PANDA,233,22793
2025,7,Juli,2025-07-01,KLEINWAGEN,FORD,PUMA,1581,22794
2025,7,Juli,2025-07-01,KLEINWAGEN,HONDA,JAZZ,182,22795
2025,7,Juli,2025-07-01,KLEINWAGEN,HYUNDAI,I 20,1056,22796
2025,7,Juli,2025-07-01,KLEINWAGEN,HYUNDAI,INSTER,1171,22797
2025,7,Juli,2025-07-01,KLEINWAGEN,KIA,RIO,3,22798
2025,7,Juli,2025-07-01,KLEINWAGEN,MAZDA,2,292,22799
2025,7,Juli,2025-07-01,KLEINWAGEN,MG ROEWE,3,480,22800
2025,7,Juli,2025-07-01,KLEINWAGEN,MINI,MINI,3919,22801
2025,7,Juli,2025-07-01,KLEINWAGEN,MITSUBISHI,COLT,256,22802
2025,7,Juli,2025-07-01,KLEINWAGEN,MITSUBISHI,"MIRAGE, SPACE STAR",169,22803
2025,7,Juli,2025-07-01,KLEINWAGEN,NISSAN,JUKE,435,22804
2025,7,Juli,2025-07-01,KLEINWAGEN,OPEL,CORSA,4930,22805
2025,7,Juli,2025-07-01,KLEINWAGEN,PEUGEOT,208,863,22806
2025,7,Juli,2025-07-01,KLEINWAGEN,RENAULT,CLIO,697,22807
2025,7,Juli,2025-07-01,KLEINWAGEN,RENAULT,R4,226,22808
2025,7,Juli,2025-07-01,KLEINWAGEN,RENAULT,R5,916,22809
2025,7,Juli,2025-07-01,KLEINWAGEN,RENAULT,ZOE,2,22810
2025,7,Juli,2025-07-01,KLEINWAGEN,SEAT,IBIZA,1989,22811
2025,7,Juli,2025-07-01,KLEINWAGEN,SKODA,FABIA,2437,22812
2025,7,Juli,2025-07-01,KLEINWAGEN,SUZUKI,IGNIS,9,22813
2025,7,Juli,2025-07-01,KLEINWAGEN,SUZUKI,SWIFT,1030,22814
2025,7,Juli,2025-07-01,KLEINWAGEN,TOYOTA,YARIS,3273,22815
2025,7,Juli,2025-07-01,KLEINWAGEN,VW,POLO,1697,22816
2025,7,Juli,2025-07-01,KOMPAKTKLASSE,AUDI,A3,2917,22817
2025,7,Juli,2025-07-01,KOMPAKTKLASSE,BMW,1ER,2385,22818
2025,7,Juli,2025-07-01,KOMPAKTKLASSE,BMW,2ER,2155,22819
2025,7,Juli,2025-07-01,KOMPAKTKLASSE,BYD,DOLPHIN,53,22820
2025,7,Juli,2025-07-01,KOMPAKTKLASSE,CITROEN,C4,620,22821
2025,7,Juli,2025-07-01,KOMPAKTKLASSE,DACIA,LOGAN,1,22822
2025,7,Juli,2025-07-01,KOMPAKTKLASSE,DACIA,SANDERO,2142,22823
2025,7,Juli,2025-07-01,KOMPAKTKLASSE,DS,4,27,22824
2025,7,Juli,2025-07-01,KOMPAKTKLASSE,FIAT,TIPO,37,22825
2025,7,Juli,2025-07-01,KOMPAKTKLASSE,FORD,FOCUS,2101,22826
2025,7,Juli,2025-07-01,KOMPAKTKLASSE,GWM,ORA 03,143,22827
2025,7,Juli,2025-07-01,KOMPAKTKLASSE,HONDA,CIVIC,140,22828
2025,7,Juli,2025-07-01,KOMPAKTKLASSE,HYUNDAI,I 30,672,22829
2025,7,Juli,2025-07-01,KOMPAKTKLASSE,KIA,CEED,1565,22830
2025,7,Juli,2025-07-01,KOMPAKTKLASSE,MAZDA,3,305,22831
2025,7,Juli,2025-07-01,KOMPAKTKLASSE,MAZDA,MX-5,150,22832
2025,7,Juli,2025-07-01,KOMPAKTKLASSE,MERCEDES,A-KLASSE,1615,22833
2025,7,Juli,2025-07-01,KOMPAKTKLASSE,MG ROEWE,4,440,22834
2025,7,Juli,2025-07-01,KOMPAKTKLASSE,OPEL,ASTRA,4152,22007
2025,7,Juli,2025-07-01,KOMPAKTKLASSE,PEUGEOT,308,518,22012
2025,7,Juli,2025-07-01,KOMPAKTKLASSE,RENAULT,MEGANE,25,22015
2025,7,Juli,2025-07-01,KOMPAKTKLASSE,SEAT,BORN,1894,22018
2025,7,Juli,2025-07-01,KOMPAKTKLASSE,SEAT,LEON,3130,22415
2025,7,Juli,2025-07-01,KOMPAKTKLASSE,SKODA,OCTAVIA,4765,22427
2025,7,Juli,2025-07-01,KOMPAKTKLASSE,SKODA,SCALA,630,22435
2025,7,Juli,2025-07-01,KOMPAKTKLASSE,SUBARU,IMPREZA,11,22439
2025,7,Juli,2025-07-01,KOMPAKTKLASSE,SUZUKI,SWACE,147,22443
2025,7,Juli,2025-07-01,KOMPAKTKLASSE,TOYOTA,COROLLA,1097,22835
2025,7,Juli,2025-07-01,KOMPAKTKLASSE,TOYOTA,PRIUS,10,22837
2025,7,Juli,2025-07-01,KOMPAKTKLASSE,VW,GOLF,7026,22839
2025,7,Juli,2025-07-01,KOMPAKTKLASSE,VW,ID.3,2907,22842
2025,7,Juli,2025-07-01,MINI-VANS,KIA,SOUL,3,23547
2025,7,Juli,2025-07-01,MINI-VANS,MERCEDES,B-KLASSE,647,23550
2025,7,Juli,2025-07-01,MINI-VANS,PEUGEOT,3008,773,23553
2025,7,Juli,2025-07-01,MINI-VANS,RENAULT,SCENIC,127,23556
2025,7,Juli,2025-07-01,MINIS,DACIA,SPRING,518,22779
2025,7,Juli,2025-07-01,MINIS,FIAT,500,1054,22780
2025,7,Juli,2025-07-01,MINIS,FIAT,PANDA,96,22781
2025,7,Juli,2025-07-01,MINIS,HYUNDAI,I 10,1381,22782
2025,7,Juli,2025-07-01,MINIS,KIA,PICANTO,895,22783
2025,7,Juli,2025-07-01,MINIS,LEAPMOTOR,T03,438,22784
2025,7,Juli,2025-07-01,MINIS,RENAULT,TWINGO,2,22785
2025,7,Juli,2025-07-01,MINIS,TOYOTA,AYGO,1602,22786
2025,7,Juli,2025-07-01,MINIS,VW,UP,32,22787
2025,7,Juli,2025-07-01,MITTELKLASSE,ALFA ROMEO,GIULIA,74,22845
2025,7,Juli,2025-07-01,MITTELKLASSE,AUDI,A4,122,22847
2025,7,Juli,2025-07-01,MITTELKLASSE,AUDI,A5,2031,22849
2025,7,Juli,2025-07-01,MITTELKLASSE,BMW,3ER,3148,22851
2025,7,Juli,2025-07-01,MITTELKLASSE,BMW,4ER,2054,22854
2025,7,Juli,2025-07-01,MITTELKLASSE,BYD,SEAL,232,22857
2025,7,Juli,2025-07-01,MITTELKLASSE,CITROEN,C5,708,22860
2025,7,Juli,2025-07-01,MITTELKLASSE,HYUNDAI,G70,17,22863
2025,7,Juli,2025-07-01,MITTELKLASSE,HYUNDAI,IONIQ6,60,22866
2025,7,Juli,2025-07-01,MITTELKLASSE,MAZDA,6,36,22869
2025,7,Juli,2025-07-01,MITTELKLASSE,MERCEDES,C-KLASSE,2333,22871
2025,7,Juli,2025-07-01,MITTELKLASSE,MERCEDES,CLA-KLASSE,1489,22872
2025,7,Juli,2025-07-01,MITTELKLASSE,NIO,ET5,5,22874
2025,7,Juli,2025-07-01,MITTELKLASSE,PEUGEOT,408,397,22875
2025,7,Juli,2025-07-01,MITTELKLASSE,PEUGEOT,508,11,22878
2025,7,Juli,2025-07-01,MITTELKLASSE,POLESTAR,2,149,22881
2025,7,Juli,2025-07-01,MITTELKLASSE,SKODA,SUPERB,1978,22884
2025,7,Juli,2025-07-01,MITTELKLASSE,TESLA,MODEL 3,470,22887
2025,7,Juli,2025-07-01,MITTELKLASSE,VOLVO,60,317,22890
2025,7,Juli,2025-07-01,MITTELKLASSE,VW,ARTEON,14,22893
2025,7,Juli,2025-07-01,MITTELKLASSE,VW,PASSAT,4286,22896
2025,7,Juli,2025-07-01,OBERE MITTELKLASSE,AUDI,A6,2512,22899
2025,7,Juli,2025-07-01,OBERE MITTELKLASSE,BMW,5ER,3279,22902
2025,7,Juli,2025-07-01,OBERE MITTELKLASSE,DS,9,3,22905
2025,7,Juli,2025-07-01,OBERE MITTELKLASSE,HYUNDAI,G80,3,22908
2025,7,Juli,2025-07-01,OBERE MITTELKLASSE,LEXUS,ES,11,22910
2025,7,Juli,2025-07-01,OBERE MITTELKLASSE,MERCEDES,CLE,961,22913
2025,7,Juli,2025-07-01,OBERE MITTELKLASSE,MERCEDES,E-KLASSE,2889,22916
2025,7,Juli,2025-07-01,OBERE MITTELKLASSE,SUBARU,OUTBACK,69,22919
2025,7,Juli,2025-07-01,OBERE MITTELKLASSE,TOYOTA,MIRAI,1,22922
2025,7,Juli,2025-07-01,OBERE MITTELKLASSE,VOLVO,90,53,22925
2025,7,Juli,2025-07-01,OBERE MITTELKLASSE,VW,ID.7,2765,22928
2025,7,Juli,2025-07-01,OBERE MITTELKLASSE,XPENG,P7,11,22931
2025,7,Juli,2025-07-01,OBERKLASSE,AUDI,A7,158,22934
2025,7,Juli,2025-07-01,OBERKLASSE,AUDI,A8,78,22937
2025,7,Juli,2025-07-01,OBERKLASSE,AUDI,E-TRON GT,46,22940
2025,7,Juli,2025-07-01,OBERKLASSE,BENTLEY,CONTINENTAL,47,22943
2025,7,Juli,2025-07-01,OBERKLASSE,BMW,7ER,239,22945
2025,7,Juli,2025-07-01,OBERKLASSE,BMW,8ER,155,22948
2025,7,Juli,2025-07-01,OBERKLASSE,HYUNDAI,G90,24,22951
2025,7,Juli,2025-07-01,OBERKLASSE,LOTUS,EMEYA,7,22954
2025,7,Juli,2025-07-01,OBERKLASSE,LUCID,AIR,46,22957
2025,7,Juli,2025-07-01,OBERKLASSE,MASERATI,GHIBLI,9,22960
2025,7,Juli,2025-07-01,OBERKLASSE,MASERATI,QUATTROPORTE,1,22963
2025,7,Juli,2025-07-01,OBERKLASSE,MERCEDES,S-KLASSE,297,22966
2025,7,Juli,2025-07-01,OBERKLASSE,NIO,ET7,35,22969
2025,7,Juli,2025-07-01,OBERKLASSE,PORSCHE,PANAMERA,261,22972
2025,7,Juli,2025-07-01,OBERKLASSE,PORSCHE,TAYCAN,276,22975
2025,7,Juli,2025-07-01,OBERKLASSE,ROLLS ROYCE,SPECTRE,3,22978
2025,7,Juli,2025-07-01,OBERKLASSE,TESLA,MODEL S,2,22984
2025,7,Juli,2025-07-01,SONSTIGE,ASTON MARTIN,SONSTIGE,35,23820
2025,7,Juli,2025-07-01,SONSTIGE,AUDI,SONSTIGE,28,23823
2025,7,Juli,2025-07-01,SONSTIGE,BMW,SONSTIGE,86,23826
2025,7,Juli,2025-07-01,SONSTIGE,BYD,SONSTIGE,1,23829
2025,7,Juli,2025-07-01,SONSTIGE,CHERY,SONSTIGE,9,23832
2025,7,Juli,2025-07-01,SONSTIGE,DACIA,SONSTIGE,1,23835
2025,7,Juli,2025-07-01,SONSTIGE,FERRARI,SONSTIGE,2,23838
2025,7,Juli,2025-07-01,SONSTIGE,FORD,SONSTIGE,7,23841
2025,7,Juli,2025-07-01,SONSTIGE,HYUNDAI,SONSTIGE,13,23844
2025,7,Juli,2025-07-01,SONSTIGE,KIA,SONSTIGE,20,23847
2025,7,Juli,2025-07-01,SONSTIGE,LAMBORGHINI,SONSTIGE,22,23850
2025,7,Juli,2025-07-01,SONSTIGE,LOTUS,SONSTIGE,3,23852
2025,7,Juli,2025-07-01,SONSTIGE,MASERATI,SONSTIGE,6,23855
2025,7,Juli,2025-07-01,SONSTIGE,MAXUS,SONSTIGE,1,23858
2025,7,Juli,2025-07-01,SONSTIGE,MAZDA,SONSTIGE,2,23861
2025,7,Juli,2025-07-01,SONSTIGE,MERCEDES,SONSTIGE,5,23864
2025,7,Juli,2025-07-01,SONSTIGE,MORGAN,SONSTIGE,5,23867
2025,7,Juli,2025-07-01,SONSTIGE,NIO,SONSTIGE,2,23870
2025,7,Juli,2025-07-01,SONSTIGE,NISSAN,SONSTIGE,2,23873
2025,7,Juli,2025-07-01,SONSTIGE,PORSCHE,SONSTIGE,99,23876
2025,7,Juli,2025-07-01,SONSTIGE,ROLLS ROYCE,SONSTIGE,25,23879
2025,7,Juli,2025-07-01,SONSTIGE,SEAT,SONSTIGE,5,23882
2025,7,Juli,2025-07-01,SONSTIGE,SKODA,SONSTIGE,2,23885
2025,7,Juli,2025-07-01,SONSTIGE,SONSTIGE,SONSTIGE,1117,23891
2025,7,Juli,2025-07-01,SONSTIGE,SUZUKI,SONSTIGE,9,23894
2025,7,Juli,2025-07-01,SONSTIGE,VW,SONSTIGE,52,23897
2025,7,Juli,2025-07-01,SPORTWAGEN,ALPINE,A110,13,23476
2025,7,Juli,2025-07-01,SPORTWAGEN,ASTON MARTIN,V8,1,23479
2025,7,Juli,2025-07-01,SPORTWAGEN,AUDI,R8,10,23482
2025,7,Juli,2025-07-01,SPORTWAGEN,AUDI,TT,4,23485
2025,7,Juli,2025-07-01,SPORTWAGEN,BMW,Z4,266,23488
2025,7,Juli,2025-07-01,SPORTWAGEN,FERRARI,12CILINDRI,29,23490
2025,7,Juli,2025-07-01,SPORTWAGEN,FERRARI,296,47,23493
2025,7,Juli,2025-07-01,SPORTWAGEN,FERRARI,F8,1,23496
2025,7,Juli,2025-07-01,SPORTWAGEN,FERRARI,ROMA,27,23499
2025,7,Juli,2025-07-01,SPORTWAGEN,FERRARI,SF90,20,23502
2025,7,Juli,2025-07-01,SPORTWAGEN,FORD,MUSTANG,158,23505
2025,7,Juli,2025-07-01,SPORTWAGEN,LOTUS,EMIRA,13,23508
2025,7,Juli,2025-07-01,SPORTWAGEN,MASERATI,GRANTURISMO,34,23511
2025,7,Juli,2025-07-01,SPORTWAGEN,MERCEDES,AMG GT,84,23514
2025,7,Juli,2025-07-01,SPORTWAGEN,MERCEDES,SL,45,23517
2025,7,Juli,2025-07-01,SPORTWAGEN,MG ROEWE,CYBERSTER,62,23520
2025,7,Juli,2025-07-01,SPORTWAGEN,PORSCHE,911,1110,23523
2025,7,Juli,2025-07-01,SPORTWAGEN,PORSCHE,BOXSTER,3,23529
2025,7,Juli,2025-07-01,SPORTWAGEN,PORSCHE,CAYMAN,52,23532
2025,7,Juli,2025-07-01,SPORTWAGEN,SONSTIGE,SONSTIGE,5,23535
2025,7,Juli,2025-07-01,SPORTWAGEN,SUBARU,BRZ,8,23538
2025,7,Juli,2025-07-01,SPORTWAGEN,TOYOTA,GR 86,2,23541
2025,7,Juli,2025-07-01,SPORTWAGEN,TOYOTA,SUPRA,2,23544
2025,7,Juli,2025-07-01,SUVs,ALFA ROMEO,JUNIOR,342,22987
2025,7,Juli,2025-07-01,SUVs,ALFA ROMEO,STELVIO,200,22990
2025,7,Juli,2025-07-01,SUVs,ALFA ROMEO,TONALE,85,22993
2025,7,Juli,2025-07-01,SUVs,AUDI,Q2,1137,22996
2025,7,Juli,2025-07-01,SUVs,AUDI,Q4,1036,22999
2025,7,Juli,2025-07-01,SUVs,AUDI,Q6,1127,23002
2025,7,Juli,2025-07-01,SUVs,BMW,IX,408,23005
2025,7,Juli,2025-07-01,SUVs,BMW,X1,4945,23008
2025,7,Juli,2025-07-01,SUVs,BMW,X2,928,23011
2025,7,Juli,2025-07-01,SUVs,BMW,XM,47,23014
2025,7,Juli,2025-07-01,SUVs,BYD,ATTO 2,58,23017
2025,7,Juli,2025-07-01,SUVs,BYD,ATTO 3,46,23019
2025,7,Juli,2025-07-01,SUVs,BYD,SEAL U,593,23023
2025,7,Juli,2025-07-01,SUVs,BYD,SEALION 7,103,23026
2025,7,Juli,2025-07-01,SUVs,BYD,TANG,4,23029
2025,7,Juli,2025-07-01,SUVs,DACIA,BIGSTER,2279,23032
2025,7,Juli,2025-07-01,SUVs,DACIA,DUSTER,1317,23035
2025,7,Juli,2025-07-01,SUVs,DS,7,207,23038
2025,7,Juli,2025-07-01,SUVs,DS,8,15,23041
2025,7,Juli,2025-07-01,SUVs,FERRARI,PUROSANGUE,34,23044
2025,7,Juli,2025-07-01,SUVs,FIAT,600,601,23047
2025,7,Juli,2025-07-01,SUVs,FISKER,OCEAN,1,23050
2025,7,Juli,2025-07-01,SUVs,FORD,CAPRI,401,23053
2025,7,Juli,2025-07-01,SUVs,FORD,EXPLORER,1109,23056
2025,7,Juli,2025-07-01,SUVs,FORD,KUGA,1524,23058
2025,7,Juli,2025-07-01,SUVs,FORD,MUSTANG MACH-E,54,23061
2025,7,Juli,2025-07-01,SUVs,GWM,WEY 03,48,23064
2025,7,Juli,2025-07-01,SUVs,GWM,WEY 05,25,23067
2025,7,Juli,2025-07-01,SUVs,HONDA,CR-V,184,23070
2025,7,Juli,2025-07-01,SUVs,HONDA,E:NY1,12,23073
2025,7,Juli,2025-07-01,SUVs,HONDA,HR-V,118,23076
2025,7,Juli,2025-07-01,SUVs,HONDA,ZR-V,154,23079
2025,7,Juli,2025-07-01,SUVs,HYUNDAI,BAYON,319,23082
2025,7,Juli,2025-07-01,SUVs,HYUNDAI,GV60,8,23085
2025,7,Juli,2025-07-01,SUVs,HYUNDAI,GV70,3,23088
2025,7,Juli,2025-07-01,SUVs,HYUNDAI,GV80,1,23091
2025,7,Juli,2025-07-01,SUVs,HYUNDAI,IONIQ 9,39,23094
2025,7,Juli,2025-07-01,SUVs,HYUNDAI,IONIQ5,739,23099
2025,7,Juli,2025-07-01,SUVs,HYUNDAI,KONA,1489,23102
2025,7,Juli,2025-07-01,SUVs,HYUNDAI,TUCSON,1947,23105
2025,7,Juli,2025-07-01,SUVs,JEEP,AVENGER,715,23108
2025,7,Juli,2025-07-01,SUVs,KGM,ACTYON,40,23111
2025,7,Juli,2025-07-01,SUVs,KGM,KORANDO,38,23114
2025,7,Juli,2025-07-01,SUVs,KGM,TIVOLI,108,23117
2025,7,Juli,2025-07-01,SUVs,KGM,TORRES,59,23120
2025,7,Juli,2025-07-01,SUVs,KIA,EV3,939,23123
2025,7,Juli,2025-07-01,SUVs,KIA,EV6,282,23126
2025,7,Juli,2025-07-01,SUVs,KIA,EV9,130,23129
2025,7,Juli,2025-07-01,SUVs,KIA,NIRO,108,23132
2025,7,Juli,2025-07-01,SUVs,KIA,SPORTAGE,1425,23135
2025,7,Juli,2025-07-01,SUVs,KIA,STONIC,323,23137
2025,7,Juli,2025-07-01,SUVs,LEAPMOTOR,C10,200,23141
2025,7,Juli,2025-07-01,SUVs,LEXUS,LBX,166,23144
2025,7,Juli,2025-07-01,SUVs,LEXUS,NX,75,23147
2025,7,Juli,2025-07-01,SUVs,LEXUS,RX,64,23150
2025,7,Juli,2025-07-01,SUVs,LEXUS,RZ,24,23153
2025,7,Juli,2025-07-01,SUVs,LEXUS,UX,51,23156
2025,7,Juli,2025-07-01,SUVs,LOTUS,ELETRE,14,23159
2025,7,Juli,2025-07-01,SUVs,LYNK & CO,01,10,23162
2025,7,Juli,2025-07-01,SUVs,LYNK & CO,02,2,23165
2025,7,Juli,2025-07-01,SUVs,LYNK & CO,08,5,23168
2025,7,Juli,2025-07-01,SUVs,MASERATI,GRECALE,42,23171
2025,7,Juli,2025-07-01,SUVs,MASERATI,LEVANTE,27,23174
2025,7,Juli,2025-07-01,SUVs,MAZDA,CX-30,853,23179
2025,7,Juli,2025-07-01,SUVs,MAZDA,CX-5,1,23181
2025,7,Juli,2025-07-01,SUVs,MAZDA,CX-60,671,23184
2025,7,Juli,2025-07-01,SUVs,MAZDA,CX-80,182,23187
2025,7,Juli,2025-07-01,SUVs,MAZDA,MX-30,21,23190
2025,7,Juli,2025-07-01,SUVs,MERCEDES,GLA,2242,23193
2025,7,Juli,2025-07-01,SUVs,MERCEDES,GLB,1414,23196
2025,7,Juli,2025-07-01,SUVs,MERCEDES,"GLK, GLC",3502,23199
2025,7,Juli,2025-07-01,SUVs,MG ROEWE,RX6,582,23202
2025,7,Juli,2025-07-01,SUVs,MG ROEWE,S5,71,23205
2025,7,Juli,2025-07-01,SUVs,MG ROEWE,ZS,351,23208
2025,7,Juli,2025-07-01,SUVs,MITSUBISHI,ASX,306,23211
2025,7,Juli,2025-07-01,SUVs,MITSUBISHI,ECLIPSE CROSS,50,23214
2025,7,Juli,2025-07-01,SUVs,MITSUBISHI,OUTLANDER,267,23217
2025,7,Juli,2025-07-01,SUVs,NIO,EL6,2,23219
2025,7,Juli,2025-07-01,SUVs,NIO,EL7,1,23221
2025,7,Juli,2025-07-01,SUVs,NIO,ES8,2,23223
2025,7,Juli,2025-07-01,SUVs,NISSAN,ARIYA,61,23225
2025,7,Juli,2025-07-01,SUVs,NISSAN,QASHQAI,1467,23227
2025,7,Juli,2025-07-01,SUVs,OPEL,CROSSLAND X,5,23228
2025,7,Juli,2025-07-01,SUVs,OPEL,FRONTERA,1057,23229
2025,7,Juli,2025-07-01,SUVs,OPEL,GRANDLAND X,2049,23231
2025,7,Juli,2025-07-01,SUVs,OPEL,MOKKA,2186,23232
2025,7,Juli,2025-07-01,SUVs,PEUGEOT,2008,1150,23234
2025,7,Juli,2025-07-01,SUVs,POLESTAR,3,90,23236
2025,7,Juli,2025-07-01,SUVs,POLESTAR,4,431,23238
2025,7,Juli,2025-07-01,SUVs,RENAULT,ARKANA,225,23240
2025,7,Juli,2025-07-01,SUVs,RENAULT,AUSTRAL,749,23242
2025,7,Juli,2025-07-01,SUVs,RENAULT,CAPTUR,587,23244
2025,7,Juli,2025-07-01,SUVs,RENAULT,KOLEOS,3,23246
2025,7,Juli,2025-07-01,SUVs,RENAULT,RAFALE,294,23248
2025,7,Juli,2025-07-01,SUVs,RENAULT,SYMBIOZ,291,23250
2025,7,Juli,2025-07-01,SUVs,SEAT,ARONA,1235,23252
2025,7,Juli,2025-07-01,SUVs,SEAT,ATECA,1397,23254
2025,7,Juli,2025-07-01,SUVs,SEAT,FORMENTOR,1570,23256
2025,7,Juli,2025-07-01,SUVs,SEAT,TAVASCAN,563,23260
2025,7,Juli,2025-07-01,SUVs,SEAT,TERRAMAR,1526,23263
2025,7,Juli,2025-07-01,SUVs,SKODA,ELROQ,2381,23266
2025,7,Juli,2025-07-01,SUVs,SKODA,ENYAQ,2322,23269
2025,7,Juli,2025-07-01,SUVs,SKODA,KAMIQ,2596,23272
2025,7,Juli,2025-07-01,SUVs,SKODA,KAROQ,3129,23275
2025,7,Juli,2025-07-01,SUVs,SMART,1,183,23278
2025,7,Juli,2025-07-01,SUVs,SMART,3,85,23281
2025,7,Juli,2025-07-01,SUVs,SMART,5,144,23284
2025,7,Juli,2025-07-01,SUVs,SUBARU,CROSSTREK,90,23287
2025,7,Juli,2025-07-01,SUVs,SUBARU,SOLTERRA,7,23290
2025,7,Juli,2025-07-01,SUVs,SUZUKI,ACROSS,1,23293
2025,7,Juli,2025-07-01,SUVs,SUZUKI,SX4,174,23296
2025,7,Juli,2025-07-01,SUVs,SUZUKI,VITARA,570,23298
2025,7,Juli,2025-07-01,SUVs,TESLA,MODEL X,1,23300
2025,7,Juli,2025-07-01,SUVs,TESLA,MODEL Y,637,23304
2025,7,Juli,2025-07-01,SUVs,TOYOTA,BZ4,726,23307
2025,7,Juli,2025-07-01,SUVs,TOYOTA,C-HR,680,23310
2025,7,Juli,2025-07-01,SUVs,TOYOTA,RAV 4,237,23313
2025,7,Juli,2025-07-01,SUVs,VINFAST,VF 6,6,23316
2025,7,Juli,2025-07-01,SUVs,VINFAST,VF 8,4,23319
2025,7,Juli,2025-07-01,SUVs,VOLVO,C40,39,23322
2025,7,Juli,2025-07-01,SUVs,VOLVO,EX30,317,23325
2025,7,Juli,2025-07-01,SUVs,VOLVO,EX90,134,23328
2025,7,Juli,2025-07-01,SUVs,VW,"ID.4, ID.5",2682,23331
2025,7,Juli,2025-07-01,SUVs,VW,T-CROSS,3339,23334
2025,7,Juli,2025-07-01,SUVs,VW,T-ROC,9397,23336
2025,7,Juli,2025-07-01,SUVs,VW,TAIGO,1789,23338
2025,7,Juli,2025-07-01,SUVs,VW,TAYRON,3040,23341
2025,7,Juli,2025-07-01,SUVs,XPENG,G6,153,23344
2025,7,Juli,2025-07-01,SUVs,XPENG,G9,102,23347
2025,7,Juli,2025-07-01,UTILITIES,CITROEN,BERLINGO,246,23600
2025,7,Juli,2025-07-01,UTILITIES,CITROEN,JUMPER,19,23603
2025,7,Juli,2025-07-01,UTILITIES,CITROEN,JUMPY,283,23606
2025,7,Juli,2025-07-01,UTILITIES,FIAT,DOBLO,1,23609
2025,7,Juli,2025-07-01,UTILITIES,FIAT,DUCATO,65,23612
2025,7,Juli,2025-07-01,UTILITIES,FIAT,SCUDO,5,23615
2025,7,Juli,2025-07-01,UTILITIES,FORD,TRANSIT CONNECT,695,23618
2025,7,Juli,2025-07-01,UTILITIES,FORD,TRANSIT COURIER,333,23621
2025,7,Juli,2025-07-01,UTILITIES,FORD,TRANSIT CUSTOM,2149,23624
2025,7,Juli,2025-07-01,UTILITIES,FORD,"TRANSIT, TOURNEO",276,23627
2025,7,Juli,2025-07-01,UTILITIES,HYUNDAI,STARIA,124,23630
2025,7,Juli,2025-07-01,UTILITIES,IVECO,DAILY,2,23633
2025,7,Juli,2025-07-01,UTILITIES,IVECO,EUROCARGO,1,23635
2025,7,Juli,2025-07-01,UTILITIES,MAN,TGE,111,23637
2025,7,Juli,2025-07-01,UTILITIES,MERCEDES,CITAN,496,23640
2025,7,Juli,2025-07-01,UTILITIES,MERCEDES,SPRINTER,365,23643
2025,7,Juli,2025-07-01,UTILITIES,MERCEDES,VITO,1266,23646
2025,7,Juli,2025-07-01,UTILITIES,NISSAN,PRIMASTAR,146,23649
2025,7,Juli,2025-07-01,UTILITIES,NISSAN,TOWNSTAR,274,23652
2025,7,Juli,2025-07-01,UTILITIES,OPEL,COMBO,26,23655
2025,7,Juli,2025-07-01,UTILITIES,OPEL,MOVANO,5,23658
2025,7,Juli,2025-07-01,UTILITIES,OPEL,VIVARO,1,23661
2025,7,Juli,2025-07-01,UTILITIES,OPEL,ZAFIRA LIFE,83,23664
2025,7,Juli,2025-07-01,UTILITIES,PEUGEOT,BOXER,7,23667
2025,7,Juli,2025-07-01,UTILITIES,PEUGEOT,EXPERT,221,23673
2025,7,Juli,2025-07-01,UTILITIES,PEUGEOT,RIFTER,49,23676
2025,7,Juli,2025-07-01,UTILITIES,RENAULT,KANGOO,486,23679
2025,7,Juli,2025-07-01,UTILITIES,RENAULT,MASTER,1,23682
2025,7,Juli,2025-07-01,UTILITIES,RENAULT,TRAFIC,101,23685
2025,7,Juli,2025-07-01,UTILITIES,TOYOTA,PROACE,412,23688
2025,7,Juli,2025-07-01,UTILITIES,VW,CADDY,1727,23691
2025,7,Juli,2025-07-01,UTILITIES,VW,CRAFTER,62,23694
2025,7,Juli,2025-07-01,UTILITIES,VW,ID. BUZZ,713,23697
2025,7,Juli,2025-07-01,UTILITIES,VW,TRANSPORTER,2570,23700
2025,7,Juli,2025-07-01,WOHNMOBILE,CITROEN,JUMPER,588,23703
2025,7,Juli,2025-07-01,WOHNMOBILE,CITROEN,JUMPY,65,23706
2025,7,Juli,2025-07-01,WOHNMOBILE,FIAT,DUCATO,3258,23708
2025,7,Juli,2025-07-01,WOHNMOBILE,FIAT,SONSTIGE,1,23711
2025,7,Juli,2025-07-01,WOHNMOBILE,FIAT,ULYSSE,4,23714
2025,7,Juli,2025-07-01,WOHNMOBILE,FORD,SONSTIGE,24,23717
2025,7,Juli,2025-07-01,WOHNMOBILE,FORD,TRANSIT CUSTOM,305,23720
2025,7,Juli,2025-07-01,WOHNMOBILE,FORD,"TRANSIT, TOURNEO",807,23723
2025,7,Juli,2025-07-01,WOHNMOBILE,IVECO,DAILY,71,23726
2025,7,Juli,2025-07-01,WOHNMOBILE,IVECO,SONSTIGE,1,23729
2025,7,Juli,2025-07-01,WOHNMOBILE,IVECO,STRALIS,1,23732
2025,7,Juli,2025-07-01,WOHNMOBILE,MAN,TGE,40,23735
2025,7,Juli,2025-07-01,WOHNMOBILE,MAN,TGL,1,23738
2025,7,Juli,2025-07-01,WOHNMOBILE,MAN,TGM,1,23741
2025,7,Juli,2025-07-01,WOHNMOBILE,MAN,TGS,1,23743
2025,7,Juli,2025-07-01,WOHNMOBILE,MERCEDES,ACTROS,2,23745
2025,7,Juli,2025-07-01,WOHNMOBILE,MERCEDES,AROCS,5,23748
2025,7,Juli,2025-07-01,WOHNMOBILE,MERCEDES,ATEGO,1,23751
2025,7,Juli,2025-07-01,WOHNMOBILE,MERCEDES,SONSTIGE,2,23754
2025,7,Juli,2025-07-01,WOHNMOBILE,MERCEDES,SPRINTER,640,23757
2025,7,Juli,2025-07-01,WOHNMOBILE,MERCEDES,UNIMOG,2,23760
2025,7,Juli,2025-07-01,WOHNMOBILE,MERCEDES,V-KLASSE,167,23763
2025,7,Juli,2025-07-01,WOHNMOBILE,MERCEDES,VITO,17,23766
2025,7,Juli,2025-07-01,WOHNMOBILE,MITSUBISHI,SONSTIGE,2,23769
2025,7,Juli,2025-07-01,WOHNMOBILE,NISSAN,PRIMASTAR,5,23772
2025,7,Juli,2025-07-01,WOHNMOBILE,OPEL,COMBO,1,23775
2025,7,Juli,2025-07-01,WOHNMOBILE,OPEL,MOVANO,18,23778
2025,7,Juli,2025-07-01,WOHNMOBILE,OPEL,VIVARO,2,23780
2025,7,Juli,2025-07-01,WOHNMOBILE,OPEL,ZAFIRA LIFE,36,23783
2025,7,Juli,2025-07-01,WOHNMOBILE,PEUGEOT,BOXER,189,23786
2025,7,Juli,2025-07-01,WOHNMOBILE,PEUGEOT,EXPERT,7,23789
2025,7,Juli,2025-07-01,WOHNMOBILE,RENAULT,MASTER,58,23792
2025,7,Juli,2025-07-01,WOHNMOBILE,RENAULT,TRAFIC,59,23795
2025,7,Juli,2025-07-01,WOHNMOBILE,SONSTIGE,SONSTIGE,41,23798
2025,7,Juli,2025-07-01,WOHNMOBILE,TOYOTA,PROACE,1,23801
2025,7,Juli,2025-07-01,WOHNMOBILE,VOLVO,FE,1,23804
2025,7,Juli,2025-07-01,WOHNMOBILE,VOLVO,FM,1,23807
2025,7,Juli,2025-07-01,WOHNMOBILE,VW,CADDY,14,23810
2025,7,Juli,2025-07-01,WOHNMOBILE,VW,CRAFTER,243,23813
2025,7,Juli,2025-07-01,WOHNMOBILE,VW,SONSTIGE,1,23815
2025,7,Juli,2025-07-01,WOHNMOBILE,VW,TRANSPORTER,463,23817
2025,8,August,2025-08-01,GELÄNDEWAGEN,AUDI,Q3,1296,23462
2025,8,August,2025-08-01,GELÄNDEWAGEN,AUDI,Q5,1638,23465
2025,8,August,2025-08-01,GELÄNDEWAGEN,AUDI,Q7,318,23468
2025,8,August,2025-08-01,GELÄNDEWAGEN,AUDI,Q8,539,23471
2025,8,August,2025-08-01,GELÄNDEWAGEN,BENTLEY,BENTAYGA,12,23474
2025,8,August,2025-08-01,GELÄNDEWAGEN,BMW,X3,2129,23477
2025,8,August,2025-08-01,GELÄNDEWAGEN,BMW,X4,231,23480
2025,8,August,2025-08-01,GELÄNDEWAGEN,BMW,X5,1285,23483
2025,8,August,2025-08-01,GELÄNDEWAGEN,BMW,X6,252,23486
2025,8,August,2025-08-01,GELÄNDEWAGEN,BMW,X7,212,23492
2025,8,August,2025-08-01,GELÄNDEWAGEN,CADILLAC,ESCALADE,5,23495
2025,8,August,2025-08-01,GELÄNDEWAGEN,HYUNDAI,SANTA FE,177,23498
2025,8,August,2025-08-01,GELÄNDEWAGEN,INEOS,GRENADIER,10,23501
2025,8,August,2025-08-01,GELÄNDEWAGEN,JEEP,COMPASS,320,23504
2025,8,August,2025-08-01,GELÄNDEWAGEN,JEEP,GRAND CHEROKEE,18,23507
2025,8,August,2025-08-01,GELÄNDEWAGEN,JEEP,RENEGADE,36,23510
2025,8,August,2025-08-01,GELÄNDEWAGEN,JEEP,WRANGLER,33,23513
2025,8,August,2025-08-01,GELÄNDEWAGEN,KGM,REXTON,29,23516
2025,8,August,2025-08-01,GELÄNDEWAGEN,KIA,SORENTO,167,23519
2025,8,August,2025-08-01,GELÄNDEWAGEN,LAMBORGHINI,URUS,66,23522
2025,8,August,2025-08-01,GELÄNDEWAGEN,LAND ROVER,DEFENDER,330,23525
2025,8,August,2025-08-01,GELÄNDEWAGEN,LAND ROVER,DISCOVERY,15,23527
2025,8,August,2025-08-01,GELÄNDEWAGEN,LAND ROVER,DISCOVERY SPORT,44,23530
2025,8,August,2025-08-01,GELÄNDEWAGEN,LAND ROVER,RANGE ROVER,121,23533
2025,8,August,2025-08-01,GELÄNDEWAGEN,LAND ROVER,RANGE ROVER EVOQUE,194,23536
2025,8,August,2025-08-01,GELÄNDEWAGEN,LAND ROVER,RANGE ROVER SPORT,161,23539
2025,8,August,2025-08-01,GELÄNDEWAGEN,LAND ROVER,RANGE ROVER VELAR,88,23542
2025,8,August,2025-08-01,GELÄNDEWAGEN,MERCEDES,G-KLASSE,433,23545
2025,8,August,2025-08-01,GELÄNDEWAGEN,MERCEDES,"GL-KLASSE, GLS",187,23548
2025,8,August,2025-08-01,GELÄNDEWAGEN,MERCEDES,"ML-KLASSE, GLE",931,23551
2025,8,August,2025-08-01,GELÄNDEWAGEN,NISSAN,X-TRAIL,234,23554
2025,8,August,2025-08-01,GELÄNDEWAGEN,PORSCHE,CAYENNE,472,23557
2025,8,August,2025-08-01,GELÄNDEWAGEN,PORSCHE,MACAN,336,23560
2025,8,August,2025-08-01,GELÄNDEWAGEN,ROLLS ROYCE,CULLINAN,1,23562
2025,8,August,2025-08-01,GELÄNDEWAGEN,SKODA,KODIAQ,1978,23564
2025,8,August,2025-08-01,GELÄNDEWAGEN,SUBARU,FORESTER,125,23566
2025,8,August,2025-08-01,GELÄNDEWAGEN,TOYOTA,LANDCRUISER,19,23568
2025,8,August,2025-08-01,GELÄNDEWAGEN,VOLVO,XC40,975,23570
2025,8,August,2025-08-01,GELÄNDEWAGEN,VOLVO,XC60,1605,23572
2025,8,August,2025-08-01,GELÄNDEWAGEN,VOLVO,XC90,507,23574
2025,8,August,2025-08-01,GELÄNDEWAGEN,VW,TIGUAN,4389,23576
2025,8,August,2025-08-01,GELÄNDEWAGEN,VW,TOUAREG,321,23579
2025,8,August,2025-08-01,GROSSRAUM-VANS,DACIA,JOGGER,741,23642
2025,8,August,2025-08-01,GROSSRAUM-VANS,FIAT,ULYSSE,60,23645
2025,8,August,2025-08-01,GROSSRAUM-VANS,LEXUS,LM,9,23648
2025,8,August,2025-08-01,GROSSRAUM-VANS,MERCEDES,V-KLASSE,1366,23651
2025,8,August,2025-08-01,GROSSRAUM-VANS,PEUGEOT,5008,431,23654
2025,8,August,2025-08-01,GROSSRAUM-VANS,RENAULT,ESPACE,227,23657
2025,8,August,2025-08-01,GROSSRAUM-VANS,SONSTIGE,SONSTIGE,1,23660
2025,8,August,2025-08-01,GROSSRAUM-VANS,VW,TOURAN,869,23663
2025,8,August,2025-08-01,KLEINWAGEN,ALPINE,A290,75,23921
2025,8,August,2025-08-01,KLEINWAGEN,AUDI,A1,1058,23924
2025,8,August,2025-08-01,KLEINWAGEN,BYD,DOLPHIN SURF,136,23926
2025,8,August,2025-08-01,KLEINWAGEN,CITROEN,C3,1483,23929
2025,8,August,2025-08-01,KLEINWAGEN,DS,3,1,23932
2025,8,August,2025-08-01,KLEINWAGEN,FIAT,GRANDE PANDA,256,23935
2025,8,August,2025-08-01,KLEINWAGEN,FORD,PUMA,1381,23938
2025,8,August,2025-08-01,KLEINWAGEN,HONDA,JAZZ,114,23941
2025,8,August,2025-08-01,KLEINWAGEN,HYUNDAI,I 20,597,23944
2025,8,August,2025-08-01,KLEINWAGEN,HYUNDAI,INSTER,875,23947
2025,8,August,2025-08-01,KLEINWAGEN,LANCIA,YPSILON,1,23950
2025,8,August,2025-08-01,KLEINWAGEN,MAZDA,2,358,23953
2025,8,August,2025-08-01,KLEINWAGEN,MG ROEWE,3,293,23956
2025,8,August,2025-08-01,KLEINWAGEN,MINI,MINI,2861,23959
2025,8,August,2025-08-01,KLEINWAGEN,MITSUBISHI,COLT,310,23966
2025,8,August,2025-08-01,KLEINWAGEN,MITSUBISHI,"MIRAGE, SPACE STAR",2,23969
2025,8,August,2025-08-01,KLEINWAGEN,NIO,FIREFLY,3,23971
2025,8,August,2025-08-01,KLEINWAGEN,NISSAN,JUKE,389,23973
2025,8,August,2025-08-01,KLEINWAGEN,OPEL,CORSA,4007,23975
2025,8,August,2025-08-01,KLEINWAGEN,PEUGEOT,208,915,23977
2025,8,August,2025-08-01,KLEINWAGEN,RENAULT,CLIO,632,23979
2025,8,August,2025-08-01,KLEINWAGEN,RENAULT,R4,168,23981
2025,8,August,2025-08-01,KLEINWAGEN,RENAULT,R5,552,22005
2025,8,August,2025-08-01,KLEINWAGEN,SEAT,IBIZA,1860,22013
2025,8,August,2025-08-01,KLEINWAGEN,SKODA,FABIA,1618,22016
2025,8,August,2025-08-01,KLEINWAGEN,SUZUKI,SWIFT,674,22019
2025,8,August,2025-08-01,KLEINWAGEN,TOYOTA,YARIS,2532,22412
2025,8,August,2025-08-01,KLEINWAGEN,VW,POLO,2660,22413
2025,8,August,2025-08-01,KOMPAKTKLASSE,AUDI,A3,2901,22421
2025,8,August,2025-08-01,KOMPAKTKLASSE,BMW,1ER,2124,22425
2025,8,August,2025-08-01,KOMPAKTKLASSE,BMW,2ER,1407,22429
2025,8,August,2025-08-01,KOMPAKTKLASSE,BYD,DOLPHIN,9,22432
2025,8,August,2025-08-01,KOMPAKTKLASSE,CITROEN,C4,899,22436
2025,8,August,2025-08-01,KOMPAKTKLASSE,DACIA,LOGAN,1,22440
2025,8,August,2025-08-01,KOMPAKTKLASSE,DACIA,SANDERO,1840,22444
2025,8,August,2025-08-01,KOMPAKTKLASSE,DS,4,22,22836
2025,8,August,2025-08-01,KOMPAKTKLASSE,FIAT,TIPO,42,22838
2025,8,August,2025-08-01,KOMPAKTKLASSE,FORD,FOCUS,1135,22840
2025,8,August,2025-08-01,KOMPAKTKLASSE,HONDA,CIVIC,59,22841
2025,8,August,2025-08-01,KOMPAKTKLASSE,HYUNDAI,I 30,544,22843
2025,8,August,2025-08-01,KOMPAKTKLASSE,KIA,CEED,1279,22844
2025,8,August,2025-08-01,KOMPAKTKLASSE,MAZDA,3,443,22846
2025,8,August,2025-08-01,KOMPAKTKLASSE,MAZDA,MX-5,143,22848
2025,8,August,2025-08-01,KOMPAKTKLASSE,MERCEDES,A-KLASSE,1354,22850
2025,8,August,2025-08-01,KOMPAKTKLASSE,MG ROEWE,4,476,22852
2025,8,August,2025-08-01,KOMPAKTKLASSE,OPEL,ASTRA,2333,22855
2025,8,August,2025-08-01,KOMPAKTKLASSE,PEUGEOT,308,425,22858
2025,8,August,2025-08-01,KOMPAKTKLASSE,RENAULT,MEGANE,35,22861
2025,8,August,2025-08-01,KOMPAKTKLASSE,SEAT,BORN,1134,22864
2025,8,August,2025-08-01,KOMPAKTKLASSE,SEAT,LEON,3120,22867
2025,8,August,2025-08-01,KOMPAKTKLASSE,SKODA,OCTAVIA,2559,22873
2025,8,August,2025-08-01,KOMPAKTKLASSE,SKODA,SCALA,441,22876
2025,8,August,2025-08-01,KOMPAKTKLASSE,SUBARU,IMPREZA,17,22879
2025,8,August,2025-08-01,KOMPAKTKLASSE,SUZUKI,SWACE,97,22882
2025,8,August,2025-08-01,KOMPAKTKLASSE,TOYOTA,COROLLA,940,22885
2025,8,August,2025-08-01,KOMPAKTKLASSE,TOYOTA,PRIUS,20,22888
2025,8,August,2025-08-01,KOMPAKTKLASSE,VW,GOLF,4632,22891
2025,8,August,2025-08-01,KOMPAKTKLASSE,VW,ID.3,2350,22894
2025,8,August,2025-08-01,MINI-VANS,MERCEDES,B-KLASSE,944,23628
2025,8,August,2025-08-01,MINI-VANS,PEUGEOT,3008,680,23631
2025,8,August,2025-08-01,MINI-VANS,RENAULT,SCENIC,106,23639
2025,8,August,2025-08-01,MINIS,DACIA,SPRING,315,23900
2025,8,August,2025-08-01,MINIS,FIAT,500,929,23903
2025,8,August,2025-08-01,MINIS,FIAT,PANDA,84,23906
2025,8,August,2025-08-01,MINIS,HYUNDAI,I 10,1193,23909
2025,8,August,2025-08-01,MINIS,KIA,PICANTO,736,23912
2025,8,August,2025-08-01,MINIS,LEAPMOTOR,T03,606,23915
2025,8,August,2025-08-01,MINIS,TOYOTA,AYGO,1240,23918
2025,8,August,2025-08-01,MITTELKLASSE,ALFA ROMEO,GIULIA,85,22897
2025,8,August,2025-08-01,MITTELKLASSE,AUDI,A4,68,22900
2025,8,August,2025-08-01,MITTELKLASSE,AUDI,A5,1705,22903
2025,8,August,2025-08-01,MITTELKLASSE,BMW,3ER,2473,22906
2025,8,August,2025-08-01,MITTELKLASSE,BMW,4ER,1366,22907
2025,8,August,2025-08-01,MITTELKLASSE,BYD,SEAL,280,22912
2025,8,August,2025-08-01,MITTELKLASSE,CITROEN,C5,681,22915
2025,8,August,2025-08-01,MITTELKLASSE,GWM,ORA 07,4,22918
2025,8,August,2025-08-01,MITTELKLASSE,HYUNDAI,G70,18,22921
2025,8,August,2025-08-01,MITTELKLASSE,HYUNDAI,IONIQ6,53,22924
2025,8,August,2025-08-01,MITTELKLASSE,MAZDA,6,153,22927
2025,8,August,2025-08-01,MITTELKLASSE,MERCEDES,C-KLASSE,1377,22930
2025,8,August,2025-08-01,MITTELKLASSE,MERCEDES,CLA-KLASSE,1608,22933
2025,8,August,2025-08-01,MITTELKLASSE,MG ROEWE,5,2,22936
2025,8,August,2025-08-01,MITTELKLASSE,NIO,ET5,12,22939
2025,8,August,2025-08-01,MITTELKLASSE,PEUGEOT,408,355,22942
2025,8,August,2025-08-01,MITTELKLASSE,PEUGEOT,508,4,22944
2025,8,August,2025-08-01,MITTELKLASSE,POLESTAR,2,108,22947
2025,8,August,2025-08-01,MITTELKLASSE,SKODA,SUPERB,1119,22950
2025,8,August,2025-08-01,MITTELKLASSE,TESLA,MODEL 3,754,22953
2025,8,August,2025-08-01,MITTELKLASSE,TOGG,T10F,7,22956
2025,8,August,2025-08-01,MITTELKLASSE,VOLVO,60,345,22959
2025,8,August,2025-08-01,MITTELKLASSE,VW,ARTEON,2,22962
2025,8,August,2025-08-01,MITTELKLASSE,VW,PASSAT,2619,22965
2025,8,August,2025-08-01,OBERE MITTELKLASSE,AUDI,A6,2517,22968
2025,8,August,2025-08-01,OBERE MITTELKLASSE,BMW,5ER,2279,22971
2025,8,August,2025-08-01,OBERE MITTELKLASSE,HYUNDAI,G80,1,22974
2025,8,August,2025-08-01,OBERE MITTELKLASSE,LEXUS,ES,7,22977
2025,8,August,2025-08-01,OBERE MITTELKLASSE,MERCEDES,CLE,477,22980
2025,8,August,2025-08-01,OBERE MITTELKLASSE,MERCEDES,E-KLASSE,2430,22982
2025,8,August,2025-08-01,OBERE MITTELKLASSE,SUBARU,OUTBACK,63,22985
2025,8,August,2025-08-01,OBERE MITTELKLASSE,TOYOTA,CAMRY,1,22988
2025,8,August,2025-08-01,OBERE MITTELKLASSE,TOYOTA,MIRAI,2,22991
2025,8,August,2025-08-01,OBERE MITTELKLASSE,VOLVO,90,53,22994
2025,8,August,2025-08-01,OBERE MITTELKLASSE,VW,ID.7,1717,22997
2025,8,August,2025-08-01,OBERE MITTELKLASSE,XPENG,P7,13,23000
2025,8,August,2025-08-01,OBERKLASSE,AUDI,A7,85,23003
2025,8,August,2025-08-01,OBERKLASSE,AUDI,A8,113,23006
2025,8,August,2025-08-01,OBERKLASSE,AUDI,E-TRON GT,71,23009
2025,8,August,2025-08-01,OBERKLASSE,BENTLEY,CONTINENTAL,18,23012
2025,8,August,2025-08-01,OBERKLASSE,BMW,7ER,136,23015
2025,8,August,2025-08-01,OBERKLASSE,BMW,8ER,89,23018
2025,8,August,2025-08-01,OBERKLASSE,HYUNDAI,G90,54,23020
2025,8,August,2025-08-01,OBERKLASSE,LOTUS,EMEYA,6,23022
2025,8,August,2025-08-01,OBERKLASSE,LUCID,AIR,4,23024
2025,8,August,2025-08-01,OBERKLASSE,MERCEDES,S-KLASSE,389,23027
2025,8,August,2025-08-01,OBERKLASSE,PORSCHE,PANAMERA,105,23030
2025,8,August,2025-08-01,OBERKLASSE,PORSCHE,TAYCAN,187,23033
2025,8,August,2025-08-01,OBERKLASSE,ROLLS ROYCE,SPECTRE,2,23036
2025,8,August,2025-08-01,OBERKLASSE,TESLA,MODEL S,1,23039
2025,8,August,2025-08-01,SONSTIGE,ALPINE,SONSTIGE,5,23872
2025,8,August,2025-08-01,SONSTIGE,ASTON MARTIN,SONSTIGE,46,23875
2025,8,August,2025-08-01,SONSTIGE,AUDI,SONSTIGE,6,23878
2025,8,August,2025-08-01,SONSTIGE,BMW,SONSTIGE,82,23881
2025,8,August,2025-08-01,SONSTIGE,BYD,SONSTIGE,4,23884
2025,8,August,2025-08-01,SONSTIGE,CHERY,SONSTIGE,22,23887
2025,8,August,2025-08-01,SONSTIGE,FORD,SONSTIGE,25,23889
2025,8,August,2025-08-01,SONSTIGE,HYUNDAI,SONSTIGE,4,23892
2025,8,August,2025-08-01,SONSTIGE,KIA,SONSTIGE,16,23895
2025,8,August,2025-08-01,SONSTIGE,LAMBORGHINI,SONSTIGE,21,23898
2025,8,August,2025-08-01,SONSTIGE,LAND ROVER,SONSTIGE,4,23901
2025,8,August,2025-08-01,SONSTIGE,LEAPMOTOR,SONSTIGE,1,23904
2025,8,August,2025-08-01,SONSTIGE,LOTUS,SONSTIGE,2,23907
2025,8,August,2025-08-01,SONSTIGE,MASERATI,SONSTIGE,12,23910
2025,8,August,2025-08-01,SONSTIGE,MAXUS,SONSTIGE,8,23913
2025,8,August,2025-08-01,SONSTIGE,MAZDA,SONSTIGE,4,23916
2025,8,August,2025-08-01,SONSTIGE,MERCEDES,SONSTIGE,2,23919
2025,8,August,2025-08-01,SONSTIGE,MITSUBISHI,SONSTIGE,1,23922
2025,8,August,2025-08-01,SONSTIGE,MORGAN,SONSTIGE,4,23928
2025,8,August,2025-08-01,SONSTIGE,NISSAN,SONSTIGE,5,23931
2025,8,August,2025-08-01,SONSTIGE,PORSCHE,SONSTIGE,70,23934
2025,8,August,2025-08-01,SONSTIGE,ROLLS ROYCE,SONSTIGE,33,23937
2025,8,August,2025-08-01,SONSTIGE,SEAT,SONSTIGE,9,23940
2025,8,August,2025-08-01,SONSTIGE,SKODA,SONSTIGE,6,23943
2025,8,August,2025-08-01,SONSTIGE,SONSTIGE,SONSTIGE,1383,23946
2025,8,August,2025-08-01,SONSTIGE,SUZUKI,SONSTIGE,41,23949
2025,8,August,2025-08-01,SONSTIGE,VW,SONSTIGE,13,23952
2025,8,August,2025-08-01,SPORTWAGEN,ALPINE,A110,14,23582
2025,8,August,2025-08-01,SPORTWAGEN,BMW,Z4,172,23585
2025,8,August,2025-08-01,SPORTWAGEN,FERRARI,12CILINDRI,38,23588
2025,8,August,2025-08-01,SPORTWAGEN,FERRARI,296,29,23591
2025,8,August,2025-08-01,SPORTWAGEN,FERRARI,ROMA,32,23594
2025,8,August,2025-08-01,SPORTWAGEN,FERRARI,SF90,18,23597
2025,8,August,2025-08-01,SPORTWAGEN,FORD,MUSTANG,88,23599
2025,8,August,2025-08-01,SPORTWAGEN,MASERATI,GRANTURISMO,8,23601
2025,8,August,2025-08-01,SPORTWAGEN,MERCEDES,AMG GT,101,23604
2025,8,August,2025-08-01,SPORTWAGEN,MERCEDES,SL,30,23607
2025,8,August,2025-08-01,SPORTWAGEN,MG ROEWE,CYBERSTER,64,23610
2025,8,August,2025-08-01,SPORTWAGEN,PORSCHE,911,507,23613
2025,8,August,2025-08-01,SPORTWAGEN,PORSCHE,BOXSTER,1,23616
2025,8,August,2025-08-01,SPORTWAGEN,PORSCHE,CAYMAN,33,23619
2025,8,August,2025-08-01,SPORTWAGEN,SONSTIGE,SONSTIGE,6,23622
2025,8,August,2025-08-01,SPORTWAGEN,TOYOTA,SUPRA,5,23625
2025,8,August,2025-08-01,SUVs,ALFA ROMEO,JUNIOR,278,23042
2025,8,August,2025-08-01,SUVs,ALFA ROMEO,STELVIO,118,23045
2025,8,August,2025-08-01,SUVs,ALFA ROMEO,TONALE,88,23048
2025,8,August,2025-08-01,SUVs,AUDI,Q2,896,23051
2025,8,August,2025-08-01,SUVs,AUDI,Q4,1163,23054
2025,8,August,2025-08-01,SUVs,AUDI,Q6,970,23060
2025,8,August,2025-08-01,SUVs,BMW,IX,253,23063
2025,8,August,2025-08-01,SUVs,BMW,X1,3497,23066
2025,8,August,2025-08-01,SUVs,BMW,X2,549,23069
2025,8,August,2025-08-01,SUVs,BMW,XM,69,23072
2025,8,August,2025-08-01,SUVs,BYD,ATTO 2,55,23075
2025,8,August,2025-08-01,SUVs,BYD,ATTO 3,30,23078
2025,8,August,2025-08-01,SUVs,BYD,SEAL U,436,23081
2025,8,August,2025-08-01,SUVs,BYD,SEALION 7,155,23084
2025,8,August,2025-08-01,SUVs,BYD,TANG,9,23087
2025,8,August,2025-08-01,SUVs,DACIA,BIGSTER,1302,23090
2025,8,August,2025-08-01,SUVs,DACIA,DUSTER,999,23093
2025,8,August,2025-08-01,SUVs,DS,7,125,23096
2025,8,August,2025-08-01,SUVs,DS,8,4,23098
2025,8,August,2025-08-01,SUVs,FERRARI,PUROSANGUE,28,23101
2025,8,August,2025-08-01,SUVs,FIAT,600,675,23104
2025,8,August,2025-08-01,SUVs,FORD,CAPRI,364,23107
2025,8,August,2025-08-01,SUVs,FORD,EXPLORER,1161,23110
2025,8,August,2025-08-01,SUVs,FORD,KUGA,1482,23113
2025,8,August,2025-08-01,SUVs,FORD,MUSTANG MACH-E,11,23116
2025,8,August,2025-08-01,SUVs,GWM,WEY 03,16,23119
2025,8,August,2025-08-01,SUVs,GWM,WEY 05,22,23122
2025,8,August,2025-08-01,SUVs,HONDA,CR-V,296,23125
2025,8,August,2025-08-01,SUVs,HONDA,E:NY1,9,23128
2025,8,August,2025-08-01,SUVs,HONDA,HR-V,61,23131
2025,8,August,2025-08-01,SUVs,HONDA,ZR-V,65,23134
2025,8,August,2025-08-01,SUVs,HYUNDAI,BAYON,276,23139
2025,8,August,2025-08-01,SUVs,HYUNDAI,GV60,29,23142
2025,8,August,2025-08-01,SUVs,HYUNDAI,GV70,4,23145
2025,8,August,2025-08-01,SUVs,HYUNDAI,IONIQ 9,111,23148
2025,8,August,2025-08-01,SUVs,HYUNDAI,IONIQ5,526,23151
2025,8,August,2025-08-01,SUVs,HYUNDAI,KONA,1268,23154
2025,8,August,2025-08-01,SUVs,HYUNDAI,TUCSON,1550,23157
2025,8,August,2025-08-01,SUVs,JEEP,AVENGER,534,23160
2025,8,August,2025-08-01,SUVs,KGM,ACTYON,27,23163
2025,8,August,2025-08-01,SUVs,KGM,KORANDO,25,23166
2025,8,August,2025-08-01,SUVs,KGM,TIVOLI,96,23169
2025,8,August,2025-08-01,SUVs,KGM,TORRES,27,23172
2025,8,August,2025-08-01,SUVs,KIA,EV3,820,23175
2025,8,August,2025-08-01,SUVs,KIA,EV6,251,23177
2025,8,August,2025-08-01,SUVs,KIA,EV9,87,23182
2025,8,August,2025-08-01,SUVs,KIA,NIRO,346,23185
2025,8,August,2025-08-01,SUVs,KIA,SPORTAGE,869,23188
2025,8,August,2025-08-01,SUVs,KIA,STONIC,251,23191
2025,8,August,2025-08-01,SUVs,LADA,NIVA,1,23194
2025,8,August,2025-08-01,SUVs,LEAPMOTOR,C10,219,23197
2025,8,August,2025-08-01,SUVs,LEXUS,LBX,150,23200
2025,8,August,2025-08-01,SUVs,LEXUS,NX,86,23203
2025,8,August,2025-08-01,SUVs,LEXUS,RX,55,23206
2025,8,August,2025-08-01,SUVs,LEXUS,RZ,18,23209
2025,8,August,2025-08-01,SUVs,LEXUS,UX,35,23212
2025,8,August,2025-08-01,SUVs,LOTUS,ELETRE,8,23215
2025,8,August,2025-08-01,SUVs,LUCID,GRAVITY,13,23259
2025,8,August,2025-08-01,SUVs,LYNK & CO,01,17,23262
2025,8,August,2025-08-01,SUVs,LYNK & CO,02,5,23265
2025,8,August,2025-08-01,SUVs,LYNK & CO,08,13,23268
2025,8,August,2025-08-01,SUVs,MASERATI,GRECALE,27,23271
2025,8,August,2025-08-01,SUVs,MASERATI,LEVANTE,1,23274
2025,8,August,2025-08-01,SUVs,MAZDA,CX-30,799,23277
2025,8,August,2025-08-01,SUVs,MAZDA,CX-60,626,23280
2025,8,August,2025-08-01,SUVs,MAZDA,CX-80,189,23283
2025,8,August,2025-08-01,SUVs,MAZDA,MX-30,54,23286
2025,8,August,2025-08-01,SUVs,MERCEDES,GLA,2022,23289
2025,8,August,2025-08-01,SUVs,MERCEDES,GLB,1041,23292
2025,8,August,2025-08-01,SUVs,MERCEDES,"GLK, GLC",2342,23295
2025,8,August,2025-08-01,SUVs,MG ROEWE,RX6,688,23299
2025,8,August,2025-08-01,SUVs,MG ROEWE,S5,86,23302
2025,8,August,2025-08-01,SUVs,MG ROEWE,ZS,531,23305
2025,8,August,2025-08-01,SUVs,MITSUBISHI,ASX,374,23308
2025,8,August,2025-08-01,SUVs,MITSUBISHI,OUTLANDER,247,23311
2025,8,August,2025-08-01,SUVs,NIO,EL6,7,23314
2025,8,August,2025-08-01,SUVs,NIO,ES8,1,23317
2025,8,August,2025-08-01,SUVs,NISSAN,ARIYA,35,23320
2025,8,August,2025-08-01,SUVs,NISSAN,QASHQAI,1014,23323
2025,8,August,2025-08-01,SUVs,OPEL,FRONTERA,1483,23326
2025,8,August,2025-08-01,SUVs,OPEL,GRANDLAND X,1518,23329
2025,8,August,2025-08-01,SUVs,OPEL,MOKKA,1436,23332
2025,8,August,2025-08-01,SUVs,PEUGEOT,2008,946,23335
2025,8,August,2025-08-01,SUVs,POLESTAR,3,27,23337
2025,8,August,2025-08-01,SUVs,POLESTAR,4,203,23340
2025,8,August,2025-08-01,SUVs,RENAULT,ARKANA,138,23343
2025,8,August,2025-08-01,SUVs,RENAULT,AUSTRAL,725,23346
2025,8,August,2025-08-01,SUVs,RENAULT,CAPTUR,496,23349
2025,8,August,2025-08-01,SUVs,RENAULT,RAFALE,219,23352
2025,8,August,2025-08-01,SUVs,RENAULT,SYMBIOZ,256,23355
2025,8,August,2025-08-01,SUVs,SEAT,ARONA,1202,23358
2025,8,August,2025-08-01,SUVs,SEAT,ATECA,939,23361
2025,8,August,2025-08-01,SUVs,SEAT,FORMENTOR,1988,23364
2025,8,August,2025-08-01,SUVs,SEAT,TAVASCAN,899,23367
2025,8,August,2025-08-01,SUVs,SEAT,TERRAMAR,1574,23370
2025,8,August,2025-08-01,SUVs,SKODA,ELROQ,1731,23373
2025,8,August,2025-08-01,SUVs,SKODA,ENYAQ,1456,23379
2025,8,August,2025-08-01,SUVs,SKODA,KAMIQ,1621,23382
2025,8,August,2025-08-01,SUVs,SKODA,KAROQ,1943,23385
2025,8,August,2025-08-01,SUVs,SMART,1,143,23388
2025,8,August,2025-08-01,SUVs,SMART,3,92,23391
2025,8,August,2025-08-01,SUVs,SMART,5,178,23394
2025,8,August,2025-08-01,SUVs,SUBARU,CROSSTREK,116,23397
2025,8,August,2025-08-01,SUVs,SUZUKI,SX4,206,23400
2025,8,August,2025-08-01,SUVs,SUZUKI,VITARA,648,23403
2025,8,August,2025-08-01,SUVs,TESLA,MODEL X,8,23406
2025,8,August,2025-08-01,SUVs,TESLA,MODEL Y,678,23409
2025,8,August,2025-08-01,SUVs,TOGG,T10X,16,23412
2025,8,August,2025-08-01,SUVs,TOYOTA,BZ4,360,23418
2025,8,August,2025-08-01,SUVs,TOYOTA,C-HR,594,23421
2025,8,August,2025-08-01,SUVs,TOYOTA,RAV 4,354,23424
2025,8,August,2025-08-01,SUVs,VINFAST,VF 6,4,23427
2025,8,August,2025-08-01,SUVs,VINFAST,VF 8,1,23430
2025,8,August,2025-08-01,SUVs,VOLVO,C40,13,23433
2025,8,August,2025-08-01,SUVs,VOLVO,EX30,150,23436
2025,8,August,2025-08-01,SUVs,VOLVO,EX90,112,23439
2025,8,August,2025-08-01,SUVs,VW,"ID.4, ID.5",1814,23442
2025,8,August,2025-08-01,SUVs,VW,T-CROSS,2202,23445
2025,8,August,2025-08-01,SUVs,VW,T-ROC,7001,23448
2025,8,August,2025-08-01,SUVs,VW,TAIGO,1057,23451
2025,8,August,2025-08-01,SUVs,VW,TAYRON,1580,23453
2025,8,August,2025-08-01,SUVs,XPENG,G6,182,23456
2025,8,August,2025-08-01,SUVs,XPENG,G9,88,23459
2025,8,August,2025-08-01,UTILITIES,CITROEN,BERLINGO,234,23666
2025,8,August,2025-08-01,UTILITIES,CITROEN,JUMPER,14,23669
2025,8,August,2025-08-01,UTILITIES,CITROEN,JUMPY,233,23671
2025,8,August,2025-08-01,UTILITIES,FIAT,DUCATO,38,23674
2025,8,August,2025-08-01,UTILITIES,FIAT,SCUDO,1,23677
2025,8,August,2025-08-01,UTILITIES,FORD,TRANSIT CONNECT,516,23680
2025,8,August,2025-08-01,UTILITIES,FORD,TRANSIT COURIER,347,23683
2025,8,August,2025-08-01,UTILITIES,FORD,TRANSIT CUSTOM,1702,23686
2025,8,August,2025-08-01,UTILITIES,FORD,"TRANSIT, TOURNEO",230,23689
2025,8,August,2025-08-01,UTILITIES,HYUNDAI,STARIA,105,23692
2025,8,August,2025-08-01,UTILITIES,IVECO,DAILY,5,23695
2025,8,August,2025-08-01,UTILITIES,MAN,TGE,103,23698
2025,8,August,2025-08-01,UTILITIES,MERCEDES,CITAN,402,23701
2025,8,August,2025-08-01,UTILITIES,MERCEDES,SPRINTER,326,23704
2025,8,August,2025-08-01,UTILITIES,MERCEDES,VITO,761,23710
2025,8,August,2025-08-01,UTILITIES,NISSAN,PRIMASTAR,87,23713
2025,8,August,2025-08-01,UTILITIES,NISSAN,TOWNSTAR,189,23716
2025,8,August,2025-08-01,UTILITIES,OPEL,COMBO,53,23719
2025,8,August,2025-08-01,UTILITIES,OPEL,MOVANO,4,23722
2025,8,August,2025-08-01,UTILITIES,OPEL,ZAFIRA LIFE,80,23725
2025,8,August,2025-08-01,UTILITIES,PEUGEOT,BOXER,1,23728
2025,8,August,2025-08-01,UTILITIES,PEUGEOT,EXPERT,343,23731
2025,8,August,2025-08-01,UTILITIES,PEUGEOT,RIFTER,28,23734
2025,8,August,2025-08-01,UTILITIES,RENAULT,KANGOO,346,23737
2025,8,August,2025-08-01,UTILITIES,RENAULT,TRAFIC,90,23740
2025,8,August,2025-08-01,UTILITIES,TOYOTA,PROACE,287,23746
2025,8,August,2025-08-01,UTILITIES,VW,CADDY,1233,23749
2025,8,August,2025-08-01,UTILITIES,VW,CRAFTER,47,23752
2025,8,August,2025-08-01,UTILITIES,VW,ID. BUZZ,510,23755
2025,8,August,2025-08-01,UTILITIES,VW,TRANSPORTER,1919,23758
2025,8,August,2025-08-01,WOHNMOBILE,CITROEN,JUMPER,461,23761
2025,8,August,2025-08-01,WOHNMOBILE,CITROEN,JUMPY,49,23764
2025,8,August,2025-08-01,WOHNMOBILE,FIAT,DUCATO,2293,23767
2025,8,August,2025-08-01,WOHNMOBILE,FIAT,SCUDO,1,23770
2025,8,August,2025-08-01,WOHNMOBILE,FORD,SONSTIGE,27,23773
2025,8,August,2025-08-01,WOHNMOBILE,FORD,TRANSIT CUSTOM,278,23776
2025,8,August,2025-08-01,WOHNMOBILE,FORD,"TRANSIT, TOURNEO",563,23782
2025,8,August,2025-08-01,WOHNMOBILE,IVECO,DAILY,48,23785
2025,8,August,2025-08-01,WOHNMOBILE,IVECO,EUROCARGO,2,23788
2025,8,August,2025-08-01,WOHNMOBILE,IVECO,SONSTIGE,2,23791
2025,8,August,2025-08-01,WOHNMOBILE,IVECO,STRALIS,3,23794
2025,8,August,2025-08-01,WOHNMOBILE,MAN,TGE,50,23797
2025,8,August,2025-08-01,WOHNMOBILE,MAN,TGL,2,23800
2025,8,August,2025-08-01,WOHNMOBILE,MERCEDES,ACTROS,2,23803
2025,8,August,2025-08-01,WOHNMOBILE,MERCEDES,ATEGO,1,23806
2025,8,August,2025-08-01,WOHNMOBILE,MERCEDES,SONSTIGE,1,23809
2025,8,August,2025-08-01,WOHNMOBILE,MERCEDES,SPRINTER,522,23812
2025,8,August,2025-08-01,WOHNMOBILE,MERCEDES,UNIMOG,1,23818
2025,8,August,2025-08-01,WOHNMOBILE,MERCEDES,V-KLASSE,92,23821
2025,8,August,2025-08-01,WOHNMOBILE,MERCEDES,VITO,6,23824
2025,8,August,2025-08-01,WOHNMOBILE,NISSAN,PRIMASTAR,25,23827
2025,8,August,2025-08-01,WOHNMOBILE,NISSAN,SONSTIGE,5,23830
2025,8,August,2025-08-01,WOHNMOBILE,OPEL,COMBO,4,23833
2025,8,August,2025-08-01,WOHNMOBILE,OPEL,MOVANO,16,23836
2025,8,August,2025-08-01,WOHNMOBILE,OPEL,ZAFIRA LIFE,6,23839
2025,8,August,2025-08-01,WOHNMOBILE,PEUGEOT,BOXER,153,23842
2025,8,August,2025-08-01,WOHNMOBILE,PEUGEOT,EXPERT,3,23845
2025,8,August,2025-08-01,WOHNMOBILE,PEUGEOT,RIFTER,1,23848
2025,8,August,2025-08-01,WOHNMOBILE,RENAULT,MASTER,49,23854
2025,8,August,2025-08-01,WOHNMOBILE,RENAULT,TRAFIC,34,23857
2025,8,August,2025-08-01,WOHNMOBILE,SONSTIGE,SONSTIGE,18,23860
2025,8,August,2025-08-01,WOHNMOBILE,VW,CADDY,1,23863
2025,8,August,2025-08-01,WOHNMOBILE,VW,CRAFTER,155,23866
2025,8,August,2025-08-01,WOHNMOBILE,VW,TRANSPORTER,376,23869
2025,9,September,2025-09-01,GELÄNDEWAGEN,AUDI,Q3,1262,22215
2025,9,September,2025-09-01,GELÄNDEWAGEN,AUDI,Q5,2143,22216
2025,9,September,2025-09-01,GELÄNDEWAGEN,AUDI,Q7,362,22217
2025,9,September,2025-09-01,GELÄNDEWAGEN,AUDI,Q8,577,22218
2025,9,September,2025-09-01,GELÄNDEWAGEN,BENTLEY,BENTAYGA,8,22219
2025,9,September,2025-09-01,GELÄNDEWAGEN,BMW,X3,2911,22220
2025,9,September,2025-09-01,GELÄNDEWAGEN,BMW,X4,267,22221
2025,9,September,2025-09-01,GELÄNDEWAGEN,BMW,X5,1634,22222
2025,9,September,2025-09-01,GELÄNDEWAGEN,BMW,X6,248,22223
2025,9,September,2025-09-01,GELÄNDEWAGEN,BMW,X7,255,22224
2025,9,September,2025-09-01,GELÄNDEWAGEN,CADILLAC,ESCALADE,3,22225
2025,9,September,2025-09-01,GELÄNDEWAGEN,HYUNDAI,SANTA FE,270,22226
2025,9,September,2025-09-01,GELÄNDEWAGEN,INEOS,GRENADIER,10,22227
2025,9,September,2025-09-01,GELÄNDEWAGEN,JEEP,COMPASS,217,22228
2025,9,September,2025-09-01,GELÄNDEWAGEN,JEEP,GRAND CHEROKEE,9,22229
2025,9,September,2025-09-01,GELÄNDEWAGEN,JEEP,RENEGADE,55,22230
2025,9,September,2025-09-01,GELÄNDEWAGEN,JEEP,WRANGLER,72,22231
2025,9,September,2025-09-01,GELÄNDEWAGEN,KGM,REXTON,58,22232
2025,9,September,2025-09-01,GELÄNDEWAGEN,KIA,SORENTO,158,22233
2025,9,September,2025-09-01,GELÄNDEWAGEN,LAMBORGHINI,URUS,40,22234
2025,9,September,2025-09-01,GELÄNDEWAGEN,LAND ROVER,DEFENDER,279,22235
2025,9,September,2025-09-01,GELÄNDEWAGEN,LAND ROVER,DISCOVERY,27,22236
2025,9,September,2025-09-01,GELÄNDEWAGEN,LAND ROVER,DISCOVERY SPORT,51,22237
2025,9,September,2025-09-01,GELÄNDEWAGEN,LAND ROVER,RANGE ROVER,100,22238
2025,9,September,2025-09-01,GELÄNDEWAGEN,LAND ROVER,RANGE ROVER EVOQUE,178,22239
2025,9,September,2025-09-01,GELÄNDEWAGEN,LAND ROVER,RANGE ROVER SPORT,158,22240
2025,9,September,2025-09-01,GELÄNDEWAGEN,LAND ROVER,RANGE ROVER VELAR,70,22241
2025,9,September,2025-09-01,GELÄNDEWAGEN,MERCEDES,G-KLASSE,504,22242
2025,9,September,2025-09-01,GELÄNDEWAGEN,MERCEDES,"GL-KLASSE, GLS",144,22243
2025,9,September,2025-09-01,GELÄNDEWAGEN,MERCEDES,"ML-KLASSE, GLE",939,22244
2025,9,September,2025-09-01,GELÄNDEWAGEN,NISSAN,X-TRAIL,554,22245
2025,9,September,2025-09-01,GELÄNDEWAGEN,PORSCHE,CAYENNE,478,22246
2025,9,September,2025-09-01,GELÄNDEWAGEN,PORSCHE,MACAN,667,22247
2025,9,September,2025-09-01,GELÄNDEWAGEN,SKODA,KODIAQ,2573,22248
2025,9,September,2025-09-01,GELÄNDEWAGEN,SUBARU,FORESTER,133,22249
2025,9,September,2025-09-01,GELÄNDEWAGEN,TOYOTA,LANDCRUISER,13,22250
2025,9,September,2025-09-01,GELÄNDEWAGEN,VOLVO,XC40,946,22251
2025,9,September,2025-09-01,GELÄNDEWAGEN,VOLVO,XC60,1762,22252
2025,9,September,2025-09-01,GELÄNDEWAGEN,VOLVO,XC90,655,22253
2025,9,September,2025-09-01,GELÄNDEWAGEN,VW,TIGUAN,4982,22254
2025,9,September,2025-09-01,GELÄNDEWAGEN,VW,TOUAREG,460,22255
2025,9,September,2025-09-01,GROSSRAUM-VANS,DACIA,JOGGER,1014,22275
2025,9,September,2025-09-01,GROSSRAUM-VANS,FIAT,ULYSSE,124,22276
2025,9,September,2025-09-01,GROSSRAUM-VANS,LEXUS,LM,7,22277
2025,9,September,2025-09-01,GROSSRAUM-VANS,MERCEDES,V-KLASSE,798,22278
2025,9,September,2025-09-01,GROSSRAUM-VANS,OPEL,ZAFIRA,1,22279
2025,9,September,2025-09-01,GROSSRAUM-VANS,PEUGEOT,5008,336,22280
2025,9,September,2025-09-01,GROSSRAUM-VANS,RENAULT,ESPACE,176,22281
2025,9,September,2025-09-01,GROSSRAUM-VANS,VW,TOURAN,947,22282
2025,9,September,2025-09-01,KLEINWAGEN,ALPINE,A290,44,23972
2025,9,September,2025-09-01,KLEINWAGEN,AUDI,A1,1208,23974
2025,9,September,2025-09-01,KLEINWAGEN,BYD,DOLPHIN SURF,344,23976
2025,9,September,2025-09-01,KLEINWAGEN,CITROEN,C3,1398,23978
2025,9,September,2025-09-01,KLEINWAGEN,DS,3,2,23980
2025,9,September,2025-09-01,KLEINWAGEN,FIAT,GRANDE PANDA,267,23982
2025,9,September,2025-09-01,KLEINWAGEN,FORD,PUMA,1865,23983
2025,9,September,2025-09-01,KLEINWAGEN,HONDA,JAZZ,163,23984
2025,9,September,2025-09-01,KLEINWAGEN,HYUNDAI,I 20,741,23985
2025,9,September,2025-09-01,KLEINWAGEN,HYUNDAI,INSTER,835,23986
2025,9,September,2025-09-01,KLEINWAGEN,MAZDA,2,368,23987
2025,9,September,2025-09-01,KLEINWAGEN,MG ROEWE,3,740,23988
2025,9,September,2025-09-01,KLEINWAGEN,MINI,MINI,3072,23989
2025,9,September,2025-09-01,KLEINWAGEN,MITSUBISHI,COLT,301,23990
2025,9,September,2025-09-01,KLEINWAGEN,NIO,FIREFLY,2,23991
2025,9,September,2025-09-01,KLEINWAGEN,NISSAN,JUKE,529,23992
2025,9,September,2025-09-01,KLEINWAGEN,OPEL,CORSA,4415,23993
2025,9,September,2025-09-01,KLEINWAGEN,PEUGEOT,208,1185,23994
2025,9,September,2025-09-01,KLEINWAGEN,RENAULT,CLIO,919,23995
2025,9,September,2025-09-01,KLEINWAGEN,RENAULT,R4,159,23996
2025,9,September,2025-09-01,KLEINWAGEN,RENAULT,R5,457,23997
2025,9,September,2025-09-01,KLEINWAGEN,SEAT,IBIZA,1721,23998
2025,9,September,2025-09-01,KLEINWAGEN,SKODA,FABIA,2186,23999
2025,9,September,2025-09-01,KLEINWAGEN,SMART,FORFOUR,1,24000
2025,9,September,2025-09-01,KLEINWAGEN,SUZUKI,IGNIS,1,22001
2025,9,September,2025-09-01,KLEINWAGEN,SUZUKI,SWIFT,871,22002
2025,9,September,2025-09-01,KLEINWAGEN,TOYOTA,YARIS,2452,22003
2025,9,September,2025-09-01,KLEINWAGEN,VW,POLO,3634,22004
2025,9,September,2025-09-01,KOMPAKTKLASSE,AUDI,A3,2995,22006
2025,9,September,2025-09-01,KOMPAKTKLASSE,BMW,1ER,2777,22008
2025,9,September,2025-09-01,KOMPAKTKLASSE,BMW,2ER,2023,22009
2025,9,September,2025-09-01,KOMPAKTKLASSE,BYD,DOLPHIN,171,22010
2025,9,September,2025-09-01,KOMPAKTKLASSE,CITROEN,C4,1191,22011
2025,9,September,2025-09-01,KOMPAKTKLASSE,DACIA,LOGAN,1,22014
2025,9,September,2025-09-01,KOMPAKTKLASSE,DACIA,SANDERO,1952,22017
2025,9,September,2025-09-01,KOMPAKTKLASSE,DS,4,36,22020
2025,9,September,2025-09-01,KOMPAKTKLASSE,FIAT,TIPO,25,22021
2025,9,September,2025-09-01,KOMPAKTKLASSE,FORD,FOCUS,1265,22022
2025,9,September,2025-09-01,KOMPAKTKLASSE,HONDA,CIVIC,256,22023
2025,9,September,2025-09-01,KOMPAKTKLASSE,HYUNDAI,I 30,462,22024
2025,9,September,2025-09-01,KOMPAKTKLASSE,KIA,CEED,1631,22025
2025,9,September,2025-09-01,KOMPAKTKLASSE,KIA,EV4,228,22026
2025,9,September,2025-09-01,KOMPAKTKLASSE,MAZDA,3,590,22027
2025,9,September,2025-09-01,KOMPAKTKLASSE,MAZDA,MX-5,105,22028
2025,9,September,2025-09-01,KOMPAKTKLASSE,MERCEDES,A-KLASSE,2062,22029
2025,9,September,2025-09-01,KOMPAKTKLASSE,MG ROEWE,4,504,22030
2025,9,September,2025-09-01,KOMPAKTKLASSE,OPEL,ASTRA,2639,22031
2025,9,September,2025-09-01,KOMPAKTKLASSE,PEUGEOT,308,528,22032
2025,9,September,2025-09-01,KOMPAKTKLASSE,RENAULT,MEGANE,44,22033
2025,9,September,2025-09-01,KOMPAKTKLASSE,SEAT,BORN,1592,22034
2025,9,September,2025-09-01,KOMPAKTKLASSE,SEAT,LEON,2835,22035
2025,9,September,2025-09-01,KOMPAKTKLASSE,SKODA,OCTAVIA,3123,22036
2025,9,September,2025-09-01,KOMPAKTKLASSE,SKODA,SCALA,632,22037
2025,9,September,2025-09-01,KOMPAKTKLASSE,SUBARU,IMPREZA,8,22038
2025,9,September,2025-09-01,KOMPAKTKLASSE,SUZUKI,SWACE,58,22039
2025,9,September,2025-09-01,KOMPAKTKLASSE,TOYOTA,COROLLA,1018,22040
2025,9,September,2025-09-01,KOMPAKTKLASSE,TOYOTA,PRIUS,14,22041
2025,9,September,2025-09-01,KOMPAKTKLASSE,VW,GOLF,7486,22042
2025,9,September,2025-09-01,KOMPAKTKLASSE,VW,ID.3,2979,22043
2025,9,September,2025-09-01,MINI-VANS,MERCEDES,B-KLASSE,1197,22272
2025,9,September,2025-09-01,MINI-VANS,PEUGEOT,3008,637,22273
2025,9,September,2025-09-01,MINI-VANS,RENAULT,SCENIC,153,22274
2025,9,September,2025-09-01,MINIS,DACIA,SPRING,359,23955
2025,9,September,2025-09-01,MINIS,FIAT,500,1164,23958
2025,9,September,2025-09-01,MINIS,FIAT,PANDA,88,23961
2025,9,September,2025-09-01,MINIS,HYUNDAI,I 10,1306,23963
2025,9,September,2025-09-01,MINIS,KIA,PICANTO,670,23965
2025,9,September,2025-09-01,MINIS,LEAPMOTOR,T03,630,23968
2025,9,September,2025-09-01,MINIS,TOYOTA,AYGO,2477,23970
2025,9,September,2025-09-01,MITTELKLASSE,ALFA ROMEO,GIULIA,46,22044
2025,9,September,2025-09-01,MITTELKLASSE,AUDI,A4,23,22045
2025,9,September,2025-09-01,MITTELKLASSE,AUDI,A5,2242,22046
2025,9,September,2025-09-01,MITTELKLASSE,BMW,3ER,2580,22047
2025,9,September,2025-09-01,MITTELKLASSE,BMW,4ER,1262,22048
2025,9,September,2025-09-01,MITTELKLASSE,BYD,SEAL,504,22049
2025,9,September,2025-09-01,MITTELKLASSE,CITROEN,C5,842,22050
2025,9,September,2025-09-01,MITTELKLASSE,GWM,ORA 07,7,22051
2025,9,September,2025-09-01,MITTELKLASSE,HYUNDAI,IONIQ6,74,22052
2025,9,September,2025-09-01,MITTELKLASSE,MAZDA,6,247,22053
2025,9,September,2025-09-01,MITTELKLASSE,MERCEDES,C-KLASSE,1635,22054
2025,9,September,2025-09-01,MITTELKLASSE,MERCEDES,CLA-KLASSE,1989,22055
2025,9,September,2025-09-01,MITTELKLASSE,NIO,ET5,17,22056
2025,9,September,2025-09-01,MITTELKLASSE,PEUGEOT,408,291,22057
2025,9,September,2025-09-01,MITTELKLASSE,PEUGEOT,508,4,22058
2025,9,September,2025-09-01,MITTELKLASSE,POLESTAR,2,130,22059
2025,9,September,2025-09-01,MITTELKLASSE,SKODA,SUPERB,1537,22060
2025,9,September,2025-09-01,MITTELKLASSE,TESLA,MODEL 3,1173,22061
2025,9,September,2025-09-01,MITTELKLASSE,VOLVO,60,219,22062
2025,9,September,2025-09-01,MITTELKLASSE,VW,ARTEON,5,22063
2025,9,September,2025-09-01,MITTELKLASSE,VW,PASSAT,3845,22064
2025,9,September,2025-09-01,OBERE MITTELKLASSE,AUDI,A6,2294,22065
2025,9,September,2025-09-01,OBERE MITTELKLASSE,BMW,5ER,2228,22066
2025,9,September,2025-09-01,OBERE MITTELKLASSE,HYUNDAI,G80,1,22067
2025,9,September,2025-09-01,OBERE MITTELKLASSE,LEXUS,ES,4,22068
2025,9,September,2025-09-01,OBERE MITTELKLASSE,MERCEDES,CLE,675,22069
2025,9,September,2025-09-01,OBERE MITTELKLASSE,MERCEDES,E-KLASSE,2163,22070
2025,9,September,2025-09-01,OBERE MITTELKLASSE,SUBARU,OUTBACK,98,22071
2025,9,September,2025-09-01,OBERE MITTELKLASSE,TOYOTA,MIRAI,1,22072
2025,9,September,2025-09-01,OBERE MITTELKLASSE,VOLVO,90,87,22073
2025,9,September,2025-09-01,OBERE MITTELKLASSE,VW,ID.7,2597,22074
2025,9,September,2025-09-01,OBERE MITTELKLASSE,XPENG,P7,17,22075
2025,9,September,2025-09-01,OBERKLASSE,AUDI,A7,69,22076
2025,9,September,2025-09-01,OBERKLASSE,AUDI,A8,94,22077
2025,9,September,2025-09-01,OBERKLASSE,AUDI,E-TRON GT,64,22078
2025,9,September,2025-09-01,OBERKLASSE,BENTLEY,CONTINENTAL,21,22079
2025,9,September,2025-09-01,OBERKLASSE,BMW,7ER,179,22080
2025,9,September,2025-09-01,OBERKLASSE,BMW,8ER,85,22081
2025,9,September,2025-09-01,OBERKLASSE,LEXUS,LS,2,22082
2025,9,September,2025-09-01,OBERKLASSE,LOTUS,EMEYA,2,22083
2025,9,September,2025-09-01,OBERKLASSE,LUCID,AIR,5,22084
2025,9,September,2025-09-01,OBERKLASSE,MERCEDES,S-KLASSE,260,22085
2025,9,September,2025-09-01,OBERKLASSE,PORSCHE,PANAMERA,205,22086
2025,9,September,2025-09-01,OBERKLASSE,PORSCHE,TAYCAN,246,22087
2025,9,September,2025-09-01,OBERKLASSE,ROLLS ROYCE,SPECTRE,10,22088
2025,9,September,2025-09-01,OBERKLASSE,TESLA,MODEL S,3,22089
2025,9,September,2025-09-01,SONSTIGE,ALPINE,SONSTIGE,1,22347
2025,9,September,2025-09-01,SONSTIGE,ASTON MARTIN,SONSTIGE,34,22348
2025,9,September,2025-09-01,SONSTIGE,AUDI,SONSTIGE,59,22349
2025,9,September,2025-09-01,SONSTIGE,BMW,SONSTIGE,71,22351
2025,9,September,2025-09-01,SONSTIGE,BYD,SONSTIGE,1,22352
2025,9,September,2025-09-01,SONSTIGE,DACIA,SONSTIGE,2,22353
2025,9,September,2025-09-01,SONSTIGE,FERRARI,SONSTIGE,2,22354
2025,9,September,2025-09-01,SONSTIGE,FORD,SONSTIGE,2,22355
2025,9,September,2025-09-01,SONSTIGE,HONDA,SONSTIGE,8,22356
2025,9,September,2025-09-01,SONSTIGE,HYUNDAI,SONSTIGE,2,22357
2025,9,September,2025-09-01,SONSTIGE,KIA,SONSTIGE,7,22358
2025,9,September,2025-09-01,SONSTIGE,LAMBORGHINI,SONSTIGE,10,22359
2025,9,September,2025-09-01,SONSTIGE,LOTUS,SONSTIGE,2,22360
2025,9,September,2025-09-01,SONSTIGE,MASERATI,SONSTIGE,2,22361
2025,9,September,2025-09-01,SONSTIGE,MAXUS,SONSTIGE,2,22362
2025,9,September,2025-09-01,SONSTIGE,MAZDA,SONSTIGE,4,22363
2025,9,September,2025-09-01,SONSTIGE,MERCEDES,SONSTIGE,1,22364
2025,9,September,2025-09-01,SONSTIGE,MORGAN,SONSTIGE,3,22365
2025,9,September,2025-09-01,SONSTIGE,NISSAN,SONSTIGE,26,22366
2025,9,September,2025-09-01,SONSTIGE,PORSCHE,SONSTIGE,49,22367
2025,9,September,2025-09-01,SONSTIGE,ROLLS ROYCE,SONSTIGE,16,22368
2025,9,September,2025-09-01,SONSTIGE,SEAT,SONSTIGE,5,22369
2025,9,September,2025-09-01,SONSTIGE,SKODA,SONSTIGE,5,22370
2025,9,September,2025-09-01,SONSTIGE,SONSTIGE,SONSTIGE,915,22371
2025,9,September,2025-09-01,SONSTIGE,SUBARU,SONSTIGE,3,22372
2025,9,September,2025-09-01,SONSTIGE,SUZUKI,SONSTIGE,74,22373
2025,9,September,2025-09-01,SONSTIGE,VW,SONSTIGE,42,22374
2025,9,September,2025-09-01,SPORTWAGEN,ALPINE,A110,8,22256
2025,9,September,2025-09-01,SPORTWAGEN,BMW,Z4,125,22257
2025,9,September,2025-09-01,SPORTWAGEN,FERRARI,12CILINDRI,34,22258
2025,9,September,2025-09-01,SPORTWAGEN,FERRARI,296,25,22259
2025,9,September,2025-09-01,SPORTWAGEN,FERRARI,ROMA,28,22260
2025,9,September,2025-09-01,SPORTWAGEN,FERRARI,SF90,4,22261
2025,9,September,2025-09-01,SPORTWAGEN,FORD,MUSTANG,84,22262
2025,9,September,2025-09-01,SPORTWAGEN,LOTUS,EMIRA,1,22263
2025,9,September,2025-09-01,SPORTWAGEN,MASERATI,GRANTURISMO,5,22264
2025,9,September,2025-09-01,SPORTWAGEN,MERCEDES,AMG GT,54,22265
2025,9,September,2025-09-01,SPORTWAGEN,MERCEDES,SL,22,22266
2025,9,September,2025-09-01,SPORTWAGEN,MG ROEWE,CYBERSTER,51,22267
2025,9,September,2025-09-01,SPORTWAGEN,PORSCHE,911,565,22268
2025,9,September,2025-09-01,SPORTWAGEN,PORSCHE,CAYMAN,37,22269
2025,9,September,2025-09-01,SPORTWAGEN,SONSTIGE,SONSTIGE,11,22270
2025,9,September,2025-09-01,SPORTWAGEN,TOYOTA,SUPRA,13,22271
2025,9,September,2025-09-01,SUVs,ALFA ROMEO,JUNIOR,328,22090
2025,9,September,2025-09-01,SUVs,ALFA ROMEO,STELVIO,114,22091
2025,9,September,2025-09-01,SUVs,ALFA ROMEO,TONALE,63,22092
2025,9,September,2025-09-01,SUVs,AUDI,Q2,955,22093
2025,9,September,2025-09-01,SUVs,AUDI,Q4,761,22094
2025,9,September,2025-09-01,SUVs,AUDI,Q6,620,22095
2025,9,September,2025-09-01,SUVs,BMW,IX,314,22096
2025,9,September,2025-09-01,SUVs,BMW,X1,1968,22097
2025,9,September,2025-09-01,SUVs,BMW,X2,379,22098
2025,9,September,2025-09-01,SUVs,BMW,XM,82,22099
2025,9,September,2025-09-01,SUVs,BYD,ATTO 2,91,22100
2025,9,September,2025-09-01,SUVs,BYD,ATTO 3,155,22101
2025,9,September,2025-09-01,SUVs,BYD,SEAL U,1745,22102
2025,9,September,2025-09-01,SUVs,BYD,SEALION 7,223,22103
2025,9,September,2025-09-01,SUVs,BYD,TANG,21,22104
2025,9,September,2025-09-01,SUVs,DACIA,BIGSTER,1219,22105
2025,9,September,2025-09-01,SUVs,DACIA,DUSTER,1156,22106
2025,9,September,2025-09-01,SUVs,DEEPAL,S05,11,22107
2025,9,September,2025-09-01,SUVs,DEEPAL,S07,1,22108
2025,9,September,2025-09-01,SUVs,DS,7,118,22109
2025,9,September,2025-09-01,SUVs,DS,8,6,22110
2025,9,September,2025-09-01,SUVs,FERRARI,PUROSANGUE,23,22111
2025,9,September,2025-09-01,SUVs,FIAT,600,670,22112
2025,9,September,2025-09-01,SUVs,FISKER,OCEAN,2,22113
2025,9,September,2025-09-01,SUVs,FORD,CAPRI,372,22114
2025,9,September,2025-09-01,SUVs,FORD,EXPLORER,1021,22115
2025,9,September,2025-09-01,SUVs,FORD,KUGA,1172,22116
2025,9,September,2025-09-01,SUVs,FORD,MUSTANG MACH-E,39,22117
2025,9,September,2025-09-01,SUVs,GWM,WEY 03,23,22118
2025,9,September,2025-09-01,SUVs,GWM,WEY 05,39,22119
2025,9,September,2025-09-01,SUVs,HONDA,CR-V,53,22120
2025,9,September,2025-09-01,SUVs,HONDA,E:NY1,10,22121
2025,9,September,2025-09-01,SUVs,HONDA,HR-V,135,22122
2025,9,September,2025-09-01,SUVs,HONDA,ZR-V,52,22123
2025,9,September,2025-09-01,SUVs,HYUNDAI,BAYON,293,22124
2025,9,September,2025-09-01,SUVs,HYUNDAI,GV60,9,22125
2025,9,September,2025-09-01,SUVs,HYUNDAI,GV70,5,22126
2025,9,September,2025-09-01,SUVs,HYUNDAI,IONIQ 9,107,22127
2025,9,September,2025-09-01,SUVs,HYUNDAI,IONIQ5,539,22128
2025,9,September,2025-09-01,SUVs,HYUNDAI,KONA,1319,22129
2025,9,September,2025-09-01,SUVs,HYUNDAI,TUCSON,1442,22130
2025,9,September,2025-09-01,SUVs,JEEP,AVENGER,511,22131
2025,9,September,2025-09-01,SUVs,KGM,ACTYON,27,22132
2025,9,September,2025-09-01,SUVs,KGM,KORANDO,36,22133
2025,9,September,2025-09-01,SUVs,KGM,TIVOLI,93,22134
2025,9,September,2025-09-01,SUVs,KGM,TORRES,24,22135
2025,9,September,2025-09-01,SUVs,KIA,EV3,826,22136
2025,9,September,2025-09-01,SUVs,KIA,EV6,265,22137
2025,9,September,2025-09-01,SUVs,KIA,EV9,47,22138
2025,9,September,2025-09-01,SUVs,KIA,NIRO,218,22139
2025,9,September,2025-09-01,SUVs,KIA,SPORTAGE,901,22140
2025,9,September,2025-09-01,SUVs,KIA,STONIC,256,22141
2025,9,September,2025-09-01,SUVs,LEAPMOTOR,B10,22,22142
2025,9,September,2025-09-01,SUVs,LEAPMOTOR,C10,258,22143
2025,9,September,2025-09-01,SUVs,LEXUS,LBX,145,22144
2025,9,September,2025-09-01,SUVs,LEXUS,NX,106,22145
2025,9,September,2025-09-01,SUVs,LEXUS,RX,55,22146
2025,9,September,2025-09-01,SUVs,LEXUS,RZ,31,22147
2025,9,September,2025-09-01,SUVs,LEXUS,UX,41,22148
2025,9,September,2025-09-01,SUVs,LOTUS,ELETRE,8,22149
2025,9,September,2025-09-01,SUVs,LYNK & CO,01,8,22150
2025,9,September,2025-09-01,SUVs,LYNK & CO,02,10,22151
2025,9,September,2025-09-01,SUVs,LYNK & CO,08,27,22152
2025,9,September,2025-09-01,SUVs,MASERATI,GRECALE,21,22153
2025,9,September,2025-09-01,SUVs,MAZDA,CX-30,1476,22154
2025,9,September,2025-09-01,SUVs,MAZDA,CX-60,769,22155
2025,9,September,2025-09-01,SUVs,MAZDA,CX-80,212,22156
2025,9,September,2025-09-01,SUVs,MAZDA,MX-30,38,22157
2025,9,September,2025-09-01,SUVs,MERCEDES,GLA,2373,22158
2025,9,September,2025-09-01,SUVs,MERCEDES,GLB,997,22159
2025,9,September,2025-09-01,SUVs,MERCEDES,"GLK, GLC",2854,22160
2025,9,September,2025-09-01,SUVs,MG ROEWE,RX6,532,22161
2025,9,September,2025-09-01,SUVs,MG ROEWE,S5,125,22162
2025,9,September,2025-09-01,SUVs,MG ROEWE,ZS,663,22163
2025,9,September,2025-09-01,SUVs,MITSUBISHI,ASX,349,22164
2025,9,September,2025-09-01,SUVs,MITSUBISHI,OUTLANDER,468,22165
2025,9,September,2025-09-01,SUVs,NIO,ES8,1,22166
2025,9,September,2025-09-01,SUVs,NISSAN,ARIYA,42,22167
2025,9,September,2025-09-01,SUVs,NISSAN,QASHQAI,1847,22168
2025,9,September,2025-09-01,SUVs,OMODA,9,1,22169
2025,9,September,2025-09-01,SUVs,OPEL,FRONTERA,1409,22170
2025,9,September,2025-09-01,SUVs,OPEL,GRANDLAND X,1694,22171
2025,9,September,2025-09-01,SUVs,OPEL,MOKKA,2015,22172
2025,9,September,2025-09-01,SUVs,PEUGEOT,2008,1052,22173
2025,9,September,2025-09-01,SUVs,POLESTAR,3,16,22174
2025,9,September,2025-09-01,SUVs,POLESTAR,4,202,22175
2025,9,September,2025-09-01,SUVs,RENAULT,ARKANA,299,22176
2025,9,September,2025-09-01,SUVs,RENAULT,AUSTRAL,1044,22177
2025,9,September,2025-09-01,SUVs,RENAULT,CAPTUR,715,22178
2025,9,September,2025-09-01,SUVs,RENAULT,RAFALE,404,22179
2025,9,September,2025-09-01,SUVs,RENAULT,SYMBIOZ,351,22180
2025,9,September,2025-09-01,SUVs,SEAT,ARONA,1467,22181
2025,9,September,2025-09-01,SUVs,SEAT,ATECA,1314,22182
2025,9,September,2025-09-01,SUVs,SEAT,FORMENTOR,1498,22183
2025,9,September,2025-09-01,SUVs,SEAT,TAVASCAN,1296,22184
2025,9,September,2025-09-01,SUVs,SEAT,TERRAMAR,1519,22185
2025,9,September,2025-09-01,SUVs,SKODA,ELROQ,2565,22186
2025,9,September,2025-09-01,SUVs,SKODA,ENYAQ,1734,22187
2025,9,September,2025-09-01,SUVs,SKODA,KAMIQ,1864,22188
2025,9,September,2025-09-01,SUVs,SKODA,KAROQ,2653,22189
2025,9,September,2025-09-01,SUVs,SMART,1,134,22190
2025,9,September,2025-09-01,SUVs,SMART,3,102,22191
2025,9,September,2025-09-01,SUVs,SMART,5,213,22192
2025,9,September,2025-09-01,SUVs,SUBARU,CROSSTREK,97,22193
2025,9,September,2025-09-01,SUVs,SUZUKI,ACROSS,7,22194
2025,9,September,2025-09-01,SUVs,SUZUKI,SX4,189,22195
2025,9,September,2025-09-01,SUVs,SUZUKI,VITARA,1026,22196
2025,9,September,2025-09-01,SUVs,TESLA,MODEL X,1,22197
2025,9,September,2025-09-01,SUVs,TESLA,MODEL Y,2227,22198
2025,9,September,2025-09-01,SUVs,TOGG,T10X,1,22199
2025,9,September,2025-09-01,SUVs,TOYOTA,BZ4,246,22200
2025,9,September,2025-09-01,SUVs,TOYOTA,C-HR,911,22201
2025,9,September,2025-09-01,SUVs,TOYOTA,RAV 4,608,22202
2025,9,September,2025-09-01,SUVs,VINFAST,VF 6,27,22203
2025,9,September,2025-09-01,SUVs,VINFAST,VF 8,6,22204
2025,9,September,2025-09-01,SUVs,VOLVO,C40,26,22205
2025,9,September,2025-09-01,SUVs,VOLVO,EX30,191,22206
2025,9,September,2025-09-01,SUVs,VOLVO,EX90,140,22207
2025,9,September,2025-09-01,SUVs,VW,"ID.4, ID.5",1652,22208
2025,9,September,2025-09-01,SUVs,VW,T-CROSS,1542,22209
2025,9,September,2025-09-01,SUVs,VW,T-ROC,6256,22210
2025,9,September,2025-09-01,SUVs,VW,TAIGO,1012,22211
2025,9,September,2025-09-01,SUVs,VW,TAYRON,2804,22212
2025,9,September,2025-09-01,SUVs,XPENG,G6,141,22213
2025,9,September,2025-09-01,SUVs,XPENG,G9,83,22214
2025,9,September,2025-09-01,UTILITIES,CITROEN,BERLINGO,117,22283
2025,9,September,2025-09-01,UTILITIES,CITROEN,JUMPER,12,22284
2025,9,September,2025-09-01,UTILITIES,CITROEN,JUMPY,208,22285
2025,9,September,2025-09-01,UTILITIES,FIAT,DUCATO,35,22286
2025,9,September,2025-09-01,UTILITIES,FORD,TRANSIT CONNECT,725,22287
2025,9,September,2025-09-01,UTILITIES,FORD,TRANSIT COURIER,285,22288
2025,9,September,2025-09-01,UTILITIES,FORD,TRANSIT CUSTOM,1257,22289
2025,9,September,2025-09-01,UTILITIES,FORD,"TRANSIT, TOURNEO",257,22290
2025,9,September,2025-09-01,UTILITIES,HYUNDAI,STARIA,114,22291
2025,9,September,2025-09-01,UTILITIES,IVECO,DAILY,1,22292
2025,9,September,2025-09-01,UTILITIES,KIA,PV5,1,22293
2025,9,September,2025-09-01,UTILITIES,MAN,TGE,75,22294
2025,9,September,2025-09-01,UTILITIES,MERCEDES,CITAN,302,22295
2025,9,September,2025-09-01,UTILITIES,MERCEDES,SPRINTER,304,22296
2025,9,September,2025-09-01,UTILITIES,MERCEDES,VITO,458,22297
2025,9,September,2025-09-01,UTILITIES,NISSAN,PRIMASTAR,62,22298
2025,9,September,2025-09-01,UTILITIES,NISSAN,TOWNSTAR,157,22299
2025,9,September,2025-09-01,UTILITIES,OPEL,COMBO,27,22300
2025,9,September,2025-09-01,UTILITIES,OPEL,MOVANO,8,22301
2025,9,September,2025-09-01,UTILITIES,OPEL,ZAFIRA LIFE,97,22302
2025,9,September,2025-09-01,UTILITIES,PEUGEOT,BOXER,4,22303
2025,9,September,2025-09-01,UTILITIES,PEUGEOT,EXPERT,197,22304
2025,9,September,2025-09-01,UTILITIES,PEUGEOT,RIFTER,44,22305
2025,9,September,2025-09-01,UTILITIES,RENAULT,KANGOO,222,22306
2025,9,September,2025-09-01,UTILITIES,RENAULT,MASTER,2,22307
2025,9,September,2025-09-01,UTILITIES,RENAULT,TRAFIC,95,22308
2025,9,September,2025-09-01,UTILITIES,TOYOTA,PROACE,234,22309
2025,9,September,2025-09-01,UTILITIES,VW,CADDY,1450,22310
2025,9,September,2025-09-01,UTILITIES,VW,CRAFTER,79,22311
2025,9,September,2025-09-01,UTILITIES,VW,ID. BUZZ,669,22312
2025,9,September,2025-09-01,UTILITIES,VW,TRANSPORTER,2241,22313
2025,9,September,2025-09-01,WOHNMOBILE,CITROEN,JUMPER,492,22314
2025,9,September,2025-09-01,WOHNMOBILE,CITROEN,JUMPY,55,22315
2025,9,September,2025-09-01,WOHNMOBILE,FIAT,DUCATO,2026,22316
2025,9,September,2025-09-01,WOHNMOBILE,FIAT,ULYSSE,1,22317
2025,9,September,2025-09-01,WOHNMOBILE,FORD,SONSTIGE,14,22318
2025,9,September,2025-09-01,WOHNMOBILE,FORD,TRANSIT CUSTOM,291,22319
2025,9,September,2025-09-01,WOHNMOBILE,FORD,"TRANSIT, TOURNEO",416,22320
2025,9,September,2025-09-01,WOHNMOBILE,IVECO,DAILY,45,22321
2025,9,September,2025-09-01,WOHNMOBILE,IVECO,SONSTIGE,1,22322
2025,9,September,2025-09-01,WOHNMOBILE,IVECO,STRALIS,2,22323
2025,9,September,2025-09-01,WOHNMOBILE,MAN,TGE,25,22324
2025,9,September,2025-09-01,WOHNMOBILE,MAN,TGM,2,22325
2025,9,September,2025-09-01,WOHNMOBILE,MERCEDES,ACTROS,3,22326
2025,9,September,2025-09-01,WOHNMOBILE,MERCEDES,AROCS,2,22327
2025,9,September,2025-09-01,WOHNMOBILE,MERCEDES,ATEGO,1,22328
2025,9,September,2025-09-01,WOHNMOBILE,MERCEDES,SONSTIGE,2,22329
2025,9,September,2025-09-01,WOHNMOBILE,MERCEDES,SPRINTER,500,22330
2025,9,September,2025-09-01,WOHNMOBILE,MERCEDES,V-KLASSE,97,22331
2025,9,September,2025-09-01,WOHNMOBILE,MERCEDES,VITO,2,22332
2025,9,September,2025-09-01,WOHNMOBILE,MITSUBISHI,SONSTIGE,1,22333
2025,9,September,2025-09-01,WOHNMOBILE,NISSAN,PRIMASTAR,20,22334
2025,9,September,2025-09-01,WOHNMOBILE,OPEL,COMBO,2,22335
2025,9,September,2025-09-01,WOHNMOBILE,OPEL,MOVANO,13,22336
2025,9,September,2025-09-01,WOHNMOBILE,OPEL,ZAFIRA LIFE,4,22337
2025,9,September,2025-09-01,WOHNMOBILE,PEUGEOT,BOXER,146,22338
2025,9,September,2025-09-01,WOHNMOBILE,PEUGEOT,EXPERT,4,22339
2025,9,September,2025-09-01,WOHNMOBILE,RENAULT,MASTER,21,22340
2025,9,September,2025-09-01,WOHNMOBILE,RENAULT,TRAFIC,17,22341
2025,9,September,2025-09-01,WOHNMOBILE,SONSTIGE,SONSTIGE,27,22342
2025,9,September,2025-09-01,WOHNMOBILE,VW,CADDY,7,22343
2025,9,September,2025-09-01,WOHNMOBILE,VW,CRAFTER,152,22344
2025,9,September,2025-09-01,WOHNMOBILE,VW,SONSTIGE,1,22345
2025,9,September,2025-09-01,WOHNMOBILE,VW,TRANSPORTER,383,22346
2025,10,Oktober,2025-10-01,GELÄNDEWAGEN,AUDI,Q3,2008,23401
2025,10,Oktober,2025-10-01,GELÄNDEWAGEN,AUDI,Q5,1985,23404
2025,10,Oktober,2025-10-01,GELÄNDEWAGEN,AUDI,Q7,478,23407
2025,10,Oktober,2025-10-01,GELÄNDEWAGEN,AUDI,Q8,672,23410
2025,10,Oktober,2025-10-01,GELÄNDEWAGEN,BENTLEY,BENTAYGA,10,23413
2025,10,Oktober,2025-10-01,GELÄNDEWAGEN,BMW,X3,2712,23415
2025,10,Oktober,2025-10-01,GELÄNDEWAGEN,BMW,X4,249,23417
2025,10,Oktober,2025-10-01,GELÄNDEWAGEN,BMW,X5,1406,23420
2025,10,Oktober,2025-10-01,GELÄNDEWAGEN,BMW,X6,266,23423
2025,10,Oktober,2025-10-01,GELÄNDEWAGEN,BMW,X7,280,23426
2025,10,Oktober,2025-10-01,GELÄNDEWAGEN,CADILLAC,ESCALADE,12,23429
2025,10,Oktober,2025-10-01,GELÄNDEWAGEN,HYUNDAI,SANTA FE,247,23432
2025,10,Oktober,2025-10-01,GELÄNDEWAGEN,INEOS,GRENADIER,17,23435
2025,10,Oktober,2025-10-01,GELÄNDEWAGEN,JEEP,COMPASS,141,23438
2025,10,Oktober,2025-10-01,GELÄNDEWAGEN,JEEP,GRAND CHEROKEE,2,23441
2025,10,Oktober,2025-10-01,GELÄNDEWAGEN,JEEP,RENEGADE,21,23444
2025,10,Oktober,2025-10-01,GELÄNDEWAGEN,JEEP,WRANGLER,78,23447
2025,10,Oktober,2025-10-01,GELÄNDEWAGEN,KGM,REXTON,47,23450
2025,10,Oktober,2025-10-01,GELÄNDEWAGEN,KIA,SORENTO,138,23452
2025,10,Oktober,2025-10-01,GELÄNDEWAGEN,LAMBORGHINI,URUS,52,23454
2025,10,Oktober,2025-10-01,GELÄNDEWAGEN,LAND ROVER,DEFENDER,193,23457
2025,10,Oktober,2025-10-01,GELÄNDEWAGEN,LAND ROVER,DISCOVERY,28,23460
2025,10,Oktober,2025-10-01,GELÄNDEWAGEN,LAND ROVER,DISCOVERY SPORT,96,23463
2025,10,Oktober,2025-10-01,GELÄNDEWAGEN,LAND ROVER,RANGE ROVER,118,23466
2025,10,Oktober,2025-10-01,GELÄNDEWAGEN,LAND ROVER,RANGE ROVER EVOQUE,204,23469
2025,10,Oktober,2025-10-01,GELÄNDEWAGEN,LAND ROVER,RANGE ROVER SPORT,126,23472
2025,10,Oktober,2025-10-01,GELÄNDEWAGEN,LAND ROVER,RANGE ROVER VELAR,111,23475
2025,10,Oktober,2025-10-01,GELÄNDEWAGEN,MERCEDES,G-KLASSE,513,23478
2025,10,Oktober,2025-10-01,GELÄNDEWAGEN,MERCEDES,"GL-KLASSE, GLS",183,23481
2025,10,Oktober,2025-10-01,GELÄNDEWAGEN,MERCEDES,"ML-KLASSE, GLE",1100,23484
2025,10,Oktober,2025-10-01,GELÄNDEWAGEN,NISSAN,X-TRAIL,152,23487
2025,10,Oktober,2025-10-01,GELÄNDEWAGEN,PORSCHE,CAYENNE,620,23489
2025,10,Oktober,2025-10-01,GELÄNDEWAGEN,PORSCHE,MACAN,665,23491
2025,10,Oktober,2025-10-01,GELÄNDEWAGEN,SKODA,KODIAQ,2651,23494
2025,10,Oktober,2025-10-01,GELÄNDEWAGEN,SUBARU,FORESTER,77,23497
2025,10,Oktober,2025-10-01,GELÄNDEWAGEN,TOYOTA,LANDCRUISER,9,23500
2025,10,Oktober,2025-10-01,GELÄNDEWAGEN,VOLVO,XC40,1192,23503
2025,10,Oktober,2025-10-01,GELÄNDEWAGEN,VOLVO,XC60,2002,23506
2025,10,Oktober,2025-10-01,GELÄNDEWAGEN,VOLVO,XC90,568,23509
2025,10,Oktober,2025-10-01,GELÄNDEWAGEN,VW,TIGUAN,4674,23512
2025,10,Oktober,2025-10-01,GELÄNDEWAGEN,VW,TOUAREG,481,23515
2025,10,Oktober,2025-10-01,GROSSRAUM-VANS,DACIA,JOGGER,825,23573
2025,10,Oktober,2025-10-01,GROSSRAUM-VANS,FIAT,ULYSSE,150,23575
2025,10,Oktober,2025-10-01,GROSSRAUM-VANS,LEXUS,LM,5,23577
2025,10,Oktober,2025-10-01,GROSSRAUM-VANS,MAXUS,MIFA 7,2,23580
2025,10,Oktober,2025-10-01,GROSSRAUM-VANS,MERCEDES,V-KLASSE,1049,23583
2025,10,Oktober,2025-10-01,GROSSRAUM-VANS,PEUGEOT,5008,501,23586
2025,10,Oktober,2025-10-01,GROSSRAUM-VANS,RENAULT,ESPACE,240,23589
2025,10,Oktober,2025-10-01,GROSSRAUM-VANS,VW,TOURAN,905,23592
2025,10,Oktober,2025-10-01,KLEINWAGEN,ALPINE,A290,109,22382
2025,10,Oktober,2025-10-01,KLEINWAGEN,AUDI,A1,1407,22383
2025,10,Oktober,2025-10-01,KLEINWAGEN,BYD,DOLPHIN SURF,278,22384
2025,10,Oktober,2025-10-01,KLEINWAGEN,CITROEN,C3,1848,22385
2025,10,Oktober,2025-10-01,KLEINWAGEN,DS,3,10,22386
2025,10,Oktober,2025-10-01,KLEINWAGEN,FIAT,GRANDE PANDA,296,22388
2025,10,Oktober,2025-10-01,KLEINWAGEN,FORD,PUMA,1399,22389
2025,10,Oktober,2025-10-01,KLEINWAGEN,HONDA,JAZZ,156,22390
2025,10,Oktober,2025-10-01,KLEINWAGEN,HYUNDAI,I 20,890,22391
2025,10,Oktober,2025-10-01,KLEINWAGEN,HYUNDAI,INSTER,1124,22392
2025,10,Oktober,2025-10-01,KLEINWAGEN,MAZDA,2,249,22393
2025,10,Oktober,2025-10-01,KLEINWAGEN,MG ROEWE,3,453,22394
2025,10,Oktober,2025-10-01,KLEINWAGEN,MINI,MINI,3510,22395
2025,10,Oktober,2025-10-01,KLEINWAGEN,MITSUBISHI,COLT,324,22396
2025,10,Oktober,2025-10-01,KLEINWAGEN,MITSUBISHI,"MIRAGE, SPACE STAR",1,22397
2025,10,Oktober,2025-10-01,KLEINWAGEN,NISSAN,JUKE,477,22398
2025,10,Oktober,2025-10-01,KLEINWAGEN,OPEL,CORSA,4323,22399
2025,10,Oktober,2025-10-01,KLEINWAGEN,PEUGEOT,208,1171,22400
2025,10,Oktober,2025-10-01,KLEINWAGEN,RENAULT,CLIO,805,22401
2025,10,Oktober,2025-10-01,KLEINWAGEN,RENAULT,R4,353,22402
2025,10,Oktober,2025-10-01,KLEINWAGEN,RENAULT,R5,779,22403
2025,10,Oktober,2025-10-01,KLEINWAGEN,SEAT,IBIZA,1402,22404
2025,10,Oktober,2025-10-01,KLEINWAGEN,SKODA,FABIA,2340,22405
2025,10,Oktober,2025-10-01,KLEINWAGEN,SUZUKI,SWIFT,1007,22406
2025,10,Oktober,2025-10-01,KLEINWAGEN,TOYOTA,YARIS,2423,22407
2025,10,Oktober,2025-10-01,KLEINWAGEN,VW,POLO,2982,22408
2025,10,Oktober,2025-10-01,KOMPAKTKLASSE,AUDI,A3,3333,22409
2025,10,Oktober,2025-10-01,KOMPAKTKLASSE,BMW,1ER,2616,22410
2025,10,Oktober,2025-10-01,KOMPAKTKLASSE,BMW,2ER,1936,22350
2025,10,Oktober,2025-10-01,KOMPAKTKLASSE,BYD,DOLPHIN,14,22416
2025,10,Oktober,2025-10-01,KOMPAKTKLASSE,CITROEN,C4,651,22417
2025,10,Oktober,2025-10-01,KOMPAKTKLASSE,DACIA,LOGAN,1,22418
2025,10,Oktober,2025-10-01,KOMPAKTKLASSE,DACIA,SANDERO,1851,22419
2025,10,Oktober,2025-10-01,KOMPAKTKLASSE,DS,4,30,22420
2025,10,Oktober,2025-10-01,KOMPAKTKLASSE,FIAT,TIPO,4,22422
2025,10,Oktober,2025-10-01,KOMPAKTKLASSE,FORD,FOCUS,1375,22424
2025,10,Oktober,2025-10-01,KOMPAKTKLASSE,HONDA,CIVIC,109,22428
2025,10,Oktober,2025-10-01,KOMPAKTKLASSE,HYUNDAI,I 30,545,22434
2025,10,Oktober,2025-10-01,KOMPAKTKLASSE,KIA,CEED,1612,22438
2025,10,Oktober,2025-10-01,KOMPAKTKLASSE,KIA,EV4,285,22442
2025,10,Oktober,2025-10-01,KOMPAKTKLASSE,MAZDA,3,365,22853
2025,10,Oktober,2025-10-01,KOMPAKTKLASSE,MAZDA,MX-5,89,22856
2025,10,Oktober,2025-10-01,KOMPAKTKLASSE,MERCEDES,A-KLASSE,2454,22859
2025,10,Oktober,2025-10-01,KOMPAKTKLASSE,MG ROEWE,4,402,22862
2025,10,Oktober,2025-10-01,KOMPAKTKLASSE,OPEL,ASTRA,3341,22865
2025,10,Oktober,2025-10-01,KOMPAKTKLASSE,PEUGEOT,308,519,22868
2025,10,Oktober,2025-10-01,KOMPAKTKLASSE,RENAULT,MEGANE,60,22870
2025,10,Oktober,2025-10-01,KOMPAKTKLASSE,SEAT,BORN,1344,22877
2025,10,Oktober,2025-10-01,KOMPAKTKLASSE,SEAT,LEON,3081,22880
2025,10,Oktober,2025-10-01,KOMPAKTKLASSE,SKODA,OCTAVIA,4212,22883
2025,10,Oktober,2025-10-01,KOMPAKTKLASSE,SKODA,SCALA,585,22886
2025,10,Oktober,2025-10-01,KOMPAKTKLASSE,SUBARU,IMPREZA,7,22889
2025,10,Oktober,2025-10-01,KOMPAKTKLASSE,SUZUKI,SWACE,32,22892
2025,10,Oktober,2025-10-01,KOMPAKTKLASSE,TOYOTA,COROLLA,1357,22895
2025,10,Oktober,2025-10-01,KOMPAKTKLASSE,TOYOTA,PRIUS,15,22898
2025,10,Oktober,2025-10-01,KOMPAKTKLASSE,VW,GOLF,7521,22901
2025,10,Oktober,2025-10-01,KOMPAKTKLASSE,VW,ID.3,3074,22904
2025,10,Oktober,2025-10-01,MINI-VANS,KIA,SOUL,3,23565
2025,10,Oktober,2025-10-01,MINI-VANS,MERCEDES,B-KLASSE,1017,23567
2025,10,Oktober,2025-10-01,MINI-VANS,PEUGEOT,3008,1017,23569
2025,10,Oktober,2025-10-01,MINI-VANS,RENAULT,SCENIC,212,23571
2025,10,Oktober,2025-10-01,MINIS,DACIA,SPRING,277,22375
2025,10,Oktober,2025-10-01,MINIS,FIAT,500,959,22376
2025,10,Oktober,2025-10-01,MINIS,FIAT,PANDA,129,22377
2025,10,Oktober,2025-10-01,MINIS,HYUNDAI,I 10,1390,22378
2025,10,Oktober,2025-10-01,MINIS,KIA,PICANTO,670,22379
2025,10,Oktober,2025-10-01,MINIS,LEAPMOTOR,T03,602,22380
2025,10,Oktober,2025-10-01,MINIS,TOYOTA,AYGO,1949,22381
2025,10,Oktober,2025-10-01,MITTELKLASSE,ALFA ROMEO,GIULIA,55,22909
2025,10,Oktober,2025-10-01,MITTELKLASSE,AUDI,A4,12,22911
2025,10,Oktober,2025-10-01,MITTELKLASSE,AUDI,A5,3472,22914
2025,10,Oktober,2025-10-01,MITTELKLASSE,BMW,3ER,2783,22917
2025,10,Oktober,2025-10-01,MITTELKLASSE,BMW,4ER,1722,22920
2025,10,Oktober,2025-10-01,MITTELKLASSE,BYD,SEAL,1372,22923
2025,10,Oktober,2025-10-01,MITTELKLASSE,CITROEN,C5,613,22926
2025,10,Oktober,2025-10-01,MITTELKLASSE,GWM,ORA 07,6,22929
2025,10,Oktober,2025-10-01,MITTELKLASSE,HYUNDAI,IONIQ6,84,22932
2025,10,Oktober,2025-10-01,MITTELKLASSE,MAZDA,6,351,22935
2025,10,Oktober,2025-10-01,MITTELKLASSE,MERCEDES,C-KLASSE,2133,22938
2025,10,Oktober,2025-10-01,MITTELKLASSE,MERCEDES,CLA-KLASSE,2977,22941
2025,10,Oktober,2025-10-01,MITTELKLASSE,NIO,ET5,12,22946
2025,10,Oktober,2025-10-01,MITTELKLASSE,PEUGEOT,408,139,22949
2025,10,Oktober,2025-10-01,MITTELKLASSE,PEUGEOT,508,6,22952
2025,10,Oktober,2025-10-01,MITTELKLASSE,POLESTAR,2,190,22955
2025,10,Oktober,2025-10-01,MITTELKLASSE,SKODA,SUPERB,1941,22958
2025,10,Oktober,2025-10-01,MITTELKLASSE,TESLA,MODEL 3,275,22961
2025,10,Oktober,2025-10-01,MITTELKLASSE,TOGG,T10F,3,22964
2025,10,Oktober,2025-10-01,MITTELKLASSE,VOLVO,60,194,22967
2025,10,Oktober,2025-10-01,MITTELKLASSE,VW,ARTEON,39,22970
2025,10,Oktober,2025-10-01,MITTELKLASSE,VW,PASSAT,3405,22973
2025,10,Oktober,2025-10-01,OBERE MITTELKLASSE,AUDI,A6,2719,22976
2025,10,Oktober,2025-10-01,OBERE MITTELKLASSE,BMW,5ER,3905,22979
2025,10,Oktober,2025-10-01,OBERE MITTELKLASSE,LEXUS,ES,13,22981
2025,10,Oktober,2025-10-01,OBERE MITTELKLASSE,MERCEDES,CLE,631,22983
2025,10,Oktober,2025-10-01,OBERE MITTELKLASSE,MERCEDES,E-KLASSE,2864,22986
2025,10,Oktober,2025-10-01,OBERE MITTELKLASSE,SUBARU,OUTBACK,52,22989
2025,10,Oktober,2025-10-01,OBERE MITTELKLASSE,VOLVO,90,62,22992
2025,10,Oktober,2025-10-01,OBERE MITTELKLASSE,VW,ID.7,3193,22995
2025,10,Oktober,2025-10-01,OBERE MITTELKLASSE,XPENG,P7,10,22998
2025,10,Oktober,2025-10-01,OBERKLASSE,AUDI,A7,62,23001
2025,10,Oktober,2025-10-01,OBERKLASSE,AUDI,A8,87,23004
2025,10,Oktober,2025-10-01,OBERKLASSE,AUDI,E-TRON GT,68,23007
2025,10,Oktober,2025-10-01,OBERKLASSE,BENTLEY,CONTINENTAL,26,23010
2025,10,Oktober,2025-10-01,OBERKLASSE,BMW,7ER,323,23013
2025,10,Oktober,2025-10-01,OBERKLASSE,BMW,8ER,91,23016
2025,10,Oktober,2025-10-01,OBERKLASSE,LEXUS,LS,1,23021
2025,10,Oktober,2025-10-01,OBERKLASSE,LOTUS,EMEYA,2,23025
2025,10,Oktober,2025-10-01,OBERKLASSE,LUCID,AIR,1,23028
2025,10,Oktober,2025-10-01,OBERKLASSE,MERCEDES,S-KLASSE,189,23031
2025,10,Oktober,2025-10-01,OBERKLASSE,PORSCHE,PANAMERA,184,23034
2025,10,Oktober,2025-10-01,OBERKLASSE,PORSCHE,TAYCAN,223,23037
2025,10,Oktober,2025-10-01,OBERKLASSE,ROLLS ROYCE,SPECTRE,3,23040
2025,10,Oktober,2025-10-01,OBERKLASSE,TESLA,MODEL S,5,23043
2025,10,Oktober,2025-10-01,SONSTIGE,ALPINE,SONSTIGE,2,23796
2025,10,Oktober,2025-10-01,SONSTIGE,ASTON MARTIN,SONSTIGE,46,23799
2025,10,Oktober,2025-10-01,SONSTIGE,AUDI,SONSTIGE,39,23802
2025,10,Oktober,2025-10-01,SONSTIGE,BMW,SONSTIGE,85,23805
2025,10,Oktober,2025-10-01,SONSTIGE,DACIA,SONSTIGE,1,23808
2025,10,Oktober,2025-10-01,SONSTIGE,FORD,SONSTIGE,2,23811
2025,10,Oktober,2025-10-01,SONSTIGE,HONDA,SONSTIGE,1,23814
2025,10,Oktober,2025-10-01,SONSTIGE,HYUNDAI,SONSTIGE,6,23816
2025,10,Oktober,2025-10-01,SONSTIGE,KIA,SONSTIGE,8,23819
2025,10,Oktober,2025-10-01,SONSTIGE,LAMBORGHINI,SONSTIGE,6,23822
2025,10,Oktober,2025-10-01,SONSTIGE,LAND ROVER,SONSTIGE,4,23825
2025,10,Oktober,2025-10-01,SONSTIGE,LEAPMOTOR,SONSTIGE,1,23828
2025,10,Oktober,2025-10-01,SONSTIGE,LOTUS,SONSTIGE,1,23831
2025,10,Oktober,2025-10-01,SONSTIGE,MASERATI,SONSTIGE,3,23834
2025,10,Oktober,2025-10-01,SONSTIGE,MAXUS,SONSTIGE,3,23837
2025,10,Oktober,2025-10-01,SONSTIGE,MERCEDES,SONSTIGE,3,23840
2025,10,Oktober,2025-10-01,SONSTIGE,MORGAN,SONSTIGE,3,23843
2025,10,Oktober,2025-10-01,SONSTIGE,NISSAN,SONSTIGE,5,23846
2025,10,Oktober,2025-10-01,SONSTIGE,PORSCHE,SONSTIGE,109,23849
2025,10,Oktober,2025-10-01,SONSTIGE,ROLLS ROYCE,SONSTIGE,23,23851
2025,10,Oktober,2025-10-01,SONSTIGE,SEAT,SONSTIGE,4,23853
2025,10,Oktober,2025-10-01,SONSTIGE,SKODA,SONSTIGE,1,23856
2025,10,Oktober,2025-10-01,SONSTIGE,SONSTIGE,SONSTIGE,810,23859
2025,10,Oktober,2025-10-01,SONSTIGE,SUBARU,SONSTIGE,1,23862
2025,10,Oktober,2025-10-01,SONSTIGE,SUZUKI,SONSTIGE,22,23865
2025,10,Oktober,2025-10-01,SONSTIGE,TOYOTA,SONSTIGE,1,23868
2025,10,Oktober,2025-10-01,SONSTIGE,VW,SONSTIGE,27,23871
2025,10,Oktober,2025-10-01,SPORTWAGEN,ALPINE,A110,19,23518
2025,10,Oktober,2025-10-01,SPORTWAGEN,BMW,Z4,122,23521
2025,10,Oktober,2025-10-01,SPORTWAGEN,FERRARI,12CILINDRI,33,23524
2025,10,Oktober,2025-10-01,SPORTWAGEN,FERRARI,296,27,23526
2025,10,Oktober,2025-10-01,SPORTWAGEN,FERRARI,488,1,23528
2025,10,Oktober,2025-10-01,SPORTWAGEN,FERRARI,ROMA,14,23531
2025,10,Oktober,2025-10-01,SPORTWAGEN,FERRARI,SF90,11,23534
2025,10,Oktober,2025-10-01,SPORTWAGEN,FORD,MUSTANG,61,23537
2025,10,Oktober,2025-10-01,SPORTWAGEN,LOTUS,EMIRA,11,23540
2025,10,Oktober,2025-10-01,SPORTWAGEN,MASERATI,GRANTURISMO,1,23543
2025,10,Oktober,2025-10-01,SPORTWAGEN,MERCEDES,AMG GT,66,23546
2025,10,Oktober,2025-10-01,SPORTWAGEN,MERCEDES,SL,21,23549
2025,10,Oktober,2025-10-01,SPORTWAGEN,MG ROEWE,CYBERSTER,54,23552
2025,10,Oktober,2025-10-01,SPORTWAGEN,PORSCHE,911,703,23555
2025,10,Oktober,2025-10-01,SPORTWAGEN,PORSCHE,CAYMAN,20,23558
2025,10,Oktober,2025-10-01,SPORTWAGEN,SONSTIGE,SONSTIGE,5,23561
2025,10,Oktober,2025-10-01,SPORTWAGEN,TOYOTA,SUPRA,11,23563
2025,10,Oktober,2025-10-01,SUVs,ALFA ROMEO,JUNIOR,349,23046
2025,10,Oktober,2025-10-01,SUVs,ALFA ROMEO,STELVIO,112,23049
2025,10,Oktober,2025-10-01,SUVs,ALFA ROMEO,TONALE,56,23052
2025,10,Oktober,2025-10-01,SUVs,AUDI,Q2,754,23055
2025,10,Oktober,2025-10-01,SUVs,AUDI,Q4,850,23057
2025,10,Oktober,2025-10-01,SUVs,AUDI,Q6,1145,23059
2025,10,Oktober,2025-10-01,SUVs,BMW,IX,395,23062
2025,10,Oktober,2025-10-01,SUVs,BMW,X1,3980,23065
2025,10,Oktober,2025-10-01,SUVs,BMW,X2,622,23068
2025,10,Oktober,2025-10-01,SUVs,BMW,XM,70,23071
2025,10,Oktober,2025-10-01,SUVs,BYD,ATTO 2,48,23074
2025,10,Oktober,2025-10-01,SUVs,BYD,ATTO 3,54,23077
2025,10,Oktober,2025-10-01,SUVs,BYD,SEAL U,1496,23080
2025,10,Oktober,2025-10-01,SUVs,BYD,SEALION 7,78,23083
2025,10,Oktober,2025-10-01,SUVs,BYD,TANG,13,23086
2025,10,Oktober,2025-10-01,SUVs,CADILLAC,VISTIQ,1,23089
2025,10,Oktober,2025-10-01,SUVs,DACIA,BIGSTER,1804,23092
2025,10,Oktober,2025-10-01,SUVs,DACIA,DUSTER,1117,23095
2025,10,Oktober,2025-10-01,SUVs,DEEPAL,S07,1,23097
2025,10,Oktober,2025-10-01,SUVs,DS,7,122,23100
2025,10,Oktober,2025-10-01,SUVs,DS,8,6,23103
2025,10,Oktober,2025-10-01,SUVs,FERRARI,PUROSANGUE,36,23106
2025,10,Oktober,2025-10-01,SUVs,FIAT,600,600,23109
2025,10,Oktober,2025-10-01,SUVs,FISKER,OCEAN,1,23112
2025,10,Oktober,2025-10-01,SUVs,FORD,CAPRI,436,23115
2025,10,Oktober,2025-10-01,SUVs,FORD,EXPLORER,865,23118
2025,10,Oktober,2025-10-01,SUVs,FORD,KUGA,1503,23121
2025,10,Oktober,2025-10-01,SUVs,FORD,MUSTANG MACH-E,67,23124
2025,10,Oktober,2025-10-01,SUVs,GWM,WEY 03,12,23127
2025,10,Oktober,2025-10-01,SUVs,GWM,WEY 05,15,23130
2025,10,Oktober,2025-10-01,SUVs,HONDA,CR-V,98,23133
2025,10,Oktober,2025-10-01,SUVs,HONDA,E:NY1,10,23136
2025,10,Oktober,2025-10-01,SUVs,HONDA,HR-V,125,23138
2025,10,Oktober,2025-10-01,SUVs,HONDA,ZR-V,68,23140
2025,10,Oktober,2025-10-01,SUVs,HYUNDAI,BAYON,334,23143
2025,10,Oktober,2025-10-01,SUVs,HYUNDAI,GV60,17,23146
2025,10,Oktober,2025-10-01,SUVs,HYUNDAI,GV70,15,23149
2025,10,Oktober,2025-10-01,SUVs,HYUNDAI,IONIQ 9,81,23152
2025,10,Oktober,2025-10-01,SUVs,HYUNDAI,IONIQ5,460,23155
2025,10,Oktober,2025-10-01,SUVs,HYUNDAI,KONA,1119,23158
2025,10,Oktober,2025-10-01,SUVs,HYUNDAI,TUCSON,1754,23161
2025,10,Oktober,2025-10-01,SUVs,JEEP,AVENGER,507,23164
2025,10,Oktober,2025-10-01,SUVs,KGM,ACTYON,25,23167
2025,10,Oktober,2025-10-01,SUVs,KGM,KORANDO,40,23170
2025,10,Oktober,2025-10-01,SUVs,KGM,TIVOLI,98,23173
2025,10,Oktober,2025-10-01,SUVs,KGM,TORRES,69,23176
2025,10,Oktober,2025-10-01,SUVs,KIA,EV3,868,23178
2025,10,Oktober,2025-10-01,SUVs,KIA,EV5,1,23180
2025,10,Oktober,2025-10-01,SUVs,KIA,EV6,305,23183
2025,10,Oktober,2025-10-01,SUVs,KIA,EV9,30,23186
2025,10,Oktober,2025-10-01,SUVs,KIA,NIRO,88,23189
2025,10,Oktober,2025-10-01,SUVs,KIA,SPORTAGE,940,23192
2025,10,Oktober,2025-10-01,SUVs,KIA,STONIC,219,23195
2025,10,Oktober,2025-10-01,SUVs,LEAPMOTOR,B10,99,23198
2025,10,Oktober,2025-10-01,SUVs,LEAPMOTOR,C10,240,23201
2025,10,Oktober,2025-10-01,SUVs,LEXUS,LBX,146,23204
2025,10,Oktober,2025-10-01,SUVs,LEXUS,NX,55,23207
2025,10,Oktober,2025-10-01,SUVs,LEXUS,RX,68,23210
2025,10,Oktober,2025-10-01,SUVs,LEXUS,RZ,42,23213
2025,10,Oktober,2025-10-01,SUVs,LEXUS,UX,64,23216
2025,10,Oktober,2025-10-01,SUVs,LOTUS,ELETRE,14,23218
2025,10,Oktober,2025-10-01,SUVs,LYNK & CO,01,12,23220
2025,10,Oktober,2025-10-01,SUVs,LYNK & CO,02,6,23222
2025,10,Oktober,2025-10-01,SUVs,LYNK & CO,08,29,23224
2025,10,Oktober,2025-10-01,SUVs,MASERATI,GRECALE,39,23226
2025,10,Oktober,2025-10-01,SUVs,MAZDA,CX-30,962,23230
2025,10,Oktober,2025-10-01,SUVs,MAZDA,CX-60,783,23233
2025,10,Oktober,2025-10-01,SUVs,MAZDA,CX-80,263,23235
2025,10,Oktober,2025-10-01,SUVs,MAZDA,MX-30,19,23237
2025,10,Oktober,2025-10-01,SUVs,MERCEDES,GLA,2267,23239
2025,10,Oktober,2025-10-01,SUVs,MERCEDES,GLB,1490,23241
2025,10,Oktober,2025-10-01,SUVs,MERCEDES,"GLK, GLC",3497,23243
2025,10,Oktober,2025-10-01,SUVs,MG ROEWE,RX6,733,23245
2025,10,Oktober,2025-10-01,SUVs,MG ROEWE,S5,626,23247
2025,10,Oktober,2025-10-01,SUVs,MG ROEWE,ZS,520,23249
2025,10,Oktober,2025-10-01,SUVs,MITSUBISHI,ASX,322,23251
2025,10,Oktober,2025-10-01,SUVs,MITSUBISHI,OUTLANDER,229,23253
2025,10,Oktober,2025-10-01,SUVs,NIO,EL6,2,23255
2025,10,Oktober,2025-10-01,SUVs,NIO,ES8,2,23257
2025,10,Oktober,2025-10-01,SUVs,NISSAN,ARIYA,91,23258
2025,10,Oktober,2025-10-01,SUVs,NISSAN,QASHQAI,1038,23261
2025,10,Oktober,2025-10-01,SUVs,OPEL,FRONTERA,1285,23264
2025,10,Oktober,2025-10-01,SUVs,OPEL,GRANDLAND X,2389,23267
2025,10,Oktober,2025-10-01,SUVs,OPEL,MOKKA,1850,23270
2025,10,Oktober,2025-10-01,SUVs,PEUGEOT,2008,1248,23273
2025,10,Oktober,2025-10-01,SUVs,POLESTAR,3,26,23276
2025,10,Oktober,2025-10-01,SUVs,POLESTAR,4,346,23279
2025,10,Oktober,2025-10-01,SUVs,RENAULT,ARKANA,314,23282
2025,10,Oktober,2025-10-01,SUVs,RENAULT,AUSTRAL,699,23285
2025,10,Oktober,2025-10-01,SUVs,RENAULT,CAPTUR,487,23288
2025,10,Oktober,2025-10-01,SUVs,RENAULT,RAFALE,315,23291
2025,10,Oktober,2025-10-01,SUVs,RENAULT,SYMBIOZ,418,23294
2025,10,Oktober,2025-10-01,SUVs,SEAT,ARONA,1388,23297
2025,10,Oktober,2025-10-01,SUVs,SEAT,ATECA,1370,23301
2025,10,Oktober,2025-10-01,SUVs,SEAT,FORMENTOR,1366,23303
2025,10,Oktober,2025-10-01,SUVs,SEAT,TAVASCAN,1779,23306
2025,10,Oktober,2025-10-01,SUVs,SEAT,TERRAMAR,1512,23309
2025,10,Oktober,2025-10-01,SUVs,SKODA,ELROQ,3320,23312
2025,10,Oktober,2025-10-01,SUVs,SKODA,ENYAQ,2586,23315
2025,10,Oktober,2025-10-01,SUVs,SKODA,KAMIQ,1988,23318
2025,10,Oktober,2025-10-01,SUVs,SKODA,KAROQ,2601,23321
2025,10,Oktober,2025-10-01,SUVs,SMART,1,113,23324
2025,10,Oktober,2025-10-01,SUVs,SMART,3,114,23327
2025,10,Oktober,2025-10-01,SUVs,SMART,5,257,23330
2025,10,Oktober,2025-10-01,SUVs,SUBARU,CROSSTREK,110,23333
2025,10,Oktober,2025-10-01,SUVs,SUZUKI,ACROSS,11,23339
2025,10,Oktober,2025-10-01,SUVs,SUZUKI,SX4,111,23342
2025,10,Oktober,2025-10-01,SUVs,SUZUKI,VITARA,564,23345
2025,10,Oktober,2025-10-01,SUVs,TESLA,MODEL X,4,23348
2025,10,Oktober,2025-10-01,SUVs,TESLA,MODEL Y,466,23351
2025,10,Oktober,2025-10-01,SUVs,TOGG,T10X,3,23354
2025,10,Oktober,2025-10-01,SUVs,TOYOTA,BZ4,135,23357
2025,10,Oktober,2025-10-01,SUVs,TOYOTA,C-HR,678,23360
2025,10,Oktober,2025-10-01,SUVs,TOYOTA,RAV 4,437,23363
2025,10,Oktober,2025-10-01,SUVs,VINFAST,VF 6,40,23366
2025,10,Oktober,2025-10-01,SUVs,VINFAST,VF 8,5,23369
2025,10,Oktober,2025-10-01,SUVs,VOLVO,C40,23,23372
2025,10,Oktober,2025-10-01,SUVs,VOLVO,EX30,302,23375
2025,10,Oktober,2025-10-01,SUVs,VOLVO,EX90,148,23377
2025,10,Oktober,2025-10-01,SUVs,VW,"ID.4, ID.5",2522,23380
2025,10,Oktober,2025-10-01,SUVs,VW,T-CROSS,2641,23383
2025,10,Oktober,2025-10-01,SUVs,VW,T-ROC,6592,23386
2025,10,Oktober,2025-10-01,SUVs,VW,TAIGO,1441,23389
2025,10,Oktober,2025-10-01,SUVs,VW,TAYRON,2892,23392
2025,10,Oktober,2025-10-01,SUVs,XPENG,G6,206,23395
2025,10,Oktober,2025-10-01,SUVs,XPENG,G9,143,23398
2025,10,Oktober,2025-10-01,UTILITIES,CITROEN,BERLINGO,74,23595
2025,10,Oktober,2025-10-01,UTILITIES,CITROEN,JUMPER,4,23602
2025,10,Oktober,2025-10-01,UTILITIES,CITROEN,JUMPY,421,23605
2025,10,Oktober,2025-10-01,UTILITIES,FIAT,DUCATO,35,23608
2025,10,Oktober,2025-10-01,UTILITIES,FORD,TRANSIT CONNECT,562,23611
2025,10,Oktober,2025-10-01,UTILITIES,FORD,TRANSIT COURIER,149,23614
2025,10,Oktober,2025-10-01,UTILITIES,FORD,TRANSIT CUSTOM,1141,23617
2025,10,Oktober,2025-10-01,UTILITIES,FORD,"TRANSIT, TOURNEO",204,23620
2025,10,Oktober,2025-10-01,UTILITIES,HYUNDAI,STARIA,149,23623
2025,10,Oktober,2025-10-01,UTILITIES,IVECO,DAILY,7,23626
2025,10,Oktober,2025-10-01,UTILITIES,KIA,PV5,1,23629
2025,10,Oktober,2025-10-01,UTILITIES,MAN,TGE,76,23632
2025,10,Oktober,2025-10-01,UTILITIES,MERCEDES,CITAN,488,23634
2025,10,Oktober,2025-10-01,UTILITIES,MERCEDES,SPRINTER,328,23636
2025,10,Oktober,2025-10-01,UTILITIES,MERCEDES,VITO,391,23638
2025,10,Oktober,2025-10-01,UTILITIES,NISSAN,PRIMASTAR,70,23641
2025,10,Oktober,2025-10-01,UTILITIES,NISSAN,TOWNSTAR,228,23644
2025,10,Oktober,2025-10-01,UTILITIES,OPEL,COMBO,33,23647
2025,10,Oktober,2025-10-01,UTILITIES,OPEL,MOVANO,8,23650
2025,10,Oktober,2025-10-01,UTILITIES,OPEL,ZAFIRA LIFE,94,23653
2025,10,Oktober,2025-10-01,UTILITIES,PEUGEOT,BOXER,3,23656
2025,10,Oktober,2025-10-01,UTILITIES,PEUGEOT,EXPERT,203,23659
2025,10,Oktober,2025-10-01,UTILITIES,PEUGEOT,RIFTER,48,23662
2025,10,Oktober,2025-10-01,UTILITIES,RENAULT,KANGOO,308,23665
2025,10,Oktober,2025-10-01,UTILITIES,RENAULT,MASTER,3,23668
2025,10,Oktober,2025-10-01,UTILITIES,RENAULT,TRAFIC,80,23670
2025,10,Oktober,2025-10-01,UTILITIES,TOYOTA,PROACE,295,23672
2025,10,Oktober,2025-10-01,UTILITIES,VW,CADDY,1822,23675
2025,10,Oktober,2025-10-01,UTILITIES,VW,CRAFTER,67,23678
2025,10,Oktober,2025-10-01,UTILITIES,VW,ID. BUZZ,864,23681
2025,10,Oktober,2025-10-01,UTILITIES,VW,TRANSPORTER,2626,23684
2025,10,Oktober,2025-10-01,WOHNMOBILE,CITROEN,JUMPER,437,23687
2025,10,Oktober,2025-10-01,WOHNMOBILE,CITROEN,JUMPY,51,23690
2025,10,Oktober,2025-10-01,WOHNMOBILE,FIAT,DUCATO,1835,23693
2025,10,Oktober,2025-10-01,WOHNMOBILE,FIAT,SCUDO,1,23696
2025,10,Oktober,2025-10-01,WOHNMOBILE,FIAT,SONSTIGE,1,23699
2025,10,Oktober,2025-10-01,WOHNMOBILE,FIAT,ULYSSE,2,23702
2025,10,Oktober,2025-10-01,WOHNMOBILE,FORD,SONSTIGE,17,23705
2025,10,Oktober,2025-10-01,WOHNMOBILE,FORD,TRANSIT CUSTOM,210,23707
2025,10,Oktober,2025-10-01,WOHNMOBILE,FORD,"TRANSIT, TOURNEO",330,23709
2025,10,Oktober,2025-10-01,WOHNMOBILE,IVECO,DAILY,53,23712
2025,10,Oktober,2025-10-01,WOHNMOBILE,IVECO,EUROCARGO,4,23715
2025,10,Oktober,2025-10-01,WOHNMOBILE,IVECO,STRALIS,5,23718
2025,10,Oktober,2025-10-01,WOHNMOBILE,MAN,TGE,21,23721
2025,10,Oktober,2025-10-01,WOHNMOBILE,MAN,TGM,2,23724
2025,10,Oktober,2025-10-01,WOHNMOBILE,MAN,TGS,1,23727
2025,10,Oktober,2025-10-01,WOHNMOBILE,MERCEDES,ACTROS,1,23730
2025,10,Oktober,2025-10-01,WOHNMOBILE,MERCEDES,ATEGO,3,23733
2025,10,Oktober,2025-10-01,WOHNMOBILE,MERCEDES,SONSTIGE,2,23736
2025,10,Oktober,2025-10-01,WOHNMOBILE,MERCEDES,SPRINTER,423,23739
2025,10,Oktober,2025-10-01,WOHNMOBILE,MERCEDES,UNIMOG,1,23742
2025,10,Oktober,2025-10-01,WOHNMOBILE,MERCEDES,V-KLASSE,127,23744
2025,10,Oktober,2025-10-01,WOHNMOBILE,MERCEDES,VITO,7,23747
2025,10,Oktober,2025-10-01,WOHNMOBILE,NISSAN,PRIMASTAR,6,23750
2025,10,Oktober,2025-10-01,WOHNMOBILE,NISSAN,SONSTIGE,1,23753
2025,10,Oktober,2025-10-01,WOHNMOBILE,OPEL,COMBO,1,23756
2025,10,Oktober,2025-10-01,WOHNMOBILE,OPEL,MOVANO,18,23759
2025,10,Oktober,2025-10-01,WOHNMOBILE,OPEL,VIVARO,1,23762
2025,10,Oktober,2025-10-01,WOHNMOBILE,OPEL,ZAFIRA LIFE,2,23765
2025,10,Oktober,2025-10-01,WOHNMOBILE,PEUGEOT,BOXER,117,23768
2025,10,Oktober,2025-10-01,WOHNMOBILE,PEUGEOT,EXPERT,6,23771
2025,10,Oktober,2025-10-01,WOHNMOBILE,PEUGEOT,RIFTER,1,23774
2025,10,Oktober,2025-10-01,WOHNMOBILE,RENAULT,MASTER,14,23777
2025,10,Oktober,2025-10-01,WOHNMOBILE,RENAULT,TRAFIC,19,23779
2025,10,Oktober,2025-10-01,WOHNMOBILE,SONSTIGE,SONSTIGE,25,23781
2025,10,Oktober,2025-10-01,WOHNMOBILE,VOLVO,FE,1,23784
2025,10,Oktober,2025-10-01,WOHNMOBILE,VW,CADDY,13,23787
2025,10,Oktober,2025-10-01,WOHNMOBILE,VW,CRAFTER,96,23790
2025,10,Oktober,2025-10-01,WOHNMOBILE,VW,TRANSPORTER,397,23793
2025,11,November,2025-11-01,GELÄNDEWAGEN,AUDI,Q3,1029,24209
2025,11,November,2025-11-01,GELÄNDEWAGEN,AUDI,Q5,1709,24210
2025,11,November,2025-11-01,GELÄNDEWAGEN,AUDI,Q7,710,24211
2025,11,November,2025-11-01,GELÄNDEWAGEN,AUDI,Q8,910,24212
2025,11,November,2025-11-01,GELÄNDEWAGEN,BENTLEY,BENTAYGA,9,24213
2025,11,November,2025-11-01,GELÄNDEWAGEN,BMW,X3,2507,24214
2025,11,November,2025-11-01,GELÄNDEWAGEN,BMW,X4,265,24215
2025,11,November,2025-11-01,GELÄNDEWAGEN,BMW,X5,1457,24216
2025,11,November,2025-11-01,GELÄNDEWAGEN,BMW,X6,259,24217
2025,11,November,2025-11-01,GELÄNDEWAGEN,BMW,X7,347,24218
2025,11,November,2025-11-01,GELÄNDEWAGEN,CADILLAC,ESCALADE,6,24219
2025,11,November,2025-11-01,GELÄNDEWAGEN,HYUNDAI,SANTA FE,202,24220
2025,11,November,2025-11-01,GELÄNDEWAGEN,INEOS,GRENADIER,17,24221
2025,11,November,2025-11-01,GELÄNDEWAGEN,JEEP,COMPASS,179,24222
2025,11,November,2025-11-01,GELÄNDEWAGEN,JEEP,GRAND CHEROKEE,5,24223
2025,11,November,2025-11-01,GELÄNDEWAGEN,JEEP,RENEGADE,26,24224
2025,11,November,2025-11-01,GELÄNDEWAGEN,JEEP,WRANGLER,70,24225
2025,11,November,2025-11-01,GELÄNDEWAGEN,KGM,REXTON,37,24226
2025,11,November,2025-11-01,GELÄNDEWAGEN,KIA,SORENTO,162,24227
2025,11,November,2025-11-01,GELÄNDEWAGEN,LAMBORGHINI,URUS,54,24228
2025,11,November,2025-11-01,GELÄNDEWAGEN,LAND ROVER,DEFENDER,193,24229
2025,11,November,2025-11-01,GELÄNDEWAGEN,LAND ROVER,DISCOVERY,25,24230
2025,11,November,2025-11-01,GELÄNDEWAGEN,LAND ROVER,DISCOVERY SPORT,51,24231
2025,11,November,2025-11-01,GELÄNDEWAGEN,LAND ROVER,RANGE ROVER,131,24232
2025,11,November,2025-11-01,GELÄNDEWAGEN,LAND ROVER,RANGE ROVER EVOQUE,164,24233
2025,11,November,2025-11-01,GELÄNDEWAGEN,LAND ROVER,RANGE ROVER SPORT,132,24234
2025,11,November,2025-11-01,GELÄNDEWAGEN,LAND ROVER,RANGE ROVER VELAR,68,24235
2025,11,November,2025-11-01,GELÄNDEWAGEN,MERCEDES,G-KLASSE,684,24236
2025,11,November,2025-11-01,GELÄNDEWAGEN,MERCEDES,"GL-KLASSE, GLS",139,24237
2025,11,November,2025-11-01,GELÄNDEWAGEN,MERCEDES,"ML-KLASSE, GLE",937,24238
2025,11,November,2025-11-01,GELÄNDEWAGEN,NISSAN,X-TRAIL,257,24239
2025,11,November,2025-11-01,GELÄNDEWAGEN,PORSCHE,CAYENNE,765,24240
2025,11,November,2025-11-01,GELÄNDEWAGEN,PORSCHE,MACAN,473,24241
2025,11,November,2025-11-01,GELÄNDEWAGEN,SKODA,KODIAQ,2830,24242
2025,11,November,2025-11-01,GELÄNDEWAGEN,SUBARU,FORESTER,82,24243
2025,11,November,2025-11-01,GELÄNDEWAGEN,TOYOTA,LANDCRUISER,7,24244
2025,11,November,2025-11-01,GELÄNDEWAGEN,VOLVO,XC40,1328,24245
2025,11,November,2025-11-01,GELÄNDEWAGEN,VOLVO,XC60,1887,24246
2025,11,November,2025-11-01,GELÄNDEWAGEN,VOLVO,XC90,604,24247
2025,11,November,2025-11-01,GELÄNDEWAGEN,VW,TIGUAN,5334,24248
2025,11,November,2025-11-01,GELÄNDEWAGEN,VW,TOUAREG,488,24249
2025,11,November,2025-11-01,GROSSRAUM-VANS,DACIA,JOGGER,806,24270
2025,11,November,2025-11-01,GROSSRAUM-VANS,FIAT,ULYSSE,141,24271
2025,11,November,2025-11-01,GROSSRAUM-VANS,LEXUS,LM,7,24272
2025,11,November,2025-11-01,GROSSRAUM-VANS,MERCEDES,V-KLASSE,1451,24273
2025,11,November,2025-11-01,GROSSRAUM-VANS,PEUGEOT,5008,564,24274
2025,11,November,2025-11-01,GROSSRAUM-VANS,RENAULT,ESPACE,164,24275
2025,11,November,2025-11-01,GROSSRAUM-VANS,VW,TOURAN,1195,24276
2025,11,November,2025-11-01,KLEINWAGEN,ALPINE,A290,86,23896
2025,11,November,2025-11-01,KLEINWAGEN,AUDI,A1,1210,23899
2025,11,November,2025-11-01,KLEINWAGEN,BYD,DOLPHIN SURF,354,23902
2025,11,November,2025-11-01,KLEINWAGEN,CITROEN,C3,1626,23905
2025,11,November,2025-11-01,KLEINWAGEN,FIAT,GRANDE PANDA,423,23908
2025,11,November,2025-11-01,KLEINWAGEN,FORD,PUMA,1688,23911
2025,11,November,2025-11-01,KLEINWAGEN,HONDA,JAZZ,104,23914
2025,11,November,2025-11-01,KLEINWAGEN,HYUNDAI,I 20,784,23917
2025,11,November,2025-11-01,KLEINWAGEN,HYUNDAI,INSTER,584,23920
2025,11,November,2025-11-01,KLEINWAGEN,MAZDA,2,230,23923
2025,11,November,2025-11-01,KLEINWAGEN,MG ROEWE,3,294,23925
2025,11,November,2025-11-01,KLEINWAGEN,MINI,MINI,3148,23927
2025,11,November,2025-11-01,KLEINWAGEN,MITSUBISHI,COLT,367,23930
2025,11,November,2025-11-01,KLEINWAGEN,NIO,FIREFLY,2,23933
2025,11,November,2025-11-01,KLEINWAGEN,NISSAN,JUKE,342,23936
2025,11,November,2025-11-01,KLEINWAGEN,OPEL,CORSA,3652,23939
2025,11,November,2025-11-01,KLEINWAGEN,PEUGEOT,208,1478,23942
2025,11,November,2025-11-01,KLEINWAGEN,RENAULT,CLIO,764,23945
2025,11,November,2025-11-01,KLEINWAGEN,RENAULT,R4,418,23948
2025,11,November,2025-11-01,KLEINWAGEN,RENAULT,R5,609,23951
2025,11,November,2025-11-01,KLEINWAGEN,SEAT,IBIZA,1509,23954
2025,11,November,2025-11-01,KLEINWAGEN,SKODA,FABIA,2069,23957
2025,11,November,2025-11-01,KLEINWAGEN,SUZUKI,SWIFT,774,23960
2025,11,November,2025-11-01,KLEINWAGEN,TOYOTA,YARIS,2707,23962
2025,11,November,2025-11-01,KLEINWAGEN,VW,POLO,2592,23964
2025,11,November,2025-11-01,KOMPAKTKLASSE,AUDI,A3,3016,23967
2025,11,November,2025-11-01,KOMPAKTKLASSE,BMW,1ER,2524,24001
2025,11,November,2025-11-01,KOMPAKTKLASSE,BMW,2ER,1528,24002
2025,11,November,2025-11-01,KOMPAKTKLASSE,BYD,DOLPHIN,144,24003
2025,11,November,2025-11-01,KOMPAKTKLASSE,CITROEN,C4,1170,24004
2025,11,November,2025-11-01,KOMPAKTKLASSE,DACIA,SANDERO,2084,24005
2025,11,November,2025-11-01,KOMPAKTKLASSE,DS,4,21,24006
2025,11,November,2025-11-01,KOMPAKTKLASSE,FIAT,TIPO,16,24007
2025,11,November,2025-11-01,KOMPAKTKLASSE,FORD,FOCUS,1178,24008
2025,11,November,2025-11-01,KOMPAKTKLASSE,HONDA,CIVIC,40,24009
2025,11,November,2025-11-01,KOMPAKTKLASSE,HYUNDAI,I 30,630,24010
2025,11,November,2025-11-01,KOMPAKTKLASSE,KIA,CEED,1527,24011
2025,11,November,2025-11-01,KOMPAKTKLASSE,KIA,EV4,200,24012
2025,11,November,2025-11-01,KOMPAKTKLASSE,KIA,K4,12,24013
2025,11,November,2025-11-01,KOMPAKTKLASSE,MAZDA,3,629,24014
2025,11,November,2025-11-01,KOMPAKTKLASSE,MAZDA,MX-5,96,24015
2025,11,November,2025-11-01,KOMPAKTKLASSE,MERCEDES,A-KLASSE,1737,24016
2025,11,November,2025-11-01,KOMPAKTKLASSE,MG ROEWE,4,364,24017
2025,11,November,2025-11-01,KOMPAKTKLASSE,OPEL,ASTRA,3142,24018
2025,11,November,2025-11-01,KOMPAKTKLASSE,PEUGEOT,308,531,24019
2025,11,November,2025-11-01,KOMPAKTKLASSE,RENAULT,MEGANE,65,24020
2025,11,November,2025-11-01,KOMPAKTKLASSE,SEAT,BORN,1442,24021
2025,11,November,2025-11-01,KOMPAKTKLASSE,SEAT,LEON,3349,24022
2025,11,November,2025-11-01,KOMPAKTKLASSE,SKODA,OCTAVIA,3876,24023
2025,11,November,2025-11-01,KOMPAKTKLASSE,SKODA,SCALA,442,24024
2025,11,November,2025-11-01,KOMPAKTKLASSE,SUBARU,IMPREZA,10,24025
2025,11,November,2025-11-01,KOMPAKTKLASSE,SUZUKI,SWACE,76,24026
2025,11,November,2025-11-01,KOMPAKTKLASSE,TOYOTA,COROLLA,1344,24027
2025,11,November,2025-11-01,KOMPAKTKLASSE,TOYOTA,PRIUS,6,24028
2025,11,November,2025-11-01,KOMPAKTKLASSE,VW,GOLF,7407,24029
2025,11,November,2025-11-01,KOMPAKTKLASSE,VW,ID.3,3161,24030
2025,11,November,2025-11-01,MINI-VANS,MERCEDES,B-KLASSE,959,24267
2025,11,November,2025-11-01,MINI-VANS,PEUGEOT,3008,1061,24268
2025,11,November,2025-11-01,MINI-VANS,RENAULT,SCENIC,186,24269
2025,11,November,2025-11-01,MINIS,CITROEN,C-ZERO,1,23874
2025,11,November,2025-11-01,MINIS,DACIA,SPRING,511,23877
2025,11,November,2025-11-01,MINIS,FIAT,500,1415,23880
2025,11,November,2025-11-01,MINIS,FIAT,PANDA,274,23883
2025,11,November,2025-11-01,MINIS,HYUNDAI,I 10,1083,23886
2025,11,November,2025-11-01,MINIS,KIA,PICANTO,700,23888
2025,11,November,2025-11-01,MINIS,LEAPMOTOR,T03,681,23890
2025,11,November,2025-11-01,MINIS,TOYOTA,AYGO,2708,23893
2025,11,November,2025-11-01,MITTELKLASSE,ALFA ROMEO,GIULIA,30,24031
2025,11,November,2025-11-01,MITTELKLASSE,AUDI,A4,6,24032
2025,11,November,2025-11-01,MITTELKLASSE,AUDI,A5,3109,24034
2025,11,November,2025-11-01,MITTELKLASSE,BMW,3ER,2903,24035
2025,11,November,2025-11-01,MITTELKLASSE,BMW,4ER,2048,24036
2025,11,November,2025-11-01,MITTELKLASSE,BYD,SEAL,1448,24037
2025,11,November,2025-11-01,MITTELKLASSE,CITROEN,C5,546,24038
2025,11,November,2025-11-01,MITTELKLASSE,GWM,ORA 07,4,24039
2025,11,November,2025-11-01,MITTELKLASSE,HYUNDAI,ELANTRA,1,24040
2025,11,November,2025-11-01,MITTELKLASSE,HYUNDAI,IONIQ6,62,24041
2025,11,November,2025-11-01,MITTELKLASSE,JAGUAR,XE,1,24042
2025,11,November,2025-11-01,MITTELKLASSE,MAZDA,6,412,24043
2025,11,November,2025-11-01,MITTELKLASSE,MERCEDES,C-KLASSE,1908,24044
2025,11,November,2025-11-01,MITTELKLASSE,MERCEDES,CLA-KLASSE,3448,24045
2025,11,November,2025-11-01,MITTELKLASSE,NIO,ET5,3,24046
2025,11,November,2025-11-01,MITTELKLASSE,PEUGEOT,408,78,24047
2025,11,November,2025-11-01,MITTELKLASSE,PEUGEOT,508,3,24048
2025,11,November,2025-11-01,MITTELKLASSE,POLESTAR,2,96,24049
2025,11,November,2025-11-01,MITTELKLASSE,SKODA,SUPERB,1672,24050
2025,11,November,2025-11-01,MITTELKLASSE,TESLA,MODEL 3,1043,24051
2025,11,November,2025-11-01,MITTELKLASSE,TOGG,T10F,5,24052
2025,11,November,2025-11-01,MITTELKLASSE,VOLVO,60,371,24053
2025,11,November,2025-11-01,MITTELKLASSE,VW,PASSAT,3707,24054
2025,11,November,2025-11-01,OBERE MITTELKLASSE,AUDI,A6,3885,24055
2025,11,November,2025-11-01,OBERE MITTELKLASSE,BMW,5ER,3895,24056
2025,11,November,2025-11-01,OBERE MITTELKLASSE,LEXUS,ES,17,24057
2025,11,November,2025-11-01,OBERE MITTELKLASSE,MERCEDES,CLE,672,24058
2025,11,November,2025-11-01,OBERE MITTELKLASSE,MERCEDES,E-KLASSE,3667,24059
2025,11,November,2025-11-01,OBERE MITTELKLASSE,SUBARU,OUTBACK,77,24060
2025,11,November,2025-11-01,OBERE MITTELKLASSE,TOYOTA,MIRAI,2,24061
2025,11,November,2025-11-01,OBERE MITTELKLASSE,VOLVO,90,55,24062
2025,11,November,2025-11-01,OBERE MITTELKLASSE,VW,ID.7,3340,24063
2025,11,November,2025-11-01,OBERE MITTELKLASSE,XPENG,P7,4,24064
2025,11,November,2025-11-01,OBERKLASSE,AUDI,A7,27,24065
2025,11,November,2025-11-01,OBERKLASSE,AUDI,A8,134,24066
2025,11,November,2025-11-01,OBERKLASSE,AUDI,E-TRON GT,81,24067
2025,11,November,2025-11-01,OBERKLASSE,BENTLEY,CONTINENTAL,14,24068
2025,11,November,2025-11-01,OBERKLASSE,BMW,7ER,336,24069
2025,11,November,2025-11-01,OBERKLASSE,BMW,8ER,29,24070
2025,11,November,2025-11-01,OBERKLASSE,LOTUS,EMEYA,3,24071
2025,11,November,2025-11-01,OBERKLASSE,LUCID,AIR,24,24072
2025,11,November,2025-11-01,OBERKLASSE,MERCEDES,S-KLASSE,251,24073
2025,11,November,2025-11-01,OBERKLASSE,PORSCHE,PANAMERA,134,24074
2025,11,November,2025-11-01,OBERKLASSE,PORSCHE,TAYCAN,212,24075
2025,11,November,2025-11-01,OBERKLASSE,ROLLS ROYCE,SPECTRE,2,24076
2025,11,November,2025-11-01,OBERKLASSE,TESLA,MODEL S,40,24077
2025,11,November,2025-11-01,SONSTIGE,ALPINE,SONSTIGE,3,24349
2025,11,November,2025-11-01,SONSTIGE,ASTON MARTIN,SONSTIGE,29,24350
2025,11,November,2025-11-01,SONSTIGE,AUDI,SONSTIGE,48,24351
2025,11,November,2025-11-01,SONSTIGE,BMW,SONSTIGE,81,24352
2025,11,November,2025-11-01,SONSTIGE,BYD,SONSTIGE,44,24353
2025,11,November,2025-11-01,SONSTIGE,DACIA,SONSTIGE,3,24354
2025,11,November,2025-11-01,SONSTIGE,FERRARI,SONSTIGE,3,24355
2025,11,November,2025-11-01,SONSTIGE,FORD,SONSTIGE,2,24356
2025,11,November,2025-11-01,SONSTIGE,HYUNDAI,SONSTIGE,1,24357
2025,11,November,2025-11-01,SONSTIGE,INEOS,SONSTIGE,1,24358
2025,11,November,2025-11-01,SONSTIGE,KIA,SONSTIGE,13,24359
2025,11,November,2025-11-01,SONSTIGE,LAMBORGHINI,SONSTIGE,14,24360
2025,11,November,2025-11-01,SONSTIGE,LAND ROVER,SONSTIGE,1,24361
2025,11,November,2025-11-01,SONSTIGE,LOTUS,SONSTIGE,2,24362
2025,11,November,2025-11-01,SONSTIGE,MASERATI,SONSTIGE,1,24363
2025,11,November,2025-11-01,SONSTIGE,MAXUS,SONSTIGE,1,24364
2025,11,November,2025-11-01,SONSTIGE,MAZDA,SONSTIGE,2,24365
2025,11,November,2025-11-01,SONSTIGE,MERCEDES,SONSTIGE,8,24366
2025,11,November,2025-11-01,SONSTIGE,MG ROEWE,SONSTIGE,1,24367
2025,11,November,2025-11-01,SONSTIGE,MORGAN,SONSTIGE,4,24368
2025,11,November,2025-11-01,SONSTIGE,NISSAN,SONSTIGE,2,24369
2025,11,November,2025-11-01,SONSTIGE,PORSCHE,SONSTIGE,37,24370
2025,11,November,2025-11-01,SONSTIGE,RENAULT,SONSTIGE,1,24371
2025,11,November,2025-11-01,SONSTIGE,ROLLS ROYCE,SONSTIGE,25,24372
2025,11,November,2025-11-01,SONSTIGE,SEAT,SONSTIGE,3,24373
2025,11,November,2025-11-01,SONSTIGE,SKODA,SONSTIGE,4,24374
2025,11,November,2025-11-01,SONSTIGE,SONSTIGE,SONSTIGE,988,24375
2025,11,November,2025-11-01,SONSTIGE,SUZUKI,SONSTIGE,33,24376
2025,11,November,2025-11-01,SONSTIGE,TESLA,SONSTIGE,1,24377
2025,11,November,2025-11-01,SONSTIGE,TOYOTA,SONSTIGE,2,24378
2025,11,November,2025-11-01,SONSTIGE,VW,SONSTIGE,28,24379
2025,11,November,2025-11-01,SPORTWAGEN,ALPINE,A110,17,24250
2025,11,November,2025-11-01,SPORTWAGEN,BMW,Z4,94,24251
2025,11,November,2025-11-01,SPORTWAGEN,FERRARI,12CILINDRI,38,24252
2025,11,November,2025-11-01,SPORTWAGEN,FERRARI,296,12,24253
2025,11,November,2025-11-01,SPORTWAGEN,FERRARI,ROMA,12,24254
2025,11,November,2025-11-01,SPORTWAGEN,FERRARI,SF90,6,24255
2025,11,November,2025-11-01,SPORTWAGEN,FORD,MUSTANG,60,24256
2025,11,November,2025-11-01,SPORTWAGEN,LOTUS,EMIRA,3,24257
2025,11,November,2025-11-01,SPORTWAGEN,MASERATI,GRANTURISMO,3,24258
2025,11,November,2025-11-01,SPORTWAGEN,MERCEDES,AMG GT,33,24259
2025,11,November,2025-11-01,SPORTWAGEN,MERCEDES,SL,20,24260
2025,11,November,2025-11-01,SPORTWAGEN,MG ROEWE,CYBERSTER,32,24261
2025,11,November,2025-11-01,SPORTWAGEN,PORSCHE,911,551,24262
2025,11,November,2025-11-01,SPORTWAGEN,PORSCHE,CAYMAN,19,24263
2025,11,November,2025-11-01,SPORTWAGEN,SONSTIGE,SONSTIGE,3,24264
2025,11,November,2025-11-01,SPORTWAGEN,SUBARU,BRZ,1,24265
2025,11,November,2025-11-01,SPORTWAGEN,TOYOTA,SUPRA,5,24266
2025,11,November,2025-11-01,SUVs,ALFA ROMEO,JUNIOR,262,24078
2025,11,November,2025-11-01,SUVs,ALFA ROMEO,STELVIO,106,24079
2025,11,November,2025-11-01,SUVs,ALFA ROMEO,TONALE,73,24080
2025,11,November,2025-11-01,SUVs,ALPINE,A390,1,24081
2025,11,November,2025-11-01,SUVs,AUDI,Q2,724,24082
2025,11,November,2025-11-01,SUVs,AUDI,Q4,958,24083
2025,11,November,2025-11-01,SUVs,AUDI,Q6,1546,24084
2025,11,November,2025-11-01,SUVs,BMW,IX,593,24085
2025,11,November,2025-11-01,SUVs,BMW,X1,4743,24086
2025,11,November,2025-11-01,SUVs,BMW,X2,714,24087
2025,11,November,2025-11-01,SUVs,BMW,XM,50,24088
2025,11,November,2025-11-01,SUVs,BYD,ATTO 2,106,24089
2025,11,November,2025-11-01,SUVs,BYD,ATTO 3,40,24090
2025,11,November,2025-11-01,SUVs,BYD,SEAL U,1583,24091
2025,11,November,2025-11-01,SUVs,BYD,SEALION 7,290,24092
2025,11,November,2025-11-01,SUVs,BYD,TANG,17,24093
2025,11,November,2025-11-01,SUVs,CADILLAC,OPTIQ,1,24094
2025,11,November,2025-11-01,SUVs,CADILLAC,VISTIQ,1,24095
2025,11,November,2025-11-01,SUVs,DACIA,BIGSTER,2066,24096
2025,11,November,2025-11-01,SUVs,DACIA,DUSTER,779,24097
2025,11,November,2025-11-01,SUVs,DEEPAL,S05,1,24098
2025,11,November,2025-11-01,SUVs,DS,7,161,24099
2025,11,November,2025-11-01,SUVs,DS,8,2,24100
2025,11,November,2025-11-01,SUVs,FERRARI,PUROSANGUE,26,24101
2025,11,November,2025-11-01,SUVs,FIAT,600,512,24102
2025,11,November,2025-11-01,SUVs,FORD,CAPRI,712,24103
2025,11,November,2025-11-01,SUVs,FORD,EXPLORER,1165,24104
2025,11,November,2025-11-01,SUVs,FORD,KUGA,1664,24105
2025,11,November,2025-11-01,SUVs,FORD,MUSTANG MACH-E,88,24106
2025,11,November,2025-11-01,SUVs,GWM,WEY 03,19,24107
2025,11,November,2025-11-01,SUVs,GWM,WEY 05,19,24108
2025,11,November,2025-11-01,SUVs,HONDA,CR-V,75,24109
2025,11,November,2025-11-01,SUVs,HONDA,E:NY1,5,24110
2025,11,November,2025-11-01,SUVs,HONDA,HR-V,154,24111
2025,11,November,2025-11-01,SUVs,HONDA,ZR-V,53,24112
2025,11,November,2025-11-01,SUVs,HYUNDAI,BAYON,397,24113
2025,11,November,2025-11-01,SUVs,HYUNDAI,GV60,15,24114
2025,11,November,2025-11-01,SUVs,HYUNDAI,GV70,5,24115
2025,11,November,2025-11-01,SUVs,HYUNDAI,IONIQ 9,79,24116
2025,11,November,2025-11-01,SUVs,HYUNDAI,IONIQ5,361,24117
2025,11,November,2025-11-01,SUVs,HYUNDAI,KONA,1144,24118
2025,11,November,2025-11-01,SUVs,HYUNDAI,TUCSON,2086,24119
2025,11,November,2025-11-01,SUVs,JEEP,AVENGER,468,24120
2025,11,November,2025-11-01,SUVs,KGM,ACTYON,34,24121
2025,11,November,2025-11-01,SUVs,KGM,KORANDO,22,24122
2025,11,November,2025-11-01,SUVs,KGM,TIVOLI,64,24123
2025,11,November,2025-11-01,SUVs,KGM,TORRES,41,24124
2025,11,November,2025-11-01,SUVs,KIA,EV3,877,24125
2025,11,November,2025-11-01,SUVs,KIA,EV5,2,24126
2025,11,November,2025-11-01,SUVs,KIA,EV6,263,24127
2025,11,November,2025-11-01,SUVs,KIA,EV9,119,24128
2025,11,November,2025-11-01,SUVs,KIA,NIRO,72,24129
2025,11,November,2025-11-01,SUVs,KIA,SPORTAGE,828,24130
2025,11,November,2025-11-01,SUVs,KIA,STONIC,216,24131
2025,11,November,2025-11-01,SUVs,LADA,NIVA,1,24132
2025,11,November,2025-11-01,SUVs,LEAPMOTOR,B10,137,24133
2025,11,November,2025-11-01,SUVs,LEAPMOTOR,C10,228,24134
2025,11,November,2025-11-01,SUVs,LEXUS,LBX,139,24135
2025,11,November,2025-11-01,SUVs,LEXUS,NX,109,24136
2025,11,November,2025-11-01,SUVs,LEXUS,RX,76,24137
2025,11,November,2025-11-01,SUVs,LEXUS,RZ,24,24138
2025,11,November,2025-11-01,SUVs,LEXUS,UX,38,24139
2025,11,November,2025-11-01,SUVs,LOTUS,ELETRE,9,24140
2025,11,November,2025-11-01,SUVs,LUCID,GRAVITY,5,24141
2025,11,November,2025-11-01,SUVs,LYNK & CO,01,6,24142
2025,11,November,2025-11-01,SUVs,LYNK & CO,02,3,24143
2025,11,November,2025-11-01,SUVs,LYNK & CO,08,20,24144
2025,11,November,2025-11-01,SUVs,MASERATI,GRECALE,36,24145
2025,11,November,2025-11-01,SUVs,MAZDA,CX-30,1280,24146
2025,11,November,2025-11-01,SUVs,MAZDA,CX-60,735,24147
2025,11,November,2025-11-01,SUVs,MAZDA,CX-80,269,24148
2025,11,November,2025-11-01,SUVs,MAZDA,MX-30,16,24149
2025,11,November,2025-11-01,SUVs,MERCEDES,GLA,2072,24150
2025,11,November,2025-11-01,SUVs,MERCEDES,GLB,1266,24151
2025,11,November,2025-11-01,SUVs,MERCEDES,"GLK, GLC",3709,24152
2025,11,November,2025-11-01,SUVs,MG ROEWE,RX6,521,24153
2025,11,November,2025-11-01,SUVs,MG ROEWE,S5,884,24154
2025,11,November,2025-11-01,SUVs,MG ROEWE,ZS,482,24155
2025,11,November,2025-11-01,SUVs,MITSUBISHI,ASX,411,24156
2025,11,November,2025-11-01,SUVs,MITSUBISHI,GRANDIS,28,24157
2025,11,November,2025-11-01,SUVs,MITSUBISHI,OUTLANDER,241,24158
2025,11,November,2025-11-01,SUVs,NIO,EL6,1,24159
2025,11,November,2025-11-01,SUVs,NIO,ES8,3,24160
2025,11,November,2025-11-01,SUVs,NISSAN,ARIYA,33,24161
2025,11,November,2025-11-01,SUVs,NISSAN,QASHQAI,974,24162
2025,11,November,2025-11-01,SUVs,OMODA,9,2,24163
2025,11,November,2025-11-01,SUVs,OPEL,FRONTERA,1500,24164
2025,11,November,2025-11-01,SUVs,OPEL,GRANDLAND X,1919,24165
2025,11,November,2025-11-01,SUVs,OPEL,MOKKA,961,24166
2025,11,November,2025-11-01,SUVs,PEUGEOT,2008,1292,24167
2025,11,November,2025-11-01,SUVs,POLESTAR,3,41,24168
2025,11,November,2025-11-01,SUVs,POLESTAR,4,256,24169
2025,11,November,2025-11-01,SUVs,RENAULT,ARKANA,196,24170
2025,11,November,2025-11-01,SUVs,RENAULT,AUSTRAL,904,24171
2025,11,November,2025-11-01,SUVs,RENAULT,CAPTUR,551,24172
2025,11,November,2025-11-01,SUVs,RENAULT,RAFALE,252,24173
2025,11,November,2025-11-01,SUVs,RENAULT,SYMBIOZ,350,24174
2025,11,November,2025-11-01,SUVs,SEAT,ARONA,1545,24175
2025,11,November,2025-11-01,SUVs,SEAT,ATECA,1002,24176
2025,11,November,2025-11-01,SUVs,SEAT,FORMENTOR,1614,24177
2025,11,November,2025-11-01,SUVs,SEAT,TAVASCAN,1592,24178
2025,11,November,2025-11-01,SUVs,SEAT,TERRAMAR,1357,24179
2025,11,November,2025-11-01,SUVs,SKODA,ELROQ,3140,24180
2025,11,November,2025-11-01,SUVs,SKODA,ENYAQ,2313,24181
2025,11,November,2025-11-01,SUVs,SKODA,KAMIQ,1815,24182
2025,11,November,2025-11-01,SUVs,SKODA,KAROQ,2416,24183
2025,11,November,2025-11-01,SUVs,SMART,1,123,24184
2025,11,November,2025-11-01,SUVs,SMART,3,81,24185
2025,11,November,2025-11-01,SUVs,SMART,5,183,24186
2025,11,November,2025-11-01,SUVs,SUBARU,CROSSTREK,106,24187
2025,11,November,2025-11-01,SUVs,SUZUKI,ACROSS,5,24188
2025,11,November,2025-11-01,SUVs,SUZUKI,SX4,101,24189
2025,11,November,2025-11-01,SUVs,SUZUKI,VITARA,394,24190
2025,11,November,2025-11-01,SUVs,TESLA,MODEL X,17,24191
2025,11,November,2025-11-01,SUVs,TESLA,MODEL Y,662,24192
2025,11,November,2025-11-01,SUVs,TOGG,T10X,17,24193
2025,11,November,2025-11-01,SUVs,TOYOTA,BZ4,95,24194
2025,11,November,2025-11-01,SUVs,TOYOTA,C-HR,896,24195
2025,11,November,2025-11-01,SUVs,TOYOTA,RAV 4,461,24196
2025,11,November,2025-11-01,SUVs,VINFAST,VF 6,65,24197
2025,11,November,2025-11-01,SUVs,VINFAST,VF 8,14,24198
2025,11,November,2025-11-01,SUVs,VOLVO,C40,36,24199
2025,11,November,2025-11-01,SUVs,VOLVO,EX30,240,24200
2025,11,November,2025-11-01,SUVs,VOLVO,EX90,128,24201
2025,11,November,2025-11-01,SUVs,VW,"ID.4, ID.5",1662,24202
2025,11,November,2025-11-01,SUVs,VW,T-CROSS,2945,24203
2025,11,November,2025-11-01,SUVs,VW,T-ROC,5679,24204
2025,11,November,2025-11-01,SUVs,VW,TAIGO,1669,24205
2025,11,November,2025-11-01,SUVs,VW,TAYRON,3278,24206
2025,11,November,2025-11-01,SUVs,XPENG,G6,204,24207
2025,11,November,2025-11-01,SUVs,XPENG,G9,143,24208
2025,11,November,2025-11-01,UTILITIES,CITROEN,BERLINGO,57,24277
2025,11,November,2025-11-01,UTILITIES,CITROEN,JUMPER,16,24278
2025,11,November,2025-11-01,UTILITIES,CITROEN,JUMPY,255,24279
2025,11,November,2025-11-01,UTILITIES,FIAT,DOBLO,1,24280
2025,11,November,2025-11-01,UTILITIES,FIAT,DUCATO,28,24281
2025,11,November,2025-11-01,UTILITIES,FORD,TRANSIT CONNECT,440,24282
2025,11,November,2025-11-01,UTILITIES,FORD,TRANSIT COURIER,233,24283
2025,11,November,2025-11-01,UTILITIES,FORD,TRANSIT CUSTOM,1067,24284
2025,11,November,2025-11-01,UTILITIES,FORD,"TRANSIT, TOURNEO",174,24285
2025,11,November,2025-11-01,UTILITIES,HYUNDAI,STARIA,130,24286
2025,11,November,2025-11-01,UTILITIES,IVECO,DAILY,1,24287
2025,11,November,2025-11-01,UTILITIES,KIA,PV5,20,24288
2025,11,November,2025-11-01,UTILITIES,MAN,TGE,92,24289
2025,11,November,2025-11-01,UTILITIES,MERCEDES,CITAN,558,24290
2025,11,November,2025-11-01,UTILITIES,MERCEDES,SPRINTER,289,24291
2025,11,November,2025-11-01,UTILITIES,MERCEDES,VITO,521,24292
2025,11,November,2025-11-01,UTILITIES,NISSAN,PRIMASTAR,140,24293
2025,11,November,2025-11-01,UTILITIES,NISSAN,TOWNSTAR,231,24294
2025,11,November,2025-11-01,UTILITIES,OPEL,COMBO,78,24295
2025,11,November,2025-11-01,UTILITIES,OPEL,MOVANO,4,24296
2025,11,November,2025-11-01,UTILITIES,OPEL,ZAFIRA LIFE,119,24297
2025,11,November,2025-11-01,UTILITIES,PEUGEOT,BOXER,2,24298
2025,11,November,2025-11-01,UTILITIES,PEUGEOT,EXPERT,187,24299
2025,11,November,2025-11-01,UTILITIES,PEUGEOT,RIFTER,48,24300
2025,11,November,2025-11-01,UTILITIES,RENAULT,KANGOO,254,24301
2025,11,November,2025-11-01,UTILITIES,RENAULT,MASTER,4,24302
2025,11,November,2025-11-01,UTILITIES,RENAULT,TRAFIC,101,24303
2025,11,November,2025-11-01,UTILITIES,TOYOTA,PROACE,215,24304
2025,11,November,2025-11-01,UTILITIES,VW,CADDY,1584,24305
2025,11,November,2025-11-01,UTILITIES,VW,CRAFTER,98,24306
2025,11,November,2025-11-01,UTILITIES,VW,ID. BUZZ,670,24307
2025,11,November,2025-11-01,UTILITIES,VW,TRANSPORTER,2507,24308
2025,11,November,2025-11-01,WOHNMOBILE,CITROEN,JUMPER,609,24309
2025,11,November,2025-11-01,WOHNMOBILE,CITROEN,JUMPY,62,24310
2025,11,November,2025-11-01,WOHNMOBILE,CITROEN,SONSTIGE,1,24311
2025,11,November,2025-11-01,WOHNMOBILE,FIAT,DOBLO,1,24312
2025,11,November,2025-11-01,WOHNMOBILE,FIAT,DUCATO,1514,24313
2025,11,November,2025-11-01,WOHNMOBILE,FIAT,ULYSSE,1,24314
2025,11,November,2025-11-01,WOHNMOBILE,FORD,SONSTIGE,17,24315
2025,11,November,2025-11-01,WOHNMOBILE,FORD,TRANSIT CONNECT,1,24316
2025,11,November,2025-11-01,WOHNMOBILE,FORD,TRANSIT CUSTOM,235,24317
2025,11,November,2025-11-01,WOHNMOBILE,FORD,"TRANSIT, TOURNEO",287,24318
2025,11,November,2025-11-01,WOHNMOBILE,IVECO,DAILY,38,24319
2025,11,November,2025-11-01,WOHNMOBILE,IVECO,EUROCARGO,1,24320
2025,11,November,2025-11-01,WOHNMOBILE,IVECO,STRALIS,6,24321
2025,11,November,2025-11-01,WOHNMOBILE,MAN,TGE,17,24322
2025,11,November,2025-11-01,WOHNMOBILE,MAN,TGL,2,24323
2025,11,November,2025-11-01,WOHNMOBILE,MAN,TGM,3,24324
2025,11,November,2025-11-01,WOHNMOBILE,MAN,TGS,2,24325
2025,11,November,2025-11-01,WOHNMOBILE,MERCEDES,ACTROS,3,24326
2025,11,November,2025-11-01,WOHNMOBILE,MERCEDES,AROCS,1,24327
2025,11,November,2025-11-01,WOHNMOBILE,MERCEDES,ATEGO,2,24328
2025,11,November,2025-11-01,WOHNMOBILE,MERCEDES,SPRINTER,374,24329
2025,11,November,2025-11-01,WOHNMOBILE,MERCEDES,V-KLASSE,115,24330
2025,11,November,2025-11-01,WOHNMOBILE,MERCEDES,VITO,3,24331
2025,11,November,2025-11-01,WOHNMOBILE,MITSUBISHI,SONSTIGE,1,24332
2025,11,November,2025-11-01,WOHNMOBILE,NISSAN,PRIMASTAR,4,24333
2025,11,November,2025-11-01,WOHNMOBILE,NISSAN,SONSTIGE,1,24334
2025,11,November,2025-11-01,WOHNMOBILE,OPEL,COMBO,1,24335
2025,11,November,2025-11-01,WOHNMOBILE,OPEL,MOVANO,14,24336
2025,11,November,2025-11-01,WOHNMOBILE,OPEL,ZAFIRA LIFE,8,24337
2025,11,November,2025-11-01,WOHNMOBILE,PEUGEOT,BOXER,130,24338
2025,11,November,2025-11-01,WOHNMOBILE,PEUGEOT,EXPERT,11,24339
2025,11,November,2025-11-01,WOHNMOBILE,PEUGEOT,RIFTER,2,24340
2025,11,November,2025-11-01,WOHNMOBILE,RENAULT,MASTER,19,24341
2025,11,November,2025-11-01,WOHNMOBILE,RENAULT,TRAFIC,20,24342
2025,11,November,2025-11-01,WOHNMOBILE,SONSTIGE,SONSTIGE,22,24343
2025,11,November,2025-11-01,WOHNMOBILE,TOYOTA,HILUX,1,24344
2025,11,November,2025-11-01,WOHNMOBILE,VOLVO,FH,1,24345
2025,11,November,2025-11-01,WOHNMOBILE,VW,CADDY,7,24346
2025,11,November,2025-11-01,WOHNMOBILE,VW,CRAFTER,166,24347
2025,11,November,2025-11-01,WOHNMOBILE,VW,TRANSPORTER,337,24348
2025,12,Dezember,2025-12-01,GELÄNDEWAGEN,AUDI,Q3,1282,24662
2025,12,Dezember,2025-12-01,GELÄNDEWAGEN,AUDI,Q5,2046,24663
2025,12,Dezember,2025-12-01,GELÄNDEWAGEN,AUDI,Q7,689,24664
2025,12,Dezember,2025-12-01,GELÄNDEWAGEN,AUDI,Q8,1317,24665
2025,12,Dezember,2025-12-01,GELÄNDEWAGEN,BENTLEY,BENTAYGA,22,24666
2025,12,Dezember,2025-12-01,GELÄNDEWAGEN,BMW,X3,2288,24667
2025,12,Dezember,2025-12-01,GELÄNDEWAGEN,BMW,X4,210,24668
2025,12,Dezember,2025-12-01,GELÄNDEWAGEN,BMW,X5,1298,24669
2025,12,Dezember,2025-12-01,GELÄNDEWAGEN,BMW,X6,195,24670
2025,12,Dezember,2025-12-01,GELÄNDEWAGEN,BMW,X7,274,24671
2025,12,Dezember,2025-12-01,GELÄNDEWAGEN,CADILLAC,ESCALADE,5,24672
2025,12,Dezember,2025-12-01,GELÄNDEWAGEN,HYUNDAI,SANTA FE,143,24673
2025,12,Dezember,2025-12-01,GELÄNDEWAGEN,INEOS,GRENADIER,28,24674
2025,12,Dezember,2025-12-01,GELÄNDEWAGEN,JEEP,COMPASS,122,24675
2025,12,Dezember,2025-12-01,GELÄNDEWAGEN,JEEP,GRAND CHEROKEE,4,24676
2025,12,Dezember,2025-12-01,GELÄNDEWAGEN,JEEP,RENEGADE,44,24677
2025,12,Dezember,2025-12-01,GELÄNDEWAGEN,JEEP,WRANGLER,67,24678
2025,12,Dezember,2025-12-01,GELÄNDEWAGEN,KGM,REXTON,46,24679
2025,12,Dezember,2025-12-01,GELÄNDEWAGEN,KIA,SORENTO,158,24680
2025,12,Dezember,2025-12-01,GELÄNDEWAGEN,LAMBORGHINI,URUS,43,24681
2025,12,Dezember,2025-12-01,GELÄNDEWAGEN,LAND ROVER,DEFENDER,365,24682
2025,12,Dezember,2025-12-01,GELÄNDEWAGEN,LAND ROVER,DISCOVERY,23,24683
2025,12,Dezember,2025-12-01,GELÄNDEWAGEN,LAND ROVER,DISCOVERY SPORT,75,24684
2025,12,Dezember,2025-12-01,GELÄNDEWAGEN,LAND ROVER,RANGE ROVER,238,24685
2025,12,Dezember,2025-12-01,GELÄNDEWAGEN,LAND ROVER,RANGE ROVER EVOQUE,268,24686
2025,12,Dezember,2025-12-01,GELÄNDEWAGEN,LAND ROVER,RANGE ROVER SPORT,209,24687
2025,12,Dezember,2025-12-01,GELÄNDEWAGEN,LAND ROVER,RANGE ROVER VELAR,123,24688
2025,12,Dezember,2025-12-01,GELÄNDEWAGEN,MERCEDES,G-KLASSE,486,24689
2025,12,Dezember,2025-12-01,GELÄNDEWAGEN,MERCEDES,"GL-KLASSE, GLS",108,24690
2025,12,Dezember,2025-12-01,GELÄNDEWAGEN,MERCEDES,"ML-KLASSE, GLE",939,24691
2025,12,Dezember,2025-12-01,GELÄNDEWAGEN,NISSAN,X-TRAIL,311,24692
2025,12,Dezember,2025-12-01,GELÄNDEWAGEN,PORSCHE,CAYENNE,505,24693
2025,12,Dezember,2025-12-01,GELÄNDEWAGEN,PORSCHE,MACAN,432,24694
2025,12,Dezember,2025-12-01,GELÄNDEWAGEN,SKODA,KODIAQ,2462,24695
2025,12,Dezember,2025-12-01,GELÄNDEWAGEN,SUBARU,FORESTER,78,24696
2025,12,Dezember,2025-12-01,GELÄNDEWAGEN,SUZUKI,JIMNY,3,24697
2025,12,Dezember,2025-12-01,GELÄNDEWAGEN,TOYOTA,LANDCRUISER,70,24698
2025,12,Dezember,2025-12-01,GELÄNDEWAGEN,VOLVO,XC40,1107,24699
2025,12,Dezember,2025-12-01,GELÄNDEWAGEN,VOLVO,XC60,2533,24700
2025,12,Dezember,2025-12-01,GELÄNDEWAGEN,VOLVO,XC90,845,24701
2025,12,Dezember,2025-12-01,GELÄNDEWAGEN,VW,TIGUAN,4763,24702
2025,12,Dezember,2025-12-01,GELÄNDEWAGEN,VW,TOUAREG,435,24703
2025,12,Dezember,2025-12-01,GROSSRAUM-VANS,DACIA,JOGGER,1314,24724
2025,12,Dezember,2025-12-01,GROSSRAUM-VANS,FIAT,ULYSSE,178,24725
2025,12,Dezember,2025-12-01,GROSSRAUM-VANS,LEXUS,LM,2,24726
2025,12,Dezember,2025-12-01,GROSSRAUM-VANS,MERCEDES,V-KLASSE,1678,24727
2025,12,Dezember,2025-12-01,GROSSRAUM-VANS,PEUGEOT,5008,384,24728
2025,12,Dezember,2025-12-01,GROSSRAUM-VANS,RENAULT,ESPACE,189,24729
2025,12,Dezember,2025-12-01,GROSSRAUM-VANS,VW,TOURAN,1289,24730
2025,12,Dezember,2025-12-01,KLEINWAGEN,ALPINE,A290,102,24388
2025,12,Dezember,2025-12-01,KLEINWAGEN,AUDI,A1,1422,24389
2025,12,Dezember,2025-12-01,KLEINWAGEN,BYD,DOLPHIN SURF,715,24390
2025,12,Dezember,2025-12-01,KLEINWAGEN,CITROEN,C3,1576,24391
2025,12,Dezember,2025-12-01,KLEINWAGEN,DS,3,5,24392
2025,12,Dezember,2025-12-01,KLEINWAGEN,FIAT,GRANDE PANDA,474,24393
2025,12,Dezember,2025-12-01,KLEINWAGEN,FORD,PUMA,1355,24394
2025,12,Dezember,2025-12-01,KLEINWAGEN,HONDA,JAZZ,78,24395
2025,12,Dezember,2025-12-01,KLEINWAGEN,HYUNDAI,I 20,780,24396
2025,12,Dezember,2025-12-01,KLEINWAGEN,HYUNDAI,INSTER,305,24397
2025,12,Dezember,2025-12-01,KLEINWAGEN,MAZDA,2,339,24398
2025,12,Dezember,2025-12-01,KLEINWAGEN,MG ROEWE,3,1074,24399
2025,12,Dezember,2025-12-01,KLEINWAGEN,MINI,MINI,2904,24400
2025,12,Dezember,2025-12-01,KLEINWAGEN,MITSUBISHI,COLT,2066,24401
2025,12,Dezember,2025-12-01,KLEINWAGEN,MITSUBISHI,"MIRAGE, SPACE STAR",1,24416
2025,12,Dezember,2025-12-01,KLEINWAGEN,NISSAN,JUKE,326,24420
2025,12,Dezember,2025-12-01,KLEINWAGEN,OPEL,CORSA,4100,24424
2025,12,Dezember,2025-12-01,KLEINWAGEN,PEUGEOT,208,773,24428
2025,12,Dezember,2025-12-01,KLEINWAGEN,RENAULT,CLIO,1597,24432
2025,12,Dezember,2025-12-01,KLEINWAGEN,RENAULT,R4,317,24436
2025,12,Dezember,2025-12-01,KLEINWAGEN,RENAULT,R5,515,24440
2025,12,Dezember,2025-12-01,KLEINWAGEN,SEAT,IBIZA,1394,24444
2025,12,Dezember,2025-12-01,KLEINWAGEN,SKODA,FABIA,1847,24445
2025,12,Dezember,2025-12-01,KLEINWAGEN,SUZUKI,SWIFT,897,24446
2025,12,Dezember,2025-12-01,KLEINWAGEN,TOYOTA,YARIS,3645,24447
2025,12,Dezember,2025-12-01,KLEINWAGEN,VW,POLO,2690,24448
2025,12,Dezember,2025-12-01,KOMPAKTKLASSE,AUDI,A3,3805,24449
2025,12,Dezember,2025-12-01,KOMPAKTKLASSE,BMW,1ER,2665,24450
2025,12,Dezember,2025-12-01,KOMPAKTKLASSE,BMW,2ER,1637,24451
2025,12,Dezember,2025-12-01,KOMPAKTKLASSE,BYD,DOLPHIN,229,24452
2025,12,Dezember,2025-12-01,KOMPAKTKLASSE,CITROEN,C4,604,24453
2025,12,Dezember,2025-12-01,KOMPAKTKLASSE,DACIA,SANDERO,2435,24454
2025,12,Dezember,2025-12-01,KOMPAKTKLASSE,DS,4,24,24455
2025,12,Dezember,2025-12-01,KOMPAKTKLASSE,FIAT,TIPO,44,24456
2025,12,Dezember,2025-12-01,KOMPAKTKLASSE,FORD,FOCUS,764,24457
2025,12,Dezember,2025-12-01,KOMPAKTKLASSE,HONDA,CIVIC,84,24458
2025,12,Dezember,2025-12-01,KOMPAKTKLASSE,HYUNDAI,I 30,574,24459
2025,12,Dezember,2025-12-01,KOMPAKTKLASSE,KIA,CEED,1127,24460
2025,12,Dezember,2025-12-01,KOMPAKTKLASSE,KIA,EV4,85,24461
2025,12,Dezember,2025-12-01,KOMPAKTKLASSE,KIA,K4,104,24462
2025,12,Dezember,2025-12-01,KOMPAKTKLASSE,MAZDA,3,929,24463
2025,12,Dezember,2025-12-01,KOMPAKTKLASSE,MAZDA,MX-5,100,24464
2025,12,Dezember,2025-12-01,KOMPAKTKLASSE,MERCEDES,A-KLASSE,1285,24465
2025,12,Dezember,2025-12-01,KOMPAKTKLASSE,MG ROEWE,4,89,24466
2025,12,Dezember,2025-12-01,KOMPAKTKLASSE,OPEL,ASTRA,2429,24467
2025,12,Dezember,2025-12-01,KOMPAKTKLASSE,PEUGEOT,308,368,24468
2025,12,Dezember,2025-12-01,KOMPAKTKLASSE,RENAULT,MEGANE,49,24469
2025,12,Dezember,2025-12-01,KOMPAKTKLASSE,SEAT,BORN,1202,24470
2025,12,Dezember,2025-12-01,KOMPAKTKLASSE,SEAT,LEON,2956,24471
2025,12,Dezember,2025-12-01,KOMPAKTKLASSE,SKODA,OCTAVIA,3585,24472
2025,12,Dezember,2025-12-01,KOMPAKTKLASSE,SKODA,SCALA,455,24473
2025,12,Dezember,2025-12-01,KOMPAKTKLASSE,SUBARU,IMPREZA,6,24474
2025,12,Dezember,2025-12-01,KOMPAKTKLASSE,SUZUKI,SWACE,97,24475
2025,12,Dezember,2025-12-01,KOMPAKTKLASSE,TOYOTA,COROLLA,1230,24476
2025,12,Dezember,2025-12-01,KOMPAKTKLASSE,TOYOTA,PRIUS,26,24477
2025,12,Dezember,2025-12-01,KOMPAKTKLASSE,VW,GOLF,7244,24478
2025,12,Dezember,2025-12-01,KOMPAKTKLASSE,VW,ID.3,2844,24479
2025,12,Dezember,2025-12-01,MINI-VANS,MERCEDES,B-KLASSE,446,24721
2025,12,Dezember,2025-12-01,MINI-VANS,PEUGEOT,3008,839,24722
2025,12,Dezember,2025-12-01,MINI-VANS,RENAULT,SCENIC,148,24723
2025,12,Dezember,2025-12-01,MINIS,DACIA,SPRING,604,24380
2025,12,Dezember,2025-12-01,MINIS,FIAT,500,1537,24381
2025,12,Dezember,2025-12-01,MINIS,FIAT,PANDA,76,24382
2025,12,Dezember,2025-12-01,MINIS,HYUNDAI,I 10,828,24383
2025,12,Dezember,2025-12-01,MINIS,KIA,PICANTO,621,24384
2025,12,Dezember,2025-12-01,MINIS,LEAPMOTOR,T03,452,24385
2025,12,Dezember,2025-12-01,MINIS,SMART,FORTWO,1,24386
2025,12,Dezember,2025-12-01,MINIS,TOYOTA,AYGO,2880,24387
2025,12,Dezember,2025-12-01,MITTELKLASSE,ALFA ROMEO,ALFA 156,1,24480
2025,12,Dezember,2025-12-01,MITTELKLASSE,ALFA ROMEO,GIULIA,65,24481
2025,12,Dezember,2025-12-01,MITTELKLASSE,AUDI,A4,20,24482
2025,12,Dezember,2025-12-01,MITTELKLASSE,AUDI,A5,2873,24483
2025,12,Dezember,2025-12-01,MITTELKLASSE,BMW,3ER,2423,24484
2025,12,Dezember,2025-12-01,MITTELKLASSE,BMW,4ER,2091,24485
2025,12,Dezember,2025-12-01,MITTELKLASSE,BYD,SEAL,939,24486
2025,12,Dezember,2025-12-01,MITTELKLASSE,CITROEN,C5,520,24487
2025,12,Dezember,2025-12-01,MITTELKLASSE,GWM,ORA 07,4,24488
2025,12,Dezember,2025-12-01,MITTELKLASSE,HYUNDAI,IONIQ6,70,24489
2025,12,Dezember,2025-12-01,MITTELKLASSE,MAZDA,6,369,24490
2025,12,Dezember,2025-12-01,MITTELKLASSE,MERCEDES,C-KLASSE,1448,24491
2025,12,Dezember,2025-12-01,MITTELKLASSE,MERCEDES,CLA-KLASSE,2808,24492
2025,12,Dezember,2025-12-01,MITTELKLASSE,NIO,ET5,67,24493
2025,12,Dezember,2025-12-01,MITTELKLASSE,PEUGEOT,408,126,24494
2025,12,Dezember,2025-12-01,MITTELKLASSE,PEUGEOT,508,10,24495
2025,12,Dezember,2025-12-01,MITTELKLASSE,POLESTAR,2,180,24496
2025,12,Dezember,2025-12-01,MITTELKLASSE,SKODA,SUPERB,1233,24497
2025,12,Dezember,2025-12-01,MITTELKLASSE,TESLA,MODEL 3,674,24498
2025,12,Dezember,2025-12-01,MITTELKLASSE,TOGG,T10F,19,24499
2025,12,Dezember,2025-12-01,MITTELKLASSE,VOLVO,60,229,24500
2025,12,Dezember,2025-12-01,MITTELKLASSE,VW,ARTEON,4,24501
2025,12,Dezember,2025-12-01,MITTELKLASSE,VW,PASSAT,2908,24502
2025,12,Dezember,2025-12-01,OBERE MITTELKLASSE,AUDI,A6,4604,24503
2025,12,Dezember,2025-12-01,OBERE MITTELKLASSE,BMW,5ER,3923,24504
2025,12,Dezember,2025-12-01,OBERE MITTELKLASSE,HYUNDAI,G80,1,24505
2025,12,Dezember,2025-12-01,OBERE MITTELKLASSE,LEXUS,ES,24,24506
2025,12,Dezember,2025-12-01,OBERE MITTELKLASSE,MERCEDES,CLE,633,24507
2025,12,Dezember,2025-12-01,OBERE MITTELKLASSE,MERCEDES,E-KLASSE,2287,24508
2025,12,Dezember,2025-12-01,OBERE MITTELKLASSE,SUBARU,OUTBACK,58,24509
2025,12,Dezember,2025-12-01,OBERE MITTELKLASSE,VOLVO,90,69,24510
2025,12,Dezember,2025-12-01,OBERE MITTELKLASSE,VW,ID.7,2934,24511
2025,12,Dezember,2025-12-01,OBERE MITTELKLASSE,XPENG,P7,20,24512
2025,12,Dezember,2025-12-01,OBERE MITTELKLASSE,ZEEKR,001,6,24513
2025,12,Dezember,2025-12-01,OBERKLASSE,AUDI,A7,25,24514
2025,12,Dezember,2025-12-01,OBERKLASSE,AUDI,A8,101,24515
2025,12,Dezember,2025-12-01,OBERKLASSE,AUDI,E-TRON GT,73,24516
2025,12,Dezember,2025-12-01,OBERKLASSE,BENTLEY,CONTINENTAL,26,24517
2025,12,Dezember,2025-12-01,OBERKLASSE,BMW,7ER,315,24518
2025,12,Dezember,2025-12-01,OBERKLASSE,BMW,8ER,18,24519
2025,12,Dezember,2025-12-01,OBERKLASSE,LOTUS,EMEYA,15,24520
2025,12,Dezember,2025-12-01,OBERKLASSE,LUCID,AIR,8,24521
2025,12,Dezember,2025-12-01,OBERKLASSE,MERCEDES,CL-KLASSE,1,24522
2025,12,Dezember,2025-12-01,OBERKLASSE,MERCEDES,S-KLASSE,209,24523
2025,12,Dezember,2025-12-01,OBERKLASSE,PORSCHE,PANAMERA,99,24524
2025,12,Dezember,2025-12-01,OBERKLASSE,PORSCHE,TAYCAN,209,24525
2025,12,Dezember,2025-12-01,OBERKLASSE,ROLLS ROYCE,SPECTRE,5,24526
2025,12,Dezember,2025-12-01,OBERKLASSE,TESLA,MODEL S,15,24527
2025,12,Dezember,2025-12-01,SONSTIGE,ALPINE,SONSTIGE,11,24800
2025,12,Dezember,2025-12-01,SONSTIGE,ASTON MARTIN,SONSTIGE,37,24801
2025,12,Dezember,2025-12-01,SONSTIGE,AUDI,SONSTIGE,54,24802
2025,12,Dezember,2025-12-01,SONSTIGE,BMW,SONSTIGE,110,24803
2025,12,Dezember,2025-12-01,SONSTIGE,DACIA,SONSTIGE,2,24804
2025,12,Dezember,2025-12-01,SONSTIGE,FERRARI,SONSTIGE,6,24805
2025,12,Dezember,2025-12-01,SONSTIGE,FORD,SONSTIGE,5,24806
2025,12,Dezember,2025-12-01,SONSTIGE,HYUNDAI,SONSTIGE,4,24807
2025,12,Dezember,2025-12-01,SONSTIGE,KIA,SONSTIGE,6,24808
2025,12,Dezember,2025-12-01,SONSTIGE,LAMBORGHINI,SONSTIGE,12,24809
2025,12,Dezember,2025-12-01,SONSTIGE,LOTUS,SONSTIGE,1,24810
2025,12,Dezember,2025-12-01,SONSTIGE,MAXUS,SONSTIGE,1,24811
2025,12,Dezember,2025-12-01,SONSTIGE,MERCEDES,SONSTIGE,6,24812
2025,12,Dezember,2025-12-01,SONSTIGE,MORGAN,SONSTIGE,4,24813
2025,12,Dezember,2025-12-01,SONSTIGE,PORSCHE,SONSTIGE,29,24814
2025,12,Dezember,2025-12-01,SONSTIGE,ROLLS ROYCE,SONSTIGE,31,24815
2025,12,Dezember,2025-12-01,SONSTIGE,SEAT,SONSTIGE,6,24816
2025,12,Dezember,2025-12-01,SONSTIGE,SKODA,SONSTIGE,1,24817
2025,12,Dezember,2025-12-01,SONSTIGE,SONSTIGE,SONSTIGE,1060,24818
2025,12,Dezember,2025-12-01,SONSTIGE,SUZUKI,SONSTIGE,26,24819
2025,12,Dezember,2025-12-01,SONSTIGE,VW,SONSTIGE,33,24820
2025,12,Dezember,2025-12-01,SPORTWAGEN,ALPINE,A110,14,24704
2025,12,Dezember,2025-12-01,SPORTWAGEN,BMW,Z4,133,24705
2025,12,Dezember,2025-12-01,SPORTWAGEN,FERRARI,12CILINDRI,14,24706
2025,12,Dezember,2025-12-01,SPORTWAGEN,FERRARI,296,21,24707
2025,12,Dezember,2025-12-01,SPORTWAGEN,FERRARI,ROMA,19,24708
2025,12,Dezember,2025-12-01,SPORTWAGEN,FERRARI,SF90,17,24709
2025,12,Dezember,2025-12-01,SPORTWAGEN,FORD,MUSTANG,77,24710
2025,12,Dezember,2025-12-01,SPORTWAGEN,LOTUS,EMIRA,7,24711
2025,12,Dezember,2025-12-01,SPORTWAGEN,MASERATI,GRANTURISMO,1,24712
2025,12,Dezember,2025-12-01,SPORTWAGEN,MERCEDES,AMG GT,59,24713
2025,12,Dezember,2025-12-01,SPORTWAGEN,MERCEDES,SL,33,24714
2025,12,Dezember,2025-12-01,SPORTWAGEN,MERCEDES,"SLK, SLC",1,24715
2025,12,Dezember,2025-12-01,SPORTWAGEN,MG ROEWE,CYBERSTER,15,24716
2025,12,Dezember,2025-12-01,SPORTWAGEN,PORSCHE,911,381,24717
2025,12,Dezember,2025-12-01,SPORTWAGEN,PORSCHE,CAYMAN,14,24718
2025,12,Dezember,2025-12-01,SPORTWAGEN,SONSTIGE,SONSTIGE,1,24719
2025,12,Dezember,2025-12-01,SPORTWAGEN,TOYOTA,SUPRA,6,24720
2025,12,Dezember,2025-12-01,SUVs,ALFA ROMEO,JUNIOR,265,24528
2025,12,Dezember,2025-12-01,SUVs,ALFA ROMEO,STELVIO,116,24529
2025,12,Dezember,2025-12-01,SUVs,ALFA ROMEO,TONALE,83,24530
2025,12,Dezember,2025-12-01,SUVs,AUDI,Q2,915,24531
2025,12,Dezember,2025-12-01,SUVs,AUDI,Q4,754,24532
2025,12,Dezember,2025-12-01,SUVs,AUDI,Q6,1714,24533
2025,12,Dezember,2025-12-01,SUVs,BMW,IX,617,24534
2025,12,Dezember,2025-12-01,SUVs,BMW,X1,5361,24535
2025,12,Dezember,2025-12-01,SUVs,BMW,X2,596,24536
2025,12,Dezember,2025-12-01,SUVs,BMW,XM,22,24537
2025,12,Dezember,2025-12-01,SUVs,BYD,ATTO 2,297,24538
2025,12,Dezember,2025-12-01,SUVs,BYD,ATTO 3,74,24539
2025,12,Dezember,2025-12-01,SUVs,BYD,SEAL U,1295,24540
2025,12,Dezember,2025-12-01,SUVs,BYD,SEALION 7,546,24541
2025,12,Dezember,2025-12-01,SUVs,BYD,TANG,14,24542
2025,12,Dezember,2025-12-01,SUVs,DACIA,BIGSTER,2145,24543
2025,12,Dezember,2025-12-01,SUVs,DACIA,DUSTER,1438,24544
2025,12,Dezember,2025-12-01,SUVs,DEEPAL,S05,2,24545
2025,12,Dezember,2025-12-01,SUVs,DEEPAL,S07,2,24546
2025,12,Dezember,2025-12-01,SUVs,DS,7,136,24547
2025,12,Dezember,2025-12-01,SUVs,FERRARI,PUROSANGUE,34,24548
2025,12,Dezember,2025-12-01,SUVs,FIAT,600,418,24549
2025,12,Dezember,2025-12-01,SUVs,FORD,CAPRI,500,24550
2025,12,Dezember,2025-12-01,SUVs,FORD,EXPLORER,1282,24551
2025,12,Dezember,2025-12-01,SUVs,FORD,KUGA,1199,24552
2025,12,Dezember,2025-12-01,SUVs,FORD,MUSTANG MACH-E,103,24553
2025,12,Dezember,2025-12-01,SUVs,GWM,WEY 03,6,24554
2025,12,Dezember,2025-12-01,SUVs,GWM,WEY 05,20,24555
2025,12,Dezember,2025-12-01,SUVs,HONDA,CR-V,119,24556
2025,12,Dezember,2025-12-01,SUVs,HONDA,E:NY1,5,24557
2025,12,Dezember,2025-12-01,SUVs,HONDA,HR-V,102,24558
2025,12,Dezember,2025-12-01,SUVs,HONDA,ZR-V,124,24559
2025,12,Dezember,2025-12-01,SUVs,HYUNDAI,BAYON,315,24560
2025,12,Dezember,2025-12-01,SUVs,HYUNDAI,GV60,37,24561
2025,12,Dezember,2025-12-01,SUVs,HYUNDAI,GV70,35,24562
2025,12,Dezember,2025-12-01,SUVs,HYUNDAI,IONIQ 9,125,24563
2025,12,Dezember,2025-12-01,SUVs,HYUNDAI,IONIQ5,354,24564
2025,12,Dezember,2025-12-01,SUVs,HYUNDAI,KONA,1098,24565
2025,12,Dezember,2025-12-01,SUVs,HYUNDAI,TUCSON,2489,24566
2025,12,Dezember,2025-12-01,SUVs,JAECOO,7,14,24567
2025,12,Dezember,2025-12-01,SUVs,JEEP,AVENGER,557,24568
2025,12,Dezember,2025-12-01,SUVs,KGM,ACTYON,39,24569
2025,12,Dezember,2025-12-01,SUVs,KGM,KORANDO,22,24570
2025,12,Dezember,2025-12-01,SUVs,KGM,TIVOLI,58,24571
2025,12,Dezember,2025-12-01,SUVs,KGM,TORRES,40,24572
2025,12,Dezember,2025-12-01,SUVs,KIA,EV3,663,24573
2025,12,Dezember,2025-12-01,SUVs,KIA,EV5,20,24574
2025,12,Dezember,2025-12-01,SUVs,KIA,EV6,214,24575
2025,12,Dezember,2025-12-01,SUVs,KIA,EV9,95,24576
2025,12,Dezember,2025-12-01,SUVs,KIA,NIRO,77,24577
2025,12,Dezember,2025-12-01,SUVs,KIA,SPORTAGE,753,24578
2025,12,Dezember,2025-12-01,SUVs,KIA,STONIC,234,24579
2025,12,Dezember,2025-12-01,SUVs,LADA,NIVA,1,24580
2025,12,Dezember,2025-12-01,SUVs,LEAPMOTOR,B10,169,24581
2025,12,Dezember,2025-12-01,SUVs,LEAPMOTOR,C10,230,24582
2025,12,Dezember,2025-12-01,SUVs,LEXUS,LBX,64,24583
2025,12,Dezember,2025-12-01,SUVs,LEXUS,NX,36,24584
2025,12,Dezember,2025-12-01,SUVs,LEXUS,RX,34,24585
2025,12,Dezember,2025-12-01,SUVs,LEXUS,RZ,4,24586
2025,12,Dezember,2025-12-01,SUVs,LEXUS,UX,23,24587
2025,12,Dezember,2025-12-01,SUVs,LOTUS,ELETRE,16,24588
2025,12,Dezember,2025-12-01,SUVs,LUCID,GRAVITY,4,24589
2025,12,Dezember,2025-12-01,SUVs,LYNK & CO,01,18,24590
2025,12,Dezember,2025-12-01,SUVs,LYNK & CO,02,6,24591
2025,12,Dezember,2025-12-01,SUVs,LYNK & CO,08,21,24592
2025,12,Dezember,2025-12-01,SUVs,MASERATI,GRECALE,20,24593
2025,12,Dezember,2025-12-01,SUVs,MAZDA,CX-30,1773,24594
2025,12,Dezember,2025-12-01,SUVs,MAZDA,CX-5,2,24595
2025,12,Dezember,2025-12-01,SUVs,MAZDA,CX-60,784,24596
2025,12,Dezember,2025-12-01,SUVs,MAZDA,CX-80,283,24597
2025,12,Dezember,2025-12-01,SUVs,MAZDA,MX-30,17,24598
2025,12,Dezember,2025-12-01,SUVs,MERCEDES,GLA,1704,24599
2025,12,Dezember,2025-12-01,SUVs,MERCEDES,GLB,760,24600
2025,12,Dezember,2025-12-01,SUVs,MERCEDES,"GLK, GLC",3461,24601
2025,12,Dezember,2025-12-01,SUVs,MG ROEWE,RX6,706,24602
2025,12,Dezember,2025-12-01,SUVs,MG ROEWE,S5,71,24603
2025,12,Dezember,2025-12-01,SUVs,MG ROEWE,ZS,897,24604
2025,12,Dezember,2025-12-01,SUVs,MITSUBISHI,ASX,381,24605
2025,12,Dezember,2025-12-01,SUVs,MITSUBISHI,ECLIPSE CROSS,58,24606
2025,12,Dezember,2025-12-01,SUVs,MITSUBISHI,GRANDIS,31,24607
2025,12,Dezember,2025-12-01,SUVs,MITSUBISHI,OUTLANDER,152,24608
2025,12,Dezember,2025-12-01,SUVs,NIO,EL6,20,24609
2025,12,Dezember,2025-12-01,SUVs,NIO,ES8,2,24610
2025,12,Dezember,2025-12-01,SUVs,NISSAN,ARIYA,41,24611
2025,12,Dezember,2025-12-01,SUVs,NISSAN,QASHQAI,950,24612
2025,12,Dezember,2025-12-01,SUVs,OMODA,5,54,24613
2025,12,Dezember,2025-12-01,SUVs,OPEL,FRONTERA,1353,24614
2025,12,Dezember,2025-12-01,SUVs,OPEL,GRANDLAND X,2245,24615
2025,12,Dezember,2025-12-01,SUVs,OPEL,MOKKA,1799,24616
2025,12,Dezember,2025-12-01,SUVs,PEUGEOT,2008,836,24617
2025,12,Dezember,2025-12-01,SUVs,POLESTAR,3,13,24618
2025,12,Dezember,2025-12-01,SUVs,POLESTAR,4,588,24619
2025,12,Dezember,2025-12-01,SUVs,RENAULT,ARKANA,190,24620
2025,12,Dezember,2025-12-01,SUVs,RENAULT,AUSTRAL,1447,24621
2025,12,Dezember,2025-12-01,SUVs,RENAULT,CAPTUR,912,24622
2025,12,Dezember,2025-12-01,SUVs,RENAULT,RAFALE,254,24623
2025,12,Dezember,2025-12-01,SUVs,RENAULT,SYMBIOZ,324,24624
2025,12,Dezember,2025-12-01,SUVs,SEAT,ARONA,1311,24625
2025,12,Dezember,2025-12-01,SUVs,SEAT,ATECA,1141,24626
2025,12,Dezember,2025-12-01,SUVs,SEAT,FORMENTOR,1731,24627
2025,12,Dezember,2025-12-01,SUVs,SEAT,TAVASCAN,1853,24628
2025,12,Dezember,2025-12-01,SUVs,SEAT,TERRAMAR,1173,24629
2025,12,Dezember,2025-12-01,SUVs,SKODA,ELROQ,2895,24630
2025,12,Dezember,2025-12-01,SUVs,SKODA,ENYAQ,1999,24631
2025,12,Dezember,2025-12-01,SUVs,SKODA,KAMIQ,1569,24632
2025,12,Dezember,2025-12-01,SUVs,SKODA,KAROQ,1905,24633
2025,12,Dezember,2025-12-01,SUVs,SMART,1,130,24634
2025,12,Dezember,2025-12-01,SUVs,SMART,3,131,24635
2025,12,Dezember,2025-12-01,SUVs,SMART,5,368,24636
2025,12,Dezember,2025-12-01,SUVs,SUBARU,CROSSTREK,107,24637
2025,12,Dezember,2025-12-01,SUVs,SUBARU,UNCHARTED,1,24638
2025,12,Dezember,2025-12-01,SUVs,SUZUKI,ACROSS,21,24639
2025,12,Dezember,2025-12-01,SUVs,SUZUKI,SX4,116,24640
2025,12,Dezember,2025-12-01,SUVs,SUZUKI,VITARA,488,24641
2025,12,Dezember,2025-12-01,SUVs,TESLA,MODEL X,15,24642
2025,12,Dezember,2025-12-01,SUVs,TESLA,MODEL Y,1328,24643
2025,12,Dezember,2025-12-01,SUVs,TOGG,T10X,76,24644
2025,12,Dezember,2025-12-01,SUVs,TOYOTA,BZ4,182,24645
2025,12,Dezember,2025-12-01,SUVs,TOYOTA,C-HR,1047,24646
2025,12,Dezember,2025-12-01,SUVs,TOYOTA,RAV 4,620,24647
2025,12,Dezember,2025-12-01,SUVs,VINFAST,VF 6,33,24648
2025,12,Dezember,2025-12-01,SUVs,VINFAST,VF 8,6,24649
2025,12,Dezember,2025-12-01,SUVs,VOLVO,C40,33,24650
2025,12,Dezember,2025-12-01,SUVs,VOLVO,EX30,323,24651
2025,12,Dezember,2025-12-01,SUVs,VOLVO,EX90,158,24652
2025,12,Dezember,2025-12-01,SUVs,VW,"ID.4, ID.5",1146,24653
2025,12,Dezember,2025-12-01,SUVs,VW,T-CROSS,3017,24654
2025,12,Dezember,2025-12-01,SUVs,VW,T-ROC,4713,24655
2025,12,Dezember,2025-12-01,SUVs,VW,TAIGO,1578,24656
2025,12,Dezember,2025-12-01,SUVs,VW,TAYRON,2695,24657
2025,12,Dezember,2025-12-01,SUVs,XPENG,G6,242,24658
2025,12,Dezember,2025-12-01,SUVs,XPENG,G9,164,24659
2025,12,Dezember,2025-12-01,SUVs,ZEEKR,7X,4,24660
2025,12,Dezember,2025-12-01,SUVs,ZEEKR,X,6,24661
2025,12,Dezember,2025-12-01,UTILITIES,CITROEN,BERLINGO,47,24731
2025,12,Dezember,2025-12-01,UTILITIES,CITROEN,JUMPER,5,24732
2025,12,Dezember,2025-12-01,UTILITIES,CITROEN,JUMPY,284,24733
2025,12,Dezember,2025-12-01,UTILITIES,FIAT,DOBLO,6,24734
2025,12,Dezember,2025-12-01,UTILITIES,FIAT,DUCATO,27,24735
2025,12,Dezember,2025-12-01,UTILITIES,FORD,TRANSIT CONNECT,405,24736
2025,12,Dezember,2025-12-01,UTILITIES,FORD,TRANSIT COURIER,282,24737
2025,12,Dezember,2025-12-01,UTILITIES,FORD,TRANSIT CUSTOM,1180,24738
2025,12,Dezember,2025-12-01,UTILITIES,FORD,"TRANSIT, TOURNEO",178,24739
2025,12,Dezember,2025-12-01,UTILITIES,HYUNDAI,STARIA,138,24740
2025,12,Dezember,2025-12-01,UTILITIES,IVECO,DAILY,2,24741
2025,12,Dezember,2025-12-01,UTILITIES,KIA,PV5,103,24742
2025,12,Dezember,2025-12-01,UTILITIES,MAN,TGE,107,24743
2025,12,Dezember,2025-12-01,UTILITIES,MERCEDES,CITAN,596,24744
2025,12,Dezember,2025-12-01,UTILITIES,MERCEDES,SPRINTER,281,24745
2025,12,Dezember,2025-12-01,UTILITIES,MERCEDES,VITO,616,24746
2025,12,Dezember,2025-12-01,UTILITIES,NISSAN,PRIMASTAR,63,24747
2025,12,Dezember,2025-12-01,UTILITIES,NISSAN,TOWNSTAR,217,24748
2025,12,Dezember,2025-12-01,UTILITIES,OPEL,COMBO,43,24749
2025,12,Dezember,2025-12-01,UTILITIES,OPEL,MOVANO,2,24750
2025,12,Dezember,2025-12-01,UTILITIES,OPEL,ZAFIRA LIFE,171,24751
2025,12,Dezember,2025-12-01,UTILITIES,PEUGEOT,BOXER,2,24752
2025,12,Dezember,2025-12-01,UTILITIES,PEUGEOT,EXPERT,169,24753
2025,12,Dezember,2025-12-01,UTILITIES,PEUGEOT,RIFTER,54,24754
2025,12,Dezember,2025-12-01,UTILITIES,RENAULT,KANGOO,315,24755
2025,12,Dezember,2025-12-01,UTILITIES,RENAULT,MASTER,3,24756
2025,12,Dezember,2025-12-01,UTILITIES,RENAULT,TRAFIC,185,24757
2025,12,Dezember,2025-12-01,UTILITIES,TOYOTA,PROACE,174,24758
2025,12,Dezember,2025-12-01,UTILITIES,VW,CADDY,1280,24759
2025,12,Dezember,2025-12-01,UTILITIES,VW,CRAFTER,99,24760
2025,12,Dezember,2025-12-01,UTILITIES,VW,ID. BUZZ,635,24761
2025,12,Dezember,2025-12-01,UTILITIES,VW,TRANSPORTER,2873,24762
2025,12,Dezember,2025-12-01,WOHNMOBILE,CITROEN,JUMPER,345,24763
2025,12,Dezember,2025-12-01,WOHNMOBILE,CITROEN,JUMPY,17,24764
2025,12,Dezember,2025-12-01,WOHNMOBILE,FIAT,DUCATO,1167,24765
2025,12,Dezember,2025-12-01,WOHNMOBILE,FIAT,ULYSSE,1,24766
2025,12,Dezember,2025-12-01,WOHNMOBILE,FORD,SONSTIGE,19,24767
2025,12,Dezember,2025-12-01,WOHNMOBILE,FORD,TRANSIT CUSTOM,321,24768
2025,12,Dezember,2025-12-01,WOHNMOBILE,FORD,"TRANSIT, TOURNEO",239,24769
2025,12,Dezember,2025-12-01,WOHNMOBILE,IVECO,DAILY,50,24770
2025,12,Dezember,2025-12-01,WOHNMOBILE,IVECO,EUROCARGO,2,24771
2025,12,Dezember,2025-12-01,WOHNMOBILE,IVECO,SONSTIGE,2,24772
2025,12,Dezember,2025-12-01,WOHNMOBILE,IVECO,STRALIS,4,24773
2025,12,Dezember,2025-12-01,WOHNMOBILE,MAN,TGE,27,24774
2025,12,Dezember,2025-12-01,WOHNMOBILE,MAN,TGM,8,24775
2025,12,Dezember,2025-12-01,WOHNMOBILE,MAN,TGS,1,24776
2025,12,Dezember,2025-12-01,WOHNMOBILE,MAN,TGX,1,24777
2025,12,Dezember,2025-12-01,WOHNMOBILE,MERCEDES,AROCS,4,24778
2025,12,Dezember,2025-12-01,WOHNMOBILE,MERCEDES,ATEGO,4,24779
2025,12,Dezember,2025-12-01,WOHNMOBILE,MERCEDES,SPRINTER,327,24780
2025,12,Dezember,2025-12-01,WOHNMOBILE,MERCEDES,V-KLASSE,80,24781
2025,12,Dezember,2025-12-01,WOHNMOBILE,MERCEDES,VITO,5,24782
2025,12,Dezember,2025-12-01,WOHNMOBILE,MITSUBISHI,SONSTIGE,41,24783
2025,12,Dezember,2025-12-01,WOHNMOBILE,NISSAN,PRIMASTAR,6,24784
2025,12,Dezember,2025-12-01,WOHNMOBILE,NISSAN,SONSTIGE,5,24785
2025,12,Dezember,2025-12-01,WOHNMOBILE,OPEL,MOVANO,14,24786
2025,12,Dezember,2025-12-01,WOHNMOBILE,OPEL,VIVARO,2,24787
2025,12,Dezember,2025-12-01,WOHNMOBILE,PEUGEOT,BOXER,98,24788
2025,12,Dezember,2025-12-01,WOHNMOBILE,PEUGEOT,EXPERT,6,24789
2025,12,Dezember,2025-12-01,WOHNMOBILE,PEUGEOT,RIFTER,2,24790
2025,12,Dezember,2025-12-01,WOHNMOBILE,RENAULT,MASTER,39,24791
2025,12,Dezember,2025-12-01,WOHNMOBILE,RENAULT,SONSTIGE,1,24792
2025,12,Dezember,2025-12-01,WOHNMOBILE,RENAULT,TRAFIC,20,24793
2025,12,Dezember,2025-12-01,WOHNMOBILE,SONSTIGE,SONSTIGE,41,24794
2025,12,Dezember,2025-12-01,WOHNMOBILE,TOYOTA,HILUX,1,24795
2025,12,Dezember,2025-12-01,WOHNMOBILE,VOLVO,FH,1,24796
2025,12,Dezember,2025-12-01,WOHNMOBILE,VW,CADDY,3,24797
2025,12,Dezember,2025-12-01,WOHNMOBILE,VW,CRAFTER,287,24798
2025,12,Dezember,2025-12-01,WOHNMOBILE,VW,TRANSPORTER,570,24799
